This file contains any messages produced by compilers while
running configure, to aid debugging if configure makes a mistake.

It was created by sntp configure 4.2.8p18, which was
generated by GNU Autoconf 2.72.  Invocation command line was

  $ ./configure --disable-option-checking --prefix=/usr --libexecdir=/usr/lib 'CFLAGS=-march=x86-64 -mtune=generic -O2 -pipe -fno-plt -fexceptions         -Wp,-D_FORTIFY_SOURCE=3 -Wformat -Werror=format-security         -fstack-clash-protection -fcf-protection         -fno-omit-frame-pointer -mno-omit-leaf-frame-pointer -Wno-incompatible-pointer-types -g -ffile-prefix-map=/home/esteban/Escritorio/hack_the_box/machines/administrator/tools/ntpdate/src=/usr/src/debug/ntpdate -flto=auto' 'CXXFLAGS=-march=x86-64 -mtune=generic -O2 -pipe -fno-plt -fexceptions         -Wp,-D_FORTIFY_SOURCE=3 -Wformat -Werror=format-security         -fstack-clash-protection -fcf-protection         -fno-omit-frame-pointer -mno-omit-leaf-frame-pointer -Wp,-D_GLIBCXX_ASSERTIONS -Wno-incompatible-pointer-types -g -ffile-prefix-map=/home/esteban/Escritorio/hack_the_box/machines/administrator/tools/ntpdate/src=/usr/src/debug/ntpdate -flto=auto' 'LDFLAGS=-Wl,-O1 -Wl,--sort-common -Wl,--as-needed -Wl,-z,relro -Wl,-z,now          -Wl,-z,pack-relative-relocs -flto=auto' --cache-file=/dev/null --srcdir=. --no-create --no-recursion

## --------- ##
## Platform. ##
## --------- ##

hostname = Crevasse
uname -m = x86_64
uname -r = 6.17.7-arch1-1
uname -s = Linux
uname -v = #1 SMP PREEMPT_DYNAMIC Sun, 02 Nov 2025 17:27:22 +0000

/usr/bin/uname -p = unknown
/bin/uname -X     = unknown

/bin/arch              = unknown
/usr/bin/arch -k       = unknown
/usr/convex/getsysinfo = unknown
/usr/bin/hostinfo      = unknown
/bin/machine           = unknown
/usr/bin/oslevel       = unknown
/bin/universe          = unknown

PATH: /usr/local/sbin/
PATH: /usr/local/bin/
PATH: /usr/bin/
PATH: /usr/lib/jvm/default/bin/
PATH: /usr/bin/site_perl/
PATH: /usr/bin/vendor_perl/
PATH: /usr/bin/core_perl/


## ----------- ##
## Core tests. ##
## ----------- ##

configure:3062: looking for aux files: ltmain.sh ar-lib compile config.guess config.sub missing install-sh
configure:3075:  trying ./libevent/build-aux/
configure:3104:   ./libevent/build-aux/ltmain.sh found
configure:3104:   ./libevent/build-aux/ar-lib found
configure:3104:   ./libevent/build-aux/compile found
configure:3104:   ./libevent/build-aux/config.guess found
configure:3104:   ./libevent/build-aux/config.sub found
configure:3104:   ./libevent/build-aux/missing found
configure:3086:   ./libevent/build-aux/install-sh found
configure:3368: checking for a BSD-compatible install
configure:3442: result: /usr/bin/install -c
configure:3453: checking whether sleep supports fractional seconds
configure:3469: result: yes
configure:3472: checking filesystem timestamp resolution
configure:3607: result: 0.01
configure:3612: checking whether build environment is sane
configure:3657: result: yes
configure:3828: checking for a race-free mkdir -p
configure:3871: result: /usr/bin/mkdir -p
configure:3878: checking for gawk
configure:3899: found /usr/bin/gawk
configure:3911: result: gawk
configure:3922: checking whether make sets $(MAKE)
configure:3946: result: yes
configure:3972: checking whether make supports nested variables
configure:3991: result: yes
configure:4005: checking xargs -n works
configure:4021: result: yes
configure:4106: checking whether UID '1000' is supported by ustar format
configure:4112: result: yes
configure:4119: checking whether GID '1000' is supported by ustar format
configure:4125: result: yes
configure:4133: checking how to create a ustar tar archive
configure:4144: tar --version
tar (GNU tar) 1.35
Copyright (C) 2023 Free Software Foundation, Inc.
License GPLv3+: GNU GPL version 3 or later <https://gnu.org/licenses/gpl.html>.
This is free software: you are free to change and redistribute it.
There is NO WARRANTY, to the extent permitted by law.

Written by John Gilmore and Jay Fenlason.
configure:4147: $? = 0
configure:4187: tardir=conftest.dir && eval tar --format=ustar -chf - "$tardir" >conftest.tar
configure:4190: $? = 0
configure:4194: tar -xf - <conftest.tar
configure:4197: $? = 0
configure:4199: cat conftest.dir/file
GrepMe
configure:4202: $? = 0
configure:4217: result: gnutar
configure:4255: checking build system type
configure:4271: result: x86_64-pc-linux-gnu
configure:4291: checking host system type
configure:4306: result: x86_64-pc-linux-gnu
configure:4345: checking whether make supports the include directive
configure:4360: make -f confmf.GNU && cat confinc.out
make[3]: Entering directory '/home/esteban/Escritorio/hack_the_box/machines/administrator/tools/ntpdate/src/ntp-4.2.8p18/sntp'
make[3]: Leaving directory '/home/esteban/Escritorio/hack_the_box/machines/administrator/tools/ntpdate/src/ntp-4.2.8p18/sntp'
this is the am__doit target
configure:4363: $? = 0
configure:4382: result: yes (GNU style)
configure:4478: checking for cc
configure:4499: found /usr/bin/cc
configure:4511: result: cc
configure:4542: checking for C compiler version
configure:4551: cc --version >&5
cc (GCC) 15.2.1 20250813
Copyright (C) 2025 Free Software Foundation, Inc.
This is free software; see the source for copying conditions.  There is NO
warranty; not even for MERCHANTABILITY or FITNESS FOR A PARTICULAR PURPOSE.

configure:4562: $? = 0
configure:4551: cc -v >&5
Using built-in specs.
COLLECT_GCC=cc
COLLECT_LTO_WRAPPER=/usr/lib/gcc/x86_64-pc-linux-gnu/15.2.1/lto-wrapper
Target: x86_64-pc-linux-gnu
Configured with: /build/gcc/src/gcc/configure --enable-languages=ada,c,c++,d,fortran,go,lto,m2,objc,obj-c++,rust,cobol --enable-bootstrap --prefix=/usr --libdir=/usr/lib --libexecdir=/usr/lib --mandir=/usr/share/man --infodir=/usr/share/info --with-bugurl=https://gitlab.archlinux.org/archlinux/packaging/packages/gcc/-/issues --with-build-config=bootstrap-lto --with-linker-hash-style=gnu --with-system-zlib --enable-__cxa_atexit --enable-cet=auto --enable-checking=release --enable-clocale=gnu --enable-default-pie --enable-default-ssp --enable-gnu-indirect-function --enable-gnu-unique-object --enable-libstdcxx-backtrace --enable-link-serialization=1 --enable-linker-build-id --enable-lto --enable-multilib --enable-plugin --enable-shared --enable-threads=posix --disable-libssp --disable-libstdcxx-pch --disable-werror
Thread model: posix
Supported LTO compression algorithms: zlib zstd
gcc version 15.2.1 20250813 (GCC) 
configure:4562: $? = 0
configure:4551: cc -V >&5
cc: error: unrecognized command-line option '-V'
cc: fatal error: no input files
compilation terminated.
configure:4562: $? = 1
configure:4551: cc -qversion >&5
cc: error: unrecognized command-line option '-qversion'; did you mean '--version'?
cc: fatal error: no input files
compilation terminated.
configure:4562: $? = 1
configure:4551: cc -version >&5
cc: error: unrecognized command-line option '-version'
cc: fatal error: no input files
compilation terminated.
configure:4562: $? = 1
configure:4582: checking whether the C compiler works
configure:4604: cc -march=x86-64 -mtune=generic -O2 -pipe -fno-plt -fexceptions         -Wp,-D_FORTIFY_SOURCE=3 -Wformat -Werror=format-security         -fstack-clash-protection -fcf-protection         -fno-omit-frame-pointer -mno-omit-leaf-frame-pointer -Wno-incompatible-pointer-types -g -ffile-prefix-map=/home/esteban/Escritorio/hack_the_box/machines/administrator/tools/ntpdate/src=/usr/src/debug/ntpdate -flto=auto  -Wl,-O1 -Wl,--sort-common -Wl,--as-needed -Wl,-z,relro -Wl,-z,now          -Wl,-z,pack-relative-relocs -flto=auto conftest.c  >&5
configure:4608: $? = 0
configure:4659: result: yes
configure:4663: checking for C compiler default output file name
configure:4665: result: a.out
configure:4671: checking for suffix of executables
configure:4678: cc -o conftest -march=x86-64 -mtune=generic -O2 -pipe -fno-plt -fexceptions         -Wp,-D_FORTIFY_SOURCE=3 -Wformat -Werror=format-security         -fstack-clash-protection -fcf-protection         -fno-omit-frame-pointer -mno-omit-leaf-frame-pointer -Wno-incompatible-pointer-types -g -ffile-prefix-map=/home/esteban/Escritorio/hack_the_box/machines/administrator/tools/ntpdate/src=/usr/src/debug/ntpdate -flto=auto  -Wl,-O1 -Wl,--sort-common -Wl,--as-needed -Wl,-z,relro -Wl,-z,now          -Wl,-z,pack-relative-relocs -flto=auto conftest.c  >&5
configure:4682: $? = 0
configure:4706: result: 
configure:4730: checking whether we are cross compiling
configure:4738: cc -o conftest -march=x86-64 -mtune=generic -O2 -pipe -fno-plt -fexceptions         -Wp,-D_FORTIFY_SOURCE=3 -Wformat -Werror=format-security         -fstack-clash-protection -fcf-protection         -fno-omit-frame-pointer -mno-omit-leaf-frame-pointer -Wno-incompatible-pointer-types -g -ffile-prefix-map=/home/esteban/Escritorio/hack_the_box/machines/administrator/tools/ntpdate/src=/usr/src/debug/ntpdate -flto=auto  -Wl,-O1 -Wl,--sort-common -Wl,--as-needed -Wl,-z,relro -Wl,-z,now          -Wl,-z,pack-relative-relocs -flto=auto conftest.c  >&5
configure:4742: $? = 0
configure:4749: ./conftest
configure:4753: $? = 0
configure:4768: result: no
configure:4774: checking for suffix of object files
configure:4797: cc -c -march=x86-64 -mtune=generic -O2 -pipe -fno-plt -fexceptions         -Wp,-D_FORTIFY_SOURCE=3 -Wformat -Werror=format-security         -fstack-clash-protection -fcf-protection         -fno-omit-frame-pointer -mno-omit-leaf-frame-pointer -Wno-incompatible-pointer-types -g -ffile-prefix-map=/home/esteban/Escritorio/hack_the_box/machines/administrator/tools/ntpdate/src=/usr/src/debug/ntpdate -flto=auto  conftest.c >&5
configure:4801: $? = 0
configure:4825: result: o
configure:4829: checking whether the compiler supports GNU C
configure:4849: cc -c -march=x86-64 -mtune=generic -O2 -pipe -fno-plt -fexceptions         -Wp,-D_FORTIFY_SOURCE=3 -Wformat -Werror=format-security         -fstack-clash-protection -fcf-protection         -fno-omit-frame-pointer -mno-omit-leaf-frame-pointer -Wno-incompatible-pointer-types -g -ffile-prefix-map=/home/esteban/Escritorio/hack_the_box/machines/administrator/tools/ntpdate/src=/usr/src/debug/ntpdate -flto=auto  conftest.c >&5
configure:4849: $? = 0
configure:4861: result: yes
configure:4872: checking whether cc accepts -g
configure:4893: cc -c -g  conftest.c >&5
configure:4893: $? = 0
configure:4940: result: yes
configure:4960: checking for cc option to enable C11 features
configure:4975: cc  -c -march=x86-64 -mtune=generic -O2 -pipe -fno-plt -fexceptions         -Wp,-D_FORTIFY_SOURCE=3 -Wformat -Werror=format-security         -fstack-clash-protection -fcf-protection         -fno-omit-frame-pointer -mno-omit-leaf-frame-pointer -Wno-incompatible-pointer-types -g -ffile-prefix-map=/home/esteban/Escritorio/hack_the_box/machines/administrator/tools/ntpdate/src=/usr/src/debug/ntpdate -flto=auto  conftest.c >&5
configure:4975: $? = 0
configure:4994: result: none needed
configure:5118: checking whether cc understands -c and -o together
configure:5141: cc -c conftest.c -o conftest2.o
configure:5144: $? = 0
configure:5141: cc -c conftest.c -o conftest2.o
configure:5144: $? = 0
configure:5160: result: yes
configure:5179: checking dependency style of cc
configure:5292: result: gcc3
configure:5315: checking for stdio.h
configure:5315: cc -c -march=x86-64 -mtune=generic -O2 -pipe -fno-plt -fexceptions         -Wp,-D_FORTIFY_SOURCE=3 -Wformat -Werror=format-security         -fstack-clash-protection -fcf-protection         -fno-omit-frame-pointer -mno-omit-leaf-frame-pointer -Wno-incompatible-pointer-types -g -ffile-prefix-map=/home/esteban/Escritorio/hack_the_box/machines/administrator/tools/ntpdate/src=/usr/src/debug/ntpdate -flto=auto  conftest.c >&5
configure:5315: $? = 0
configure:5315: result: yes
configure:5315: checking for stdlib.h
configure:5315: cc -c -march=x86-64 -mtune=generic -O2 -pipe -fno-plt -fexceptions         -Wp,-D_FORTIFY_SOURCE=3 -Wformat -Werror=format-security         -fstack-clash-protection -fcf-protection         -fno-omit-frame-pointer -mno-omit-leaf-frame-pointer -Wno-incompatible-pointer-types -g -ffile-prefix-map=/home/esteban/Escritorio/hack_the_box/machines/administrator/tools/ntpdate/src=/usr/src/debug/ntpdate -flto=auto  conftest.c >&5
configure:5315: $? = 0
configure:5315: result: yes
configure:5315: checking for string.h
configure:5315: cc -c -march=x86-64 -mtune=generic -O2 -pipe -fno-plt -fexceptions         -Wp,-D_FORTIFY_SOURCE=3 -Wformat -Werror=format-security         -fstack-clash-protection -fcf-protection         -fno-omit-frame-pointer -mno-omit-leaf-frame-pointer -Wno-incompatible-pointer-types -g -ffile-prefix-map=/home/esteban/Escritorio/hack_the_box/machines/administrator/tools/ntpdate/src=/usr/src/debug/ntpdate -flto=auto  conftest.c >&5
configure:5315: $? = 0
configure:5315: result: yes
configure:5315: checking for inttypes.h
configure:5315: cc -c -march=x86-64 -mtune=generic -O2 -pipe -fno-plt -fexceptions         -Wp,-D_FORTIFY_SOURCE=3 -Wformat -Werror=format-security         -fstack-clash-protection -fcf-protection         -fno-omit-frame-pointer -mno-omit-leaf-frame-pointer -Wno-incompatible-pointer-types -g -ffile-prefix-map=/home/esteban/Escritorio/hack_the_box/machines/administrator/tools/ntpdate/src=/usr/src/debug/ntpdate -flto=auto  conftest.c >&5
configure:5315: $? = 0
configure:5315: result: yes
configure:5315: checking for stdint.h
configure:5315: cc -c -march=x86-64 -mtune=generic -O2 -pipe -fno-plt -fexceptions         -Wp,-D_FORTIFY_SOURCE=3 -Wformat -Werror=format-security         -fstack-clash-protection -fcf-protection         -fno-omit-frame-pointer -mno-omit-leaf-frame-pointer -Wno-incompatible-pointer-types -g -ffile-prefix-map=/home/esteban/Escritorio/hack_the_box/machines/administrator/tools/ntpdate/src=/usr/src/debug/ntpdate -flto=auto  conftest.c >&5
configure:5315: $? = 0
configure:5315: result: yes
configure:5315: checking for strings.h
configure:5315: cc -c -march=x86-64 -mtune=generic -O2 -pipe -fno-plt -fexceptions         -Wp,-D_FORTIFY_SOURCE=3 -Wformat -Werror=format-security         -fstack-clash-protection -fcf-protection         -fno-omit-frame-pointer -mno-omit-leaf-frame-pointer -Wno-incompatible-pointer-types -g -ffile-prefix-map=/home/esteban/Escritorio/hack_the_box/machines/administrator/tools/ntpdate/src=/usr/src/debug/ntpdate -flto=auto  conftest.c >&5
configure:5315: $? = 0
configure:5315: result: yes
configure:5315: checking for sys/stat.h
configure:5315: cc -c -march=x86-64 -mtune=generic -O2 -pipe -fno-plt -fexceptions         -Wp,-D_FORTIFY_SOURCE=3 -Wformat -Werror=format-security         -fstack-clash-protection -fcf-protection         -fno-omit-frame-pointer -mno-omit-leaf-frame-pointer -Wno-incompatible-pointer-types -g -ffile-prefix-map=/home/esteban/Escritorio/hack_the_box/machines/administrator/tools/ntpdate/src=/usr/src/debug/ntpdate -flto=auto  conftest.c >&5
configure:5315: $? = 0
configure:5315: result: yes
configure:5315: checking for sys/types.h
configure:5315: cc -c -march=x86-64 -mtune=generic -O2 -pipe -fno-plt -fexceptions         -Wp,-D_FORTIFY_SOURCE=3 -Wformat -Werror=format-security         -fstack-clash-protection -fcf-protection         -fno-omit-frame-pointer -mno-omit-leaf-frame-pointer -Wno-incompatible-pointer-types -g -ffile-prefix-map=/home/esteban/Escritorio/hack_the_box/machines/administrator/tools/ntpdate/src=/usr/src/debug/ntpdate -flto=auto  conftest.c >&5
configure:5315: $? = 0
configure:5315: result: yes
configure:5315: checking for unistd.h
configure:5315: cc -c -march=x86-64 -mtune=generic -O2 -pipe -fno-plt -fexceptions         -Wp,-D_FORTIFY_SOURCE=3 -Wformat -Werror=format-security         -fstack-clash-protection -fcf-protection         -fno-omit-frame-pointer -mno-omit-leaf-frame-pointer -Wno-incompatible-pointer-types -g -ffile-prefix-map=/home/esteban/Escritorio/hack_the_box/machines/administrator/tools/ntpdate/src=/usr/src/debug/ntpdate -flto=auto  conftest.c >&5
configure:5315: $? = 0
configure:5315: result: yes
configure:5315: checking for wchar.h
configure:5315: cc -c -march=x86-64 -mtune=generic -O2 -pipe -fno-plt -fexceptions         -Wp,-D_FORTIFY_SOURCE=3 -Wformat -Werror=format-security         -fstack-clash-protection -fcf-protection         -fno-omit-frame-pointer -mno-omit-leaf-frame-pointer -Wno-incompatible-pointer-types -g -ffile-prefix-map=/home/esteban/Escritorio/hack_the_box/machines/administrator/tools/ntpdate/src=/usr/src/debug/ntpdate -flto=auto  conftest.c >&5
configure:5315: $? = 0
configure:5315: result: yes
configure:5315: checking for minix/config.h
configure:5315: cc -c -march=x86-64 -mtune=generic -O2 -pipe -fno-plt -fexceptions         -Wp,-D_FORTIFY_SOURCE=3 -Wformat -Werror=format-security         -fstack-clash-protection -fcf-protection         -fno-omit-frame-pointer -mno-omit-leaf-frame-pointer -Wno-incompatible-pointer-types -g -ffile-prefix-map=/home/esteban/Escritorio/hack_the_box/machines/administrator/tools/ntpdate/src=/usr/src/debug/ntpdate -flto=auto  conftest.c >&5
conftest.c:50:10: fatal error: minix/config.h: No such file or directory
   50 | #include <minix/config.h>
      |          ^~~~~~~~~~~~~~~~
compilation terminated.
configure:5315: $? = 1
configure: failed program was:
| /* confdefs.h */
| #define PACKAGE_NAME "sntp"
| #define PACKAGE_TARNAME "sntp"
| #define PACKAGE_VERSION "4.2.8p18"
| #define PACKAGE_STRING "sntp 4.2.8p18"
| #define PACKAGE_BUGREPORT "https://bugs.ntp.org/"
| #define PACKAGE_URL "https://www.ntp.org/"
| #define PACKAGE "sntp"
| #define VERSION "4.2.8p18"
| #define STR_SYSTEM "x86_64-pc-linux-gnu"
| #define HAVE_STDIO_H 1
| #define HAVE_STDLIB_H 1
| #define HAVE_STRING_H 1
| #define HAVE_INTTYPES_H 1
| #define HAVE_STDINT_H 1
| #define HAVE_STRINGS_H 1
| #define HAVE_SYS_STAT_H 1
| #define HAVE_SYS_TYPES_H 1
| #define HAVE_UNISTD_H 1
| #define HAVE_WCHAR_H 1
| /* end confdefs.h.  */
| #include <stddef.h>
| #ifdef HAVE_STDIO_H
| # include <stdio.h>
| #endif
| #ifdef HAVE_STDLIB_H
| # include <stdlib.h>
| #endif
| #ifdef HAVE_STRING_H
| # include <string.h>
| #endif
| #ifdef HAVE_INTTYPES_H
| # include <inttypes.h>
| #endif
| #ifdef HAVE_STDINT_H
| # include <stdint.h>
| #endif
| #ifdef HAVE_STRINGS_H
| # include <strings.h>
| #endif
| #ifdef HAVE_SYS_TYPES_H
| # include <sys/types.h>
| #endif
| #ifdef HAVE_SYS_STAT_H
| # include <sys/stat.h>
| #endif
| #ifdef HAVE_UNISTD_H
| # include <unistd.h>
| #endif
| #include <minix/config.h>
configure:5315: result: no
configure:5315: checking for vfork.h
configure:5315: cc -c -march=x86-64 -mtune=generic -O2 -pipe -fno-plt -fexceptions         -Wp,-D_FORTIFY_SOURCE=3 -Wformat -Werror=format-security         -fstack-clash-protection -fcf-protection         -fno-omit-frame-pointer -mno-omit-leaf-frame-pointer -Wno-incompatible-pointer-types -g -ffile-prefix-map=/home/esteban/Escritorio/hack_the_box/machines/administrator/tools/ntpdate/src=/usr/src/debug/ntpdate -flto=auto  conftest.c >&5
conftest.c:50:10: fatal error: vfork.h: No such file or directory
   50 | #include <vfork.h>
      |          ^~~~~~~~~
compilation terminated.
configure:5315: $? = 1
configure: failed program was:
| /* confdefs.h */
| #define PACKAGE_NAME "sntp"
| #define PACKAGE_TARNAME "sntp"
| #define PACKAGE_VERSION "4.2.8p18"
| #define PACKAGE_STRING "sntp 4.2.8p18"
| #define PACKAGE_BUGREPORT "https://bugs.ntp.org/"
| #define PACKAGE_URL "https://www.ntp.org/"
| #define PACKAGE "sntp"
| #define VERSION "4.2.8p18"
| #define STR_SYSTEM "x86_64-pc-linux-gnu"
| #define HAVE_STDIO_H 1
| #define HAVE_STDLIB_H 1
| #define HAVE_STRING_H 1
| #define HAVE_INTTYPES_H 1
| #define HAVE_STDINT_H 1
| #define HAVE_STRINGS_H 1
| #define HAVE_SYS_STAT_H 1
| #define HAVE_SYS_TYPES_H 1
| #define HAVE_UNISTD_H 1
| #define HAVE_WCHAR_H 1
| /* end confdefs.h.  */
| #include <stddef.h>
| #ifdef HAVE_STDIO_H
| # include <stdio.h>
| #endif
| #ifdef HAVE_STDLIB_H
| # include <stdlib.h>
| #endif
| #ifdef HAVE_STRING_H
| # include <string.h>
| #endif
| #ifdef HAVE_INTTYPES_H
| # include <inttypes.h>
| #endif
| #ifdef HAVE_STDINT_H
| # include <stdint.h>
| #endif
| #ifdef HAVE_STRINGS_H
| # include <strings.h>
| #endif
| #ifdef HAVE_SYS_TYPES_H
| # include <sys/types.h>
| #endif
| #ifdef HAVE_SYS_STAT_H
| # include <sys/stat.h>
| #endif
| #ifdef HAVE_UNISTD_H
| # include <unistd.h>
| #endif
| #include <vfork.h>
configure:5315: result: no
configure:5315: checking for stdarg.h
configure:5315: cc -c -march=x86-64 -mtune=generic -O2 -pipe -fno-plt -fexceptions         -Wp,-D_FORTIFY_SOURCE=3 -Wformat -Werror=format-security         -fstack-clash-protection -fcf-protection         -fno-omit-frame-pointer -mno-omit-leaf-frame-pointer -Wno-incompatible-pointer-types -g -ffile-prefix-map=/home/esteban/Escritorio/hack_the_box/machines/administrator/tools/ntpdate/src=/usr/src/debug/ntpdate -flto=auto  conftest.c >&5
configure:5315: $? = 0
configure:5315: result: yes
configure:5346: checking whether it is safe to define __EXTENSIONS__
configure:5365: cc -c -march=x86-64 -mtune=generic -O2 -pipe -fno-plt -fexceptions         -Wp,-D_FORTIFY_SOURCE=3 -Wformat -Werror=format-security         -fstack-clash-protection -fcf-protection         -fno-omit-frame-pointer -mno-omit-leaf-frame-pointer -Wno-incompatible-pointer-types -g -ffile-prefix-map=/home/esteban/Escritorio/hack_the_box/machines/administrator/tools/ntpdate/src=/usr/src/debug/ntpdate -flto=auto  conftest.c >&5
configure:5365: $? = 0
configure:5375: result: yes
configure:5378: checking whether _XOPEN_SOURCE should be defined
configure:5400: cc -c -march=x86-64 -mtune=generic -O2 -pipe -fno-plt -fexceptions         -Wp,-D_FORTIFY_SOURCE=3 -Wformat -Werror=format-security         -fstack-clash-protection -fcf-protection         -fno-omit-frame-pointer -mno-omit-leaf-frame-pointer -Wno-incompatible-pointer-types -g -ffile-prefix-map=/home/esteban/Escritorio/hack_the_box/machines/administrator/tools/ntpdate/src=/usr/src/debug/ntpdate -flto=auto  conftest.c >&5
configure:5400: $? = 0
configure:5429: result: no
configure:5513: checking if cc can handle #warning
configure:5530: cc -c -march=x86-64 -mtune=generic -O2 -pipe -fno-plt -fexceptions         -Wp,-D_FORTIFY_SOURCE=3 -Wformat -Werror=format-security         -fstack-clash-protection -fcf-protection         -fno-omit-frame-pointer -mno-omit-leaf-frame-pointer -Wno-incompatible-pointer-types -g -ffile-prefix-map=/home/esteban/Escritorio/hack_the_box/machines/administrator/tools/ntpdate/src=/usr/src/debug/ntpdate -flto=auto  conftest.c >&5
conftest.c: In function 'main':
conftest.c:45:2: warning: #warning foo [-Wcpp]
   45 | #warning foo
      |  ^~~~~~~
configure:5530: $? = 0
configure:5542: result: yes
configure:5551: checking if cc supports __attribute__((...))
configure:5569: cc -c -march=x86-64 -mtune=generic -O2 -pipe -fno-plt -fexceptions         -Wp,-D_FORTIFY_SOURCE=3 -Wformat -Werror=format-security         -fstack-clash-protection -fcf-protection         -fno-omit-frame-pointer -mno-omit-leaf-frame-pointer -Wno-incompatible-pointer-types -g -ffile-prefix-map=/home/esteban/Escritorio/hack_the_box/machines/administrator/tools/ntpdate/src=/usr/src/debug/ntpdate -flto=auto  conftest.c >&5
configure:5569: $? = 0
configure:5581: result: yes
configure:5595: checking if cc can handle -Wstrict-overflow
configure:5612: cc -c -march=x86-64 -mtune=generic -O2 -pipe -fno-plt -fexceptions         -Wp,-D_FORTIFY_SOURCE=3 -Wformat -Werror=format-security         -fstack-clash-protection -fcf-protection         -fno-omit-frame-pointer -mno-omit-leaf-frame-pointer -Wno-incompatible-pointer-types -g -ffile-prefix-map=/home/esteban/Escritorio/hack_the_box/machines/administrator/tools/ntpdate/src=/usr/src/debug/ntpdate -flto=auto -Wstrict-overflow  conftest.c >&5
configure:5612: $? = 0
configure:5624: result: yes
configure:5631: checking if cc can handle -Winit-self
configure:5649: cc -c -march=x86-64 -mtune=generic -O2 -pipe -fno-plt -fexceptions         -Wp,-D_FORTIFY_SOURCE=3 -Wformat -Werror=format-security         -fstack-clash-protection -fcf-protection         -fno-omit-frame-pointer -mno-omit-leaf-frame-pointer -Wno-incompatible-pointer-types -g -ffile-prefix-map=/home/esteban/Escritorio/hack_the_box/machines/administrator/tools/ntpdate/src=/usr/src/debug/ntpdate -flto=auto -Winit-self  conftest.c >&5
configure:5649: $? = 0
configure:5662: result: yes
configure:5672: checking if cc can handle -Wno-format -Wno-format-security
configure:5690: cc -c -march=x86-64 -mtune=generic -O2 -pipe -fno-plt -fexceptions         -Wp,-D_FORTIFY_SOURCE=3 -Wformat -Werror=format-security         -fstack-clash-protection -fcf-protection         -fno-omit-frame-pointer -mno-omit-leaf-frame-pointer -Wno-incompatible-pointer-types -g -ffile-prefix-map=/home/esteban/Escritorio/hack_the_box/machines/administrator/tools/ntpdate/src=/usr/src/debug/ntpdate -flto=auto -Wno-format -Wno-format-security  conftest.c >&5
configure:5690: $? = 0
configure:5703: result: yes
configure:5711: checking if cc can handle -Wformat -Wno-format-truncation
configure:5728: cc -c -march=x86-64 -mtune=generic -O2 -pipe -fno-plt -fexceptions         -Wp,-D_FORTIFY_SOURCE=3 -Wformat -Werror=format-security         -fstack-clash-protection -fcf-protection         -fno-omit-frame-pointer -mno-omit-leaf-frame-pointer -Wno-incompatible-pointer-types -g -ffile-prefix-map=/home/esteban/Escritorio/hack_the_box/machines/administrator/tools/ntpdate/src=/usr/src/debug/ntpdate -flto=auto -Wformat -Wno-format-truncation -Werror  conftest.c >&5
configure:5728: $? = 0
configure:5740: result: yes
configure:5751: checking if linker supports omitting unused code and data
configure:5806: cc -o conftest -march=x86-64 -mtune=generic -O2 -pipe -fno-plt -fexceptions         -Wp,-D_FORTIFY_SOURCE=3 -Wformat -Werror=format-security         -fstack-clash-protection -fcf-protection         -fno-omit-frame-pointer -mno-omit-leaf-frame-pointer -Wno-incompatible-pointer-types -g -ffile-prefix-map=/home/esteban/Escritorio/hack_the_box/machines/administrator/tools/ntpdate/src=/usr/src/debug/ntpdate -flto=auto -Wl,--gc-sections  -Wl,-O1 -Wl,--sort-common -Wl,--as-needed -Wl,-z,relro -Wl,-z,now          -Wl,-z,pack-relative-relocs -flto=auto conftest.c  >&5
configure:5806: $? = 0
configure:5829: result: yes
configure:5868: checking additional compiler flags
configure:5966: result: none needed
configure:5970: checking additional linker flags
configure:5998: result: none needed
configure:6003: checking whether byte ordering is bigendian
configure:6019: cc -c -march=x86-64 -mtune=generic -O2 -pipe -fno-plt -fexceptions         -Wp,-D_FORTIFY_SOURCE=3 -Wformat -Werror=format-security         -fstack-clash-protection -fcf-protection         -fno-omit-frame-pointer -mno-omit-leaf-frame-pointer -Wno-incompatible-pointer-types -g -ffile-prefix-map=/home/esteban/Escritorio/hack_the_box/machines/administrator/tools/ntpdate/src=/usr/src/debug/ntpdate -flto=auto  conftest.c >&5
conftest.c:43:16: error: unknown type name 'not'
   43 |                not a universal capable compiler
      |                ^~~
conftest.c:43:22: error: expected '=', ',', ';', 'asm' or '__attribute__' before 'universal'
   43 |                not a universal capable compiler
      |                      ^~~~~~~~~
conftest.c:43:22: error: unknown type name 'universal'
configure:6019: $? = 1
configure: failed program was:
| /* confdefs.h */
| #define PACKAGE_NAME "sntp"
| #define PACKAGE_TARNAME "sntp"
| #define PACKAGE_VERSION "4.2.8p18"
| #define PACKAGE_STRING "sntp 4.2.8p18"
| #define PACKAGE_BUGREPORT "https://bugs.ntp.org/"
| #define PACKAGE_URL "https://www.ntp.org/"
| #define PACKAGE "sntp"
| #define VERSION "4.2.8p18"
| #define STR_SYSTEM "x86_64-pc-linux-gnu"
| #define HAVE_STDIO_H 1
| #define HAVE_STDLIB_H 1
| #define HAVE_STRING_H 1
| #define HAVE_INTTYPES_H 1
| #define HAVE_STDINT_H 1
| #define HAVE_STRINGS_H 1
| #define HAVE_SYS_STAT_H 1
| #define HAVE_SYS_TYPES_H 1
| #define HAVE_UNISTD_H 1
| #define HAVE_WCHAR_H 1
| #define HAVE_STDARG_H 1
| #define STDC_HEADERS 1
| #define _ALL_SOURCE 1
| #define _DARWIN_C_SOURCE 1
| #define _GNU_SOURCE 1
| #define _HPUX_ALT_XOPEN_SOCKET_API 1
| #define _NETBSD_SOURCE 1
| #define _OPENBSD_SOURCE 1
| #define _POSIX_PTHREAD_SEMANTICS 1
| #define __STDC_WANT_IEC_60559_ATTRIBS_EXT__ 1
| #define __STDC_WANT_IEC_60559_BFP_EXT__ 1
| #define __STDC_WANT_IEC_60559_DFP_EXT__ 1
| #define __STDC_WANT_IEC_60559_EXT__ 1
| #define __STDC_WANT_IEC_60559_FUNCS_EXT__ 1
| #define __STDC_WANT_IEC_60559_TYPES_EXT__ 1
| #define __STDC_WANT_LIB_EXT2__ 1
| #define __STDC_WANT_MATH_SPEC_FUNCS__ 1
| #define _TANDEM_SOURCE 1
| #define __EXTENSIONS__ 1
| #define HAVE___ATTRIBUTE__ /**/
| /* end confdefs.h.  */
| #ifndef __APPLE_CC__
| 	       not a universal capable compiler
| 	     #endif
| 	     typedef int dummy;
| 
configure:6065: cc -c -march=x86-64 -mtune=generic -O2 -pipe -fno-plt -fexceptions         -Wp,-D_FORTIFY_SOURCE=3 -Wformat -Werror=format-security         -fstack-clash-protection -fcf-protection         -fno-omit-frame-pointer -mno-omit-leaf-frame-pointer -Wno-incompatible-pointer-types -g -ffile-prefix-map=/home/esteban/Escritorio/hack_the_box/machines/administrator/tools/ntpdate/src=/usr/src/debug/ntpdate -flto=auto  conftest.c >&5
configure:6065: $? = 0
configure:6084: cc -c -march=x86-64 -mtune=generic -O2 -pipe -fno-plt -fexceptions         -Wp,-D_FORTIFY_SOURCE=3 -Wformat -Werror=format-security         -fstack-clash-protection -fcf-protection         -fno-omit-frame-pointer -mno-omit-leaf-frame-pointer -Wno-incompatible-pointer-types -g -ffile-prefix-map=/home/esteban/Escritorio/hack_the_box/machines/administrator/tools/ntpdate/src=/usr/src/debug/ntpdate -flto=auto  conftest.c >&5
conftest.c: In function 'main':
conftest.c:49:18: error: unknown type name 'not'; did you mean 'ino_t'?
   49 |                  not big endian
      |                  ^~~
      |                  ino_t
conftest.c:49:26: error: expected '=', ',', ';', 'asm' or '__attribute__' before 'endian'
   49 |                  not big endian
      |                          ^~~~~~
configure:6084: $? = 1
configure: failed program was:
| /* confdefs.h */
| #define PACKAGE_NAME "sntp"
| #define PACKAGE_TARNAME "sntp"
| #define PACKAGE_VERSION "4.2.8p18"
| #define PACKAGE_STRING "sntp 4.2.8p18"
| #define PACKAGE_BUGREPORT "https://bugs.ntp.org/"
| #define PACKAGE_URL "https://www.ntp.org/"
| #define PACKAGE "sntp"
| #define VERSION "4.2.8p18"
| #define STR_SYSTEM "x86_64-pc-linux-gnu"
| #define HAVE_STDIO_H 1
| #define HAVE_STDLIB_H 1
| #define HAVE_STRING_H 1
| #define HAVE_INTTYPES_H 1
| #define HAVE_STDINT_H 1
| #define HAVE_STRINGS_H 1
| #define HAVE_SYS_STAT_H 1
| #define HAVE_SYS_TYPES_H 1
| #define HAVE_UNISTD_H 1
| #define HAVE_WCHAR_H 1
| #define HAVE_STDARG_H 1
| #define STDC_HEADERS 1
| #define _ALL_SOURCE 1
| #define _DARWIN_C_SOURCE 1
| #define _GNU_SOURCE 1
| #define _HPUX_ALT_XOPEN_SOCKET_API 1
| #define _NETBSD_SOURCE 1
| #define _OPENBSD_SOURCE 1
| #define _POSIX_PTHREAD_SEMANTICS 1
| #define __STDC_WANT_IEC_60559_ATTRIBS_EXT__ 1
| #define __STDC_WANT_IEC_60559_BFP_EXT__ 1
| #define __STDC_WANT_IEC_60559_DFP_EXT__ 1
| #define __STDC_WANT_IEC_60559_EXT__ 1
| #define __STDC_WANT_IEC_60559_FUNCS_EXT__ 1
| #define __STDC_WANT_IEC_60559_TYPES_EXT__ 1
| #define __STDC_WANT_LIB_EXT2__ 1
| #define __STDC_WANT_MATH_SPEC_FUNCS__ 1
| #define _TANDEM_SOURCE 1
| #define __EXTENSIONS__ 1
| #define HAVE___ATTRIBUTE__ /**/
| /* end confdefs.h.  */
| #include <sys/types.h>
| 		#include <sys/param.h>
| 
| int
| main (void)
| {
| #if BYTE_ORDER != BIG_ENDIAN
| 		 not big endian
| 		#endif
| 
|   ;
|   return 0;
| }
configure:6225: result: no
configure:6243: checking for working volatile
configure:6263: cc -c -march=x86-64 -mtune=generic -O2 -pipe -fno-plt -fexceptions         -Wp,-D_FORTIFY_SOURCE=3 -Wformat -Werror=format-security         -fstack-clash-protection -fcf-protection         -fno-omit-frame-pointer -mno-omit-leaf-frame-pointer -Wno-incompatible-pointer-types -g -ffile-prefix-map=/home/esteban/Escritorio/hack_the_box/machines/administrator/tools/ntpdate/src=/usr/src/debug/ntpdate -flto=auto  conftest.c >&5
configure:6263: $? = 0
configure:6273: result: yes
configure:6286: checking how to run the C preprocessor
configure:6312: cc -E  conftest.c
configure:6312: $? = 0
configure:6328: cc -E  conftest.c
conftest.c:42:10: fatal error: ac_nonexistent.h: No such file or directory
   42 | #include <ac_nonexistent.h>
      |          ^~~~~~~~~~~~~~~~~~
compilation terminated.
configure:6328: $? = 1
configure: failed program was:
| /* confdefs.h */
| #define PACKAGE_NAME "sntp"
| #define PACKAGE_TARNAME "sntp"
| #define PACKAGE_VERSION "4.2.8p18"
| #define PACKAGE_STRING "sntp 4.2.8p18"
| #define PACKAGE_BUGREPORT "https://bugs.ntp.org/"
| #define PACKAGE_URL "https://www.ntp.org/"
| #define PACKAGE "sntp"
| #define VERSION "4.2.8p18"
| #define STR_SYSTEM "x86_64-pc-linux-gnu"
| #define HAVE_STDIO_H 1
| #define HAVE_STDLIB_H 1
| #define HAVE_STRING_H 1
| #define HAVE_INTTYPES_H 1
| #define HAVE_STDINT_H 1
| #define HAVE_STRINGS_H 1
| #define HAVE_SYS_STAT_H 1
| #define HAVE_SYS_TYPES_H 1
| #define HAVE_UNISTD_H 1
| #define HAVE_WCHAR_H 1
| #define HAVE_STDARG_H 1
| #define STDC_HEADERS 1
| #define _ALL_SOURCE 1
| #define _DARWIN_C_SOURCE 1
| #define _GNU_SOURCE 1
| #define _HPUX_ALT_XOPEN_SOCKET_API 1
| #define _NETBSD_SOURCE 1
| #define _OPENBSD_SOURCE 1
| #define _POSIX_PTHREAD_SEMANTICS 1
| #define __STDC_WANT_IEC_60559_ATTRIBS_EXT__ 1
| #define __STDC_WANT_IEC_60559_BFP_EXT__ 1
| #define __STDC_WANT_IEC_60559_DFP_EXT__ 1
| #define __STDC_WANT_IEC_60559_EXT__ 1
| #define __STDC_WANT_IEC_60559_FUNCS_EXT__ 1
| #define __STDC_WANT_IEC_60559_TYPES_EXT__ 1
| #define __STDC_WANT_LIB_EXT2__ 1
| #define __STDC_WANT_MATH_SPEC_FUNCS__ 1
| #define _TANDEM_SOURCE 1
| #define __EXTENSIONS__ 1
| #define HAVE___ATTRIBUTE__ /**/
| /* end confdefs.h.  */
| #include <ac_nonexistent.h>
configure:6357: result: cc -E
configure:6371: cc -E  conftest.c
configure:6371: $? = 0
configure:6387: cc -E  conftest.c
conftest.c:42:10: fatal error: ac_nonexistent.h: No such file or directory
   42 | #include <ac_nonexistent.h>
      |          ^~~~~~~~~~~~~~~~~~
compilation terminated.
configure:6387: $? = 1
configure: failed program was:
| /* confdefs.h */
| #define PACKAGE_NAME "sntp"
| #define PACKAGE_TARNAME "sntp"
| #define PACKAGE_VERSION "4.2.8p18"
| #define PACKAGE_STRING "sntp 4.2.8p18"
| #define PACKAGE_BUGREPORT "https://bugs.ntp.org/"
| #define PACKAGE_URL "https://www.ntp.org/"
| #define PACKAGE "sntp"
| #define VERSION "4.2.8p18"
| #define STR_SYSTEM "x86_64-pc-linux-gnu"
| #define HAVE_STDIO_H 1
| #define HAVE_STDLIB_H 1
| #define HAVE_STRING_H 1
| #define HAVE_INTTYPES_H 1
| #define HAVE_STDINT_H 1
| #define HAVE_STRINGS_H 1
| #define HAVE_SYS_STAT_H 1
| #define HAVE_SYS_TYPES_H 1
| #define HAVE_UNISTD_H 1
| #define HAVE_WCHAR_H 1
| #define HAVE_STDARG_H 1
| #define STDC_HEADERS 1
| #define _ALL_SOURCE 1
| #define _DARWIN_C_SOURCE 1
| #define _GNU_SOURCE 1
| #define _HPUX_ALT_XOPEN_SOCKET_API 1
| #define _NETBSD_SOURCE 1
| #define _OPENBSD_SOURCE 1
| #define _POSIX_PTHREAD_SEMANTICS 1
| #define __STDC_WANT_IEC_60559_ATTRIBS_EXT__ 1
| #define __STDC_WANT_IEC_60559_BFP_EXT__ 1
| #define __STDC_WANT_IEC_60559_DFP_EXT__ 1
| #define __STDC_WANT_IEC_60559_EXT__ 1
| #define __STDC_WANT_IEC_60559_FUNCS_EXT__ 1
| #define __STDC_WANT_IEC_60559_TYPES_EXT__ 1
| #define __STDC_WANT_LIB_EXT2__ 1
| #define __STDC_WANT_MATH_SPEC_FUNCS__ 1
| #define _TANDEM_SOURCE 1
| #define __EXTENSIONS__ 1
| #define HAVE___ATTRIBUTE__ /**/
| /* end confdefs.h.  */
| #include <ac_nonexistent.h>
configure:6423: checking for compile/link hardening flags
configure:6454: result: in file harden/linux
configure:6473: checking for install dir and man conventions
configure:6504: result: in file loc/legacy
configure:6680: checking for ar
configure:6701: found /usr/bin/ar
configure:6713: result: ar
configure:6740: checking the archiver (ar) interface
configure:6757: cc -c -march=x86-64 -mtune=generic -O2 -pipe -fno-plt -fexceptions         -Wp,-D_FORTIFY_SOURCE=3 -Wformat -Werror=format-security         -fstack-clash-protection -fcf-protection         -fno-omit-frame-pointer -mno-omit-leaf-frame-pointer -Wno-incompatible-pointer-types -g -ffile-prefix-map=/home/esteban/Escritorio/hack_the_box/machines/administrator/tools/ntpdate/src=/usr/src/debug/ntpdate -flto=auto  conftest.c >&5
configure:6757: $? = 0
configure:6760: ar cr libconftest.a conftest.o >&5
configure:6763: $? = 0
configure:6792: result: ar
configure:6813: checking for a sed that does not truncate output
configure:6885: result: /usr/bin/sed
configure:6903: checking for a sed that does not truncate output
configure:6975: result: /usr/bin/sed
configure:6993: checking for grep that handles long lines and -e
configure:7059: result: /usr/bin/grep
configure:7064: checking for egrep
configure:7134: result: /usr/bin/grep -E
configure:7141: checking for fgrep
configure:7211: result: /usr/bin/grep -F
configure:7238: checking how to print strings
configure:7265: result: printf
configure:7287: checking for pid_t
configure:7287: cc -c -march=x86-64 -mtune=generic -O2 -pipe -fno-plt -fexceptions         -Wp,-D_FORTIFY_SOURCE=3 -Wformat -Werror=format-security         -fstack-clash-protection -fcf-protection         -fno-omit-frame-pointer -mno-omit-leaf-frame-pointer -Wno-incompatible-pointer-types -g -ffile-prefix-map=/home/esteban/Escritorio/hack_the_box/machines/administrator/tools/ntpdate/src=/usr/src/debug/ntpdate -flto=auto  conftest.c >&5
configure:7287: $? = 0
configure:7287: cc -c -march=x86-64 -mtune=generic -O2 -pipe -fno-plt -fexceptions         -Wp,-D_FORTIFY_SOURCE=3 -Wformat -Werror=format-security         -fstack-clash-protection -fcf-protection         -fno-omit-frame-pointer -mno-omit-leaf-frame-pointer -Wno-incompatible-pointer-types -g -ffile-prefix-map=/home/esteban/Escritorio/hack_the_box/machines/administrator/tools/ntpdate/src=/usr/src/debug/ntpdate -flto=auto  conftest.c >&5
conftest.c: In function 'main':
conftest.c:74:20: error: expected expression before ')' token
   74 | if (sizeof ((pid_t)))
      |                    ^
configure:7287: $? = 1
configure: failed program was:
| /* confdefs.h */
| #define PACKAGE_NAME "sntp"
| #define PACKAGE_TARNAME "sntp"
| #define PACKAGE_VERSION "4.2.8p18"
| #define PACKAGE_STRING "sntp 4.2.8p18"
| #define PACKAGE_BUGREPORT "https://bugs.ntp.org/"
| #define PACKAGE_URL "https://www.ntp.org/"
| #define PACKAGE "sntp"
| #define VERSION "4.2.8p18"
| #define STR_SYSTEM "x86_64-pc-linux-gnu"
| #define HAVE_STDIO_H 1
| #define HAVE_STDLIB_H 1
| #define HAVE_STRING_H 1
| #define HAVE_INTTYPES_H 1
| #define HAVE_STDINT_H 1
| #define HAVE_STRINGS_H 1
| #define HAVE_SYS_STAT_H 1
| #define HAVE_SYS_TYPES_H 1
| #define HAVE_UNISTD_H 1
| #define HAVE_WCHAR_H 1
| #define HAVE_STDARG_H 1
| #define STDC_HEADERS 1
| #define _ALL_SOURCE 1
| #define _DARWIN_C_SOURCE 1
| #define _GNU_SOURCE 1
| #define _HPUX_ALT_XOPEN_SOCKET_API 1
| #define _NETBSD_SOURCE 1
| #define _OPENBSD_SOURCE 1
| #define _POSIX_PTHREAD_SEMANTICS 1
| #define __STDC_WANT_IEC_60559_ATTRIBS_EXT__ 1
| #define __STDC_WANT_IEC_60559_BFP_EXT__ 1
| #define __STDC_WANT_IEC_60559_DFP_EXT__ 1
| #define __STDC_WANT_IEC_60559_EXT__ 1
| #define __STDC_WANT_IEC_60559_FUNCS_EXT__ 1
| #define __STDC_WANT_IEC_60559_TYPES_EXT__ 1
| #define __STDC_WANT_LIB_EXT2__ 1
| #define __STDC_WANT_MATH_SPEC_FUNCS__ 1
| #define _TANDEM_SOURCE 1
| #define __EXTENSIONS__ 1
| #define HAVE___ATTRIBUTE__ /**/
| /* end confdefs.h.  */
| #include <stddef.h>
| #ifdef HAVE_STDIO_H
| # include <stdio.h>
| #endif
| #ifdef HAVE_STDLIB_H
| # include <stdlib.h>
| #endif
| #ifdef HAVE_STRING_H
| # include <string.h>
| #endif
| #ifdef HAVE_INTTYPES_H
| # include <inttypes.h>
| #endif
| #ifdef HAVE_STDINT_H
| # include <stdint.h>
| #endif
| #ifdef HAVE_STRINGS_H
| # include <strings.h>
| #endif
| #ifdef HAVE_SYS_TYPES_H
| # include <sys/types.h>
| #endif
| #ifdef HAVE_SYS_STAT_H
| # include <sys/stat.h>
| #endif
| #ifdef HAVE_UNISTD_H
| # include <unistd.h>
| #endif
| 
| int
| main (void)
| {
| if (sizeof ((pid_t)))
| 	    return 0;
|   ;
|   return 0;
| }
configure:7287: result: yes
configure:7330: checking for fork
configure:7330: cc -o conftest -march=x86-64 -mtune=generic -O2 -pipe -fno-plt -fexceptions         -Wp,-D_FORTIFY_SOURCE=3 -Wformat -Werror=format-security         -fstack-clash-protection -fcf-protection         -fno-omit-frame-pointer -mno-omit-leaf-frame-pointer -Wno-incompatible-pointer-types -g -ffile-prefix-map=/home/esteban/Escritorio/hack_the_box/machines/administrator/tools/ntpdate/src=/usr/src/debug/ntpdate -flto=auto  -Wl,-O1 -Wl,--sort-common -Wl,--as-needed -Wl,-z,relro -Wl,-z,now          -Wl,-z,pack-relative-relocs -flto=auto conftest.c  >&5
conftest.c:58:6: warning: conflicting types for built-in function 'fork'; expected 'int(void)' [-Wbuiltin-declaration-mismatch]
   58 | char fork (void);
      |      ^~~~
configure:7330: $? = 0
configure:7330: result: yes
configure:7330: checking for vfork
configure:7330: cc -o conftest -march=x86-64 -mtune=generic -O2 -pipe -fno-plt -fexceptions         -Wp,-D_FORTIFY_SOURCE=3 -Wformat -Werror=format-security         -fstack-clash-protection -fcf-protection         -fno-omit-frame-pointer -mno-omit-leaf-frame-pointer -Wno-incompatible-pointer-types -g -ffile-prefix-map=/home/esteban/Escritorio/hack_the_box/machines/administrator/tools/ntpdate/src=/usr/src/debug/ntpdate -flto=auto  -Wl,-O1 -Wl,--sort-common -Wl,--as-needed -Wl,-z,relro -Wl,-z,now          -Wl,-z,pack-relative-relocs -flto=auto conftest.c  >&5
configure:7330: $? = 0
configure:7330: result: yes
configure:7330: checking for vprintf
configure:7330: cc -o conftest -march=x86-64 -mtune=generic -O2 -pipe -fno-plt -fexceptions         -Wp,-D_FORTIFY_SOURCE=3 -Wformat -Werror=format-security         -fstack-clash-protection -fcf-protection         -fno-omit-frame-pointer -mno-omit-leaf-frame-pointer -Wno-incompatible-pointer-types -g -ffile-prefix-map=/home/esteban/Escritorio/hack_the_box/machines/administrator/tools/ntpdate/src=/usr/src/debug/ntpdate -flto=auto  -Wl,-O1 -Wl,--sort-common -Wl,--as-needed -Wl,-z,relro -Wl,-z,now          -Wl,-z,pack-relative-relocs -flto=auto conftest.c  >&5
conftest.c:60:6: warning: conflicting types for built-in function 'vprintf'; expected 'int(const char *, __va_list_tag *)' [-Wbuiltin-declaration-mismatch]
   60 | char vprintf (void);
      |      ^~~~~~~
conftest.c:52:1: note: 'vprintf' is declared in header '<stdio.h>'
   51 | #include <limits.h>
   52 | #undef vprintf
configure:7330: $? = 0
configure:7330: result: yes
configure:7340: checking for size_t
configure:7340: cc -c -march=x86-64 -mtune=generic -O2 -pipe -fno-plt -fexceptions         -Wp,-D_FORTIFY_SOURCE=3 -Wformat -Werror=format-security         -fstack-clash-protection -fcf-protection         -fno-omit-frame-pointer -mno-omit-leaf-frame-pointer -Wno-incompatible-pointer-types -g -ffile-prefix-map=/home/esteban/Escritorio/hack_the_box/machines/administrator/tools/ntpdate/src=/usr/src/debug/ntpdate -flto=auto  conftest.c >&5
configure:7340: $? = 0
configure:7340: cc -c -march=x86-64 -mtune=generic -O2 -pipe -fno-plt -fexceptions         -Wp,-D_FORTIFY_SOURCE=3 -Wformat -Werror=format-security         -fstack-clash-protection -fcf-protection         -fno-omit-frame-pointer -mno-omit-leaf-frame-pointer -Wno-incompatible-pointer-types -g -ffile-prefix-map=/home/esteban/Escritorio/hack_the_box/machines/administrator/tools/ntpdate/src=/usr/src/debug/ntpdate -flto=auto  conftest.c >&5
conftest.c: In function 'main':
conftest.c:76:21: error: expected expression before ')' token
   76 | if (sizeof ((size_t)))
      |                     ^
configure:7340: $? = 1
configure: failed program was:
| /* confdefs.h */
| #define PACKAGE_NAME "sntp"
| #define PACKAGE_TARNAME "sntp"
| #define PACKAGE_VERSION "4.2.8p18"
| #define PACKAGE_STRING "sntp 4.2.8p18"
| #define PACKAGE_BUGREPORT "https://bugs.ntp.org/"
| #define PACKAGE_URL "https://www.ntp.org/"
| #define PACKAGE "sntp"
| #define VERSION "4.2.8p18"
| #define STR_SYSTEM "x86_64-pc-linux-gnu"
| #define HAVE_STDIO_H 1
| #define HAVE_STDLIB_H 1
| #define HAVE_STRING_H 1
| #define HAVE_INTTYPES_H 1
| #define HAVE_STDINT_H 1
| #define HAVE_STRINGS_H 1
| #define HAVE_SYS_STAT_H 1
| #define HAVE_SYS_TYPES_H 1
| #define HAVE_UNISTD_H 1
| #define HAVE_WCHAR_H 1
| #define HAVE_STDARG_H 1
| #define STDC_HEADERS 1
| #define _ALL_SOURCE 1
| #define _DARWIN_C_SOURCE 1
| #define _GNU_SOURCE 1
| #define _HPUX_ALT_XOPEN_SOCKET_API 1
| #define _NETBSD_SOURCE 1
| #define _OPENBSD_SOURCE 1
| #define _POSIX_PTHREAD_SEMANTICS 1
| #define __STDC_WANT_IEC_60559_ATTRIBS_EXT__ 1
| #define __STDC_WANT_IEC_60559_BFP_EXT__ 1
| #define __STDC_WANT_IEC_60559_DFP_EXT__ 1
| #define __STDC_WANT_IEC_60559_EXT__ 1
| #define __STDC_WANT_IEC_60559_FUNCS_EXT__ 1
| #define __STDC_WANT_IEC_60559_TYPES_EXT__ 1
| #define __STDC_WANT_LIB_EXT2__ 1
| #define __STDC_WANT_MATH_SPEC_FUNCS__ 1
| #define _TANDEM_SOURCE 1
| #define __EXTENSIONS__ 1
| #define HAVE___ATTRIBUTE__ /**/
| #define HAVE_FORK 1
| #define HAVE_VFORK 1
| #define HAVE_VPRINTF 1
| /* end confdefs.h.  */
| #include <stddef.h>
| #ifdef HAVE_STDIO_H
| # include <stdio.h>
| #endif
| #ifdef HAVE_STDLIB_H
| # include <stdlib.h>
| #endif
| #ifdef HAVE_STRING_H
| # include <string.h>
| #endif
| #ifdef HAVE_INTTYPES_H
| # include <inttypes.h>
| #endif
| #ifdef HAVE_STDINT_H
| # include <stdint.h>
| #endif
| #ifdef HAVE_STRINGS_H
| # include <strings.h>
| #endif
| #ifdef HAVE_SYS_TYPES_H
| # include <sys/types.h>
| #endif
| #ifdef HAVE_SYS_STAT_H
| # include <sys/stat.h>
| #endif
| #ifdef HAVE_UNISTD_H
| # include <unistd.h>
| #endif
| int
| main (void)
| {
| if (sizeof ((size_t)))
| 	    return 0;
|   ;
|   return 0;
| }
configure:7340: result: yes
configure:7351: checking for cc options needed to detect all undeclared functions
configure:7373: cc -c -march=x86-64 -mtune=generic -O2 -pipe -fno-plt -fexceptions         -Wp,-D_FORTIFY_SOURCE=3 -Wformat -Werror=format-security         -fstack-clash-protection -fcf-protection         -fno-omit-frame-pointer -mno-omit-leaf-frame-pointer -Wno-incompatible-pointer-types -g -ffile-prefix-map=/home/esteban/Escritorio/hack_the_box/machines/administrator/tools/ntpdate/src=/usr/src/debug/ntpdate -flto=auto   conftest.c >&5
conftest.c: In function 'main':
conftest.c:49:8: error: 'strchr' undeclared (first use in this function)
   49 | (void) strchr;
      |        ^~~~~~
conftest.c:1:1: note: 'strchr' is defined in header '<string.h>'; this is probably fixable by adding '#include <string.h>'
    1 | /* confdefs.h */
conftest.c:49:8: note: each undeclared identifier is reported only once for each function it appears in
   49 | (void) strchr;
      |        ^~~~~~
configure:7373: $? = 1
configure: failed program was:
| /* confdefs.h */
| #define PACKAGE_NAME "sntp"
| #define PACKAGE_TARNAME "sntp"
| #define PACKAGE_VERSION "4.2.8p18"
| #define PACKAGE_STRING "sntp 4.2.8p18"
| #define PACKAGE_BUGREPORT "https://bugs.ntp.org/"
| #define PACKAGE_URL "https://www.ntp.org/"
| #define PACKAGE "sntp"
| #define VERSION "4.2.8p18"
| #define STR_SYSTEM "x86_64-pc-linux-gnu"
| #define HAVE_STDIO_H 1
| #define HAVE_STDLIB_H 1
| #define HAVE_STRING_H 1
| #define HAVE_INTTYPES_H 1
| #define HAVE_STDINT_H 1
| #define HAVE_STRINGS_H 1
| #define HAVE_SYS_STAT_H 1
| #define HAVE_SYS_TYPES_H 1
| #define HAVE_UNISTD_H 1
| #define HAVE_WCHAR_H 1
| #define HAVE_STDARG_H 1
| #define STDC_HEADERS 1
| #define _ALL_SOURCE 1
| #define _DARWIN_C_SOURCE 1
| #define _GNU_SOURCE 1
| #define _HPUX_ALT_XOPEN_SOCKET_API 1
| #define _NETBSD_SOURCE 1
| #define _OPENBSD_SOURCE 1
| #define _POSIX_PTHREAD_SEMANTICS 1
| #define __STDC_WANT_IEC_60559_ATTRIBS_EXT__ 1
| #define __STDC_WANT_IEC_60559_BFP_EXT__ 1
| #define __STDC_WANT_IEC_60559_DFP_EXT__ 1
| #define __STDC_WANT_IEC_60559_EXT__ 1
| #define __STDC_WANT_IEC_60559_FUNCS_EXT__ 1
| #define __STDC_WANT_IEC_60559_TYPES_EXT__ 1
| #define __STDC_WANT_LIB_EXT2__ 1
| #define __STDC_WANT_MATH_SPEC_FUNCS__ 1
| #define _TANDEM_SOURCE 1
| #define __EXTENSIONS__ 1
| #define HAVE___ATTRIBUTE__ /**/
| #define HAVE_FORK 1
| #define HAVE_VFORK 1
| #define HAVE_VPRINTF 1
| /* end confdefs.h.  */
| 
| int
| main (void)
| {
| (void) strchr;
|   ;
|   return 0;
| }
configure:7400: cc -c -march=x86-64 -mtune=generic -O2 -pipe -fno-plt -fexceptions         -Wp,-D_FORTIFY_SOURCE=3 -Wformat -Werror=format-security         -fstack-clash-protection -fcf-protection         -fno-omit-frame-pointer -mno-omit-leaf-frame-pointer -Wno-incompatible-pointer-types -g -ffile-prefix-map=/home/esteban/Escritorio/hack_the_box/machines/administrator/tools/ntpdate/src=/usr/src/debug/ntpdate -flto=auto   conftest.c >&5
configure:7400: $? = 0
configure:7420: result: none needed
configure:7434: checking whether strerror_r is declared
configure:7434: cc -c -march=x86-64 -mtune=generic -O2 -pipe -fno-plt -fexceptions         -Wp,-D_FORTIFY_SOURCE=3 -Wformat -Werror=format-security         -fstack-clash-protection -fcf-protection         -fno-omit-frame-pointer -mno-omit-leaf-frame-pointer -Wno-incompatible-pointer-types -g -ffile-prefix-map=/home/esteban/Escritorio/hack_the_box/machines/administrator/tools/ntpdate/src=/usr/src/debug/ntpdate -flto=auto   conftest.c >&5
configure:7434: $? = 0
configure:7434: result: yes
configure:7445: checking for egrep -e
configure:7575: result: /usr/bin/grep -E
configure:7603: checking for unsigned long long int
configure:7645: cc -o conftest -march=x86-64 -mtune=generic -O2 -pipe -fno-plt -fexceptions         -Wp,-D_FORTIFY_SOURCE=3 -Wformat -Werror=format-security         -fstack-clash-protection -fcf-protection         -fno-omit-frame-pointer -mno-omit-leaf-frame-pointer -Wno-incompatible-pointer-types -g -ffile-prefix-map=/home/esteban/Escritorio/hack_the_box/machines/administrator/tools/ntpdate/src=/usr/src/debug/ntpdate -flto=auto  -Wl,-O1 -Wl,--sort-common -Wl,--as-needed -Wl,-z,relro -Wl,-z,now          -Wl,-z,pack-relative-relocs -flto=auto conftest.c  >&5
configure:7645: $? = 0
configure:7657: result: yes
configure:7666: checking for vsnprintf
configure:7666: cc -o conftest -march=x86-64 -mtune=generic -O2 -pipe -fno-plt -fexceptions         -Wp,-D_FORTIFY_SOURCE=3 -Wformat -Werror=format-security         -fstack-clash-protection -fcf-protection         -fno-omit-frame-pointer -mno-omit-leaf-frame-pointer -Wno-incompatible-pointer-types -g -ffile-prefix-map=/home/esteban/Escritorio/hack_the_box/machines/administrator/tools/ntpdate/src=/usr/src/debug/ntpdate -flto=auto  -Wl,-O1 -Wl,--sort-common -Wl,--as-needed -Wl,-z,relro -Wl,-z,now          -Wl,-z,pack-relative-relocs -flto=auto conftest.c  >&5
conftest.c:63:6: warning: conflicting types for built-in function 'vsnprintf'; expected 'int(char *, long unsigned int,  const char *, __va_list_tag *)' [-Wbuiltin-declaration-mismatch]
   63 | char vsnprintf (void);
      |      ^~~~~~~~~
conftest.c:55:1: note: 'vsnprintf' is declared in header '<stdio.h>'
   54 | #include <limits.h>
   55 | #undef vsnprintf
configure:7666: $? = 0
configure:7666: result: yes
configure:7677: checking whether vsnprintf is C99 compliant
configure:7714: cc -o conftest -march=x86-64 -mtune=generic -O2 -pipe -fno-plt -fexceptions         -Wp,-D_FORTIFY_SOURCE=3 -Wformat -Werror=format-security         -fstack-clash-protection -fcf-protection         -fno-omit-frame-pointer -mno-omit-leaf-frame-pointer -Wno-incompatible-pointer-types -g -ffile-prefix-map=/home/esteban/Escritorio/hack_the_box/machines/administrator/tools/ntpdate/src=/usr/src/debug/ntpdate -flto=auto  -Wl,-O1 -Wl,--sort-common -Wl,--as-needed -Wl,-z,relro -Wl,-z,now          -Wl,-z,pack-relative-relocs -flto=auto conftest.c  >&5
configure:7714: $? = 0
configure:7714: ./conftest
configure:7714: $? = 0
configure:7728: result: yes
configure:7737: checking if C99-snprintf replacement vsnprintf will be used
configure:7746: result: no
configure:8186: checking for snprintf
configure:8186: cc -o conftest -march=x86-64 -mtune=generic -O2 -pipe -fno-plt -fexceptions         -Wp,-D_FORTIFY_SOURCE=3 -Wformat -Werror=format-security         -fstack-clash-protection -fcf-protection         -fno-omit-frame-pointer -mno-omit-leaf-frame-pointer -Wno-incompatible-pointer-types -g -ffile-prefix-map=/home/esteban/Escritorio/hack_the_box/machines/administrator/tools/ntpdate/src=/usr/src/debug/ntpdate -flto=auto  -Wl,-O1 -Wl,--sort-common -Wl,--as-needed -Wl,-z,relro -Wl,-z,now          -Wl,-z,pack-relative-relocs -flto=auto conftest.c  >&5
conftest.c:64:6: warning: conflicting types for built-in function 'snprintf'; expected 'int(char *, long unsigned int,  const char *, ...)' [-Wbuiltin-declaration-mismatch]
   64 | char snprintf (void);
      |      ^~~~~~~~
conftest.c:56:1: note: 'snprintf' is declared in header '<stdio.h>'
   55 | #include <limits.h>
   56 | #undef snprintf
configure:8186: $? = 0
configure:8186: result: yes
configure:8197: checking whether snprintf is C99 compliant
configure:8222: cc -o conftest -march=x86-64 -mtune=generic -O2 -pipe -fno-plt -fexceptions         -Wp,-D_FORTIFY_SOURCE=3 -Wformat -Werror=format-security         -fstack-clash-protection -fcf-protection         -fno-omit-frame-pointer -mno-omit-leaf-frame-pointer -Wno-incompatible-pointer-types -g -ffile-prefix-map=/home/esteban/Escritorio/hack_the_box/machines/administrator/tools/ntpdate/src=/usr/src/debug/ntpdate -flto=auto  -Wl,-O1 -Wl,--sort-common -Wl,--as-needed -Wl,-z,relro -Wl,-z,now          -Wl,-z,pack-relative-relocs -flto=auto conftest.c  >&5
configure:8222: $? = 0
configure:8222: ./conftest
configure:8222: $? = 0
configure:8236: result: yes
configure:8245: checking if C99-snprintf replacement snprintf will be used
configure:8254: result: no
configure:8424: checking for pkg-config
configure:8447: found /usr/bin/pkg-config
configure:8460: result: /usr/bin/pkg-config
configure:8487: checking if pkg-config is at least version 0.15.0
configure:8490: result: yes
configure:8540: checking for ld used by cc
configure:8609: result: /usr/bin/ld
configure:8616: checking if the linker (/usr/bin/ld) is GNU ld
configure:8633: result: yes
configure:8647: checking for directory path separator
configure:8669: result: '/'
configure:8688: checking line editing libraries
configure:8690: result: edit,editline
configure:8708: checking for readline() with -ledit
configure:8731: cc -o conftest -march=x86-64 -mtune=generic -O2 -pipe -fno-plt -fexceptions         -Wp,-D_FORTIFY_SOURCE=3 -Wformat -Werror=format-security         -fstack-clash-protection -fcf-protection         -fno-omit-frame-pointer -mno-omit-leaf-frame-pointer -Wno-incompatible-pointer-types -g -ffile-prefix-map=/home/esteban/Escritorio/hack_the_box/machines/administrator/tools/ntpdate/src=/usr/src/debug/ntpdate -flto=auto  -Wl,-O1 -Wl,--sort-common -Wl,--as-needed -Wl,-z,relro -Wl,-z,now          -Wl,-z,pack-relative-relocs -flto=auto conftest.c  -ledit >&5
configure:8731: $? = 0
configure:8744: result: yes
configure:8823: checking for readline.h
configure:8823: cc -c -march=x86-64 -mtune=generic -O2 -pipe -fno-plt -fexceptions         -Wp,-D_FORTIFY_SOURCE=3 -Wformat -Werror=format-security         -fstack-clash-protection -fcf-protection         -fno-omit-frame-pointer -mno-omit-leaf-frame-pointer -Wno-incompatible-pointer-types -g -ffile-prefix-map=/home/esteban/Escritorio/hack_the_box/machines/administrator/tools/ntpdate/src=/usr/src/debug/ntpdate -flto=auto  conftest.c >&5
conftest.c:78:10: fatal error: readline.h: No such file or directory
   78 | #include <readline.h>
      |          ^~~~~~~~~~~~
compilation terminated.
configure:8823: $? = 1
configure: failed program was:
| /* confdefs.h */
| #define PACKAGE_NAME "sntp"
| #define PACKAGE_TARNAME "sntp"
| #define PACKAGE_VERSION "4.2.8p18"
| #define PACKAGE_STRING "sntp 4.2.8p18"
| #define PACKAGE_BUGREPORT "https://bugs.ntp.org/"
| #define PACKAGE_URL "https://www.ntp.org/"
| #define PACKAGE "sntp"
| #define VERSION "4.2.8p18"
| #define STR_SYSTEM "x86_64-pc-linux-gnu"
| #define HAVE_STDIO_H 1
| #define HAVE_STDLIB_H 1
| #define HAVE_STRING_H 1
| #define HAVE_INTTYPES_H 1
| #define HAVE_STDINT_H 1
| #define HAVE_STRINGS_H 1
| #define HAVE_SYS_STAT_H 1
| #define HAVE_SYS_TYPES_H 1
| #define HAVE_UNISTD_H 1
| #define HAVE_WCHAR_H 1
| #define HAVE_STDARG_H 1
| #define STDC_HEADERS 1
| #define _ALL_SOURCE 1
| #define _DARWIN_C_SOURCE 1
| #define _GNU_SOURCE 1
| #define _HPUX_ALT_XOPEN_SOCKET_API 1
| #define _NETBSD_SOURCE 1
| #define _OPENBSD_SOURCE 1
| #define _POSIX_PTHREAD_SEMANTICS 1
| #define __STDC_WANT_IEC_60559_ATTRIBS_EXT__ 1
| #define __STDC_WANT_IEC_60559_BFP_EXT__ 1
| #define __STDC_WANT_IEC_60559_DFP_EXT__ 1
| #define __STDC_WANT_IEC_60559_EXT__ 1
| #define __STDC_WANT_IEC_60559_FUNCS_EXT__ 1
| #define __STDC_WANT_IEC_60559_TYPES_EXT__ 1
| #define __STDC_WANT_LIB_EXT2__ 1
| #define __STDC_WANT_MATH_SPEC_FUNCS__ 1
| #define _TANDEM_SOURCE 1
| #define __EXTENSIONS__ 1
| #define HAVE___ATTRIBUTE__ /**/
| #define HAVE_FORK 1
| #define HAVE_VFORK 1
| #define HAVE_VPRINTF 1
| #define HAVE_DECL_STRERROR_R 1
| #define HAVE_UNSIGNED_LONG_LONG_INT 1
| #define HAVE_VSNPRINTF 1
| #define HAVE_SNPRINTF 1
| #define DIR_SEP '/'
| /* end confdefs.h.  */
| #include <stddef.h>
| #ifdef HAVE_STDIO_H
| # include <stdio.h>
| #endif
| #ifdef HAVE_STDLIB_H
| # include <stdlib.h>
| #endif
| #ifdef HAVE_STRING_H
| # include <string.h>
| #endif
| #ifdef HAVE_INTTYPES_H
| # include <inttypes.h>
| #endif
| #ifdef HAVE_STDINT_H
| # include <stdint.h>
| #endif
| #ifdef HAVE_STRINGS_H
| # include <strings.h>
| #endif
| #ifdef HAVE_SYS_TYPES_H
| # include <sys/types.h>
| #endif
| #ifdef HAVE_SYS_STAT_H
| # include <sys/stat.h>
| #endif
| #ifdef HAVE_UNISTD_H
| # include <unistd.h>
| #endif
| #include <readline.h>
configure:8823: result: no
configure:8829: checking for readline/readline.h
configure:8829: cc -c -march=x86-64 -mtune=generic -O2 -pipe -fno-plt -fexceptions         -Wp,-D_FORTIFY_SOURCE=3 -Wformat -Werror=format-security         -fstack-clash-protection -fcf-protection         -fno-omit-frame-pointer -mno-omit-leaf-frame-pointer -Wno-incompatible-pointer-types -g -ffile-prefix-map=/home/esteban/Escritorio/hack_the_box/machines/administrator/tools/ntpdate/src=/usr/src/debug/ntpdate -flto=auto  conftest.c >&5
configure:8829: $? = 0
configure:8829: result: yes
configure:8835: checking for histedit.h
configure:8835: cc -c -march=x86-64 -mtune=generic -O2 -pipe -fno-plt -fexceptions         -Wp,-D_FORTIFY_SOURCE=3 -Wformat -Werror=format-security         -fstack-clash-protection -fcf-protection         -fno-omit-frame-pointer -mno-omit-leaf-frame-pointer -Wno-incompatible-pointer-types -g -ffile-prefix-map=/home/esteban/Escritorio/hack_the_box/machines/administrator/tools/ntpdate/src=/usr/src/debug/ntpdate -flto=auto  conftest.c >&5
configure:8835: $? = 0
configure:8835: result: yes
configure:8842: checking for history.h
configure:8842: cc -c -march=x86-64 -mtune=generic -O2 -pipe -fno-plt -fexceptions         -Wp,-D_FORTIFY_SOURCE=3 -Wformat -Werror=format-security         -fstack-clash-protection -fcf-protection         -fno-omit-frame-pointer -mno-omit-leaf-frame-pointer -Wno-incompatible-pointer-types -g -ffile-prefix-map=/home/esteban/Escritorio/hack_the_box/machines/administrator/tools/ntpdate/src=/usr/src/debug/ntpdate -flto=auto  conftest.c >&5
conftest.c:80:10: fatal error: history.h: No such file or directory
   80 | #include <history.h>
      |          ^~~~~~~~~~~
compilation terminated.
configure:8842: $? = 1
configure: failed program was:
| /* confdefs.h */
| #define PACKAGE_NAME "sntp"
| #define PACKAGE_TARNAME "sntp"
| #define PACKAGE_VERSION "4.2.8p18"
| #define PACKAGE_STRING "sntp 4.2.8p18"
| #define PACKAGE_BUGREPORT "https://bugs.ntp.org/"
| #define PACKAGE_URL "https://www.ntp.org/"
| #define PACKAGE "sntp"
| #define VERSION "4.2.8p18"
| #define STR_SYSTEM "x86_64-pc-linux-gnu"
| #define HAVE_STDIO_H 1
| #define HAVE_STDLIB_H 1
| #define HAVE_STRING_H 1
| #define HAVE_INTTYPES_H 1
| #define HAVE_STDINT_H 1
| #define HAVE_STRINGS_H 1
| #define HAVE_SYS_STAT_H 1
| #define HAVE_SYS_TYPES_H 1
| #define HAVE_UNISTD_H 1
| #define HAVE_WCHAR_H 1
| #define HAVE_STDARG_H 1
| #define STDC_HEADERS 1
| #define _ALL_SOURCE 1
| #define _DARWIN_C_SOURCE 1
| #define _GNU_SOURCE 1
| #define _HPUX_ALT_XOPEN_SOCKET_API 1
| #define _NETBSD_SOURCE 1
| #define _OPENBSD_SOURCE 1
| #define _POSIX_PTHREAD_SEMANTICS 1
| #define __STDC_WANT_IEC_60559_ATTRIBS_EXT__ 1
| #define __STDC_WANT_IEC_60559_BFP_EXT__ 1
| #define __STDC_WANT_IEC_60559_DFP_EXT__ 1
| #define __STDC_WANT_IEC_60559_EXT__ 1
| #define __STDC_WANT_IEC_60559_FUNCS_EXT__ 1
| #define __STDC_WANT_IEC_60559_TYPES_EXT__ 1
| #define __STDC_WANT_LIB_EXT2__ 1
| #define __STDC_WANT_MATH_SPEC_FUNCS__ 1
| #define _TANDEM_SOURCE 1
| #define __EXTENSIONS__ 1
| #define HAVE___ATTRIBUTE__ /**/
| #define HAVE_FORK 1
| #define HAVE_VFORK 1
| #define HAVE_VPRINTF 1
| #define HAVE_DECL_STRERROR_R 1
| #define HAVE_UNSIGNED_LONG_LONG_INT 1
| #define HAVE_VSNPRINTF 1
| #define HAVE_SNPRINTF 1
| #define DIR_SEP '/'
| #define HAVE_READLINE_READLINE_H 1
| #define HAVE_HISTEDIT_H 1
| /* end confdefs.h.  */
| #include <stddef.h>
| #ifdef HAVE_STDIO_H
| # include <stdio.h>
| #endif
| #ifdef HAVE_STDLIB_H
| # include <stdlib.h>
| #endif
| #ifdef HAVE_STRING_H
| # include <string.h>
| #endif
| #ifdef HAVE_INTTYPES_H
| # include <inttypes.h>
| #endif
| #ifdef HAVE_STDINT_H
| # include <stdint.h>
| #endif
| #ifdef HAVE_STRINGS_H
| # include <strings.h>
| #endif
| #ifdef HAVE_SYS_TYPES_H
| # include <sys/types.h>
| #endif
| #ifdef HAVE_SYS_STAT_H
| # include <sys/stat.h>
| #endif
| #ifdef HAVE_UNISTD_H
| # include <unistd.h>
| #endif
| #include <history.h>
configure:8842: result: no
configure:8848: checking for readline/history.h
configure:8848: cc -c -march=x86-64 -mtune=generic -O2 -pipe -fno-plt -fexceptions         -Wp,-D_FORTIFY_SOURCE=3 -Wformat -Werror=format-security         -fstack-clash-protection -fcf-protection         -fno-omit-frame-pointer -mno-omit-leaf-frame-pointer -Wno-incompatible-pointer-types -g -ffile-prefix-map=/home/esteban/Escritorio/hack_the_box/machines/administrator/tools/ntpdate/src=/usr/src/debug/ntpdate -flto=auto  conftest.c >&5
configure:8848: $? = 0
configure:8848: result: yes
configure:8858: checking number of arguments to el_init()
configure:8881: cc -c -march=x86-64 -mtune=generic -O2 -pipe -fno-plt -fexceptions         -Wp,-D_FORTIFY_SOURCE=3 -Wformat -Werror=format-security         -fstack-clash-protection -fcf-protection         -fno-omit-frame-pointer -mno-omit-leaf-frame-pointer -Wno-incompatible-pointer-types -g -ffile-prefix-map=/home/esteban/Escritorio/hack_the_box/machines/administrator/tools/ntpdate/src=/usr/src/debug/ntpdate -flto=auto  conftest.c >&5
configure:8881: $? = 0
configure:8893: result: 4
configure:8900: checking whether readline supports history
configure:8927: cc -o conftest -march=x86-64 -mtune=generic -O2 -pipe -fno-plt -fexceptions         -Wp,-D_FORTIFY_SOURCE=3 -Wformat -Werror=format-security         -fstack-clash-protection -fcf-protection         -fno-omit-frame-pointer -mno-omit-leaf-frame-pointer -Wno-incompatible-pointer-types -g -ffile-prefix-map=/home/esteban/Escritorio/hack_the_box/machines/administrator/tools/ntpdate/src=/usr/src/debug/ntpdate -flto=auto  -Wl,-O1 -Wl,--sort-common -Wl,--as-needed -Wl,-z,relro -Wl,-z,now          -Wl,-z,pack-relative-relocs -flto=auto conftest.c  -ledit >&5
configure:8927: $? = 0
configure:8935: result: yes
configure:8957: checking for library containing cos
configure:8993: cc -o conftest -march=x86-64 -mtune=generic -O2 -pipe -fno-plt -fexceptions         -Wp,-D_FORTIFY_SOURCE=3 -Wformat -Werror=format-security         -fstack-clash-protection -fcf-protection         -fno-omit-frame-pointer -mno-omit-leaf-frame-pointer -Wno-incompatible-pointer-types -g -ffile-prefix-map=/home/esteban/Escritorio/hack_the_box/machines/administrator/tools/ntpdate/src=/usr/src/debug/ntpdate -flto=auto  -Wl,-O1 -Wl,--sort-common -Wl,--as-needed -Wl,-z,relro -Wl,-z,now          -Wl,-z,pack-relative-relocs -flto=auto conftest.c  >&5
conftest.c:65:6: warning: conflicting types for built-in function 'cos'; expected 'double(double)' [-Wbuiltin-declaration-mismatch]
   65 | char cos (void);
      |      ^~~
conftest.c:1:1: note: 'cos' is declared in header '<math.h>'
    1 | /* confdefs.h */
/usr/bin/ld: /tmp/ccJlhPWL.ltrans0.ltrans.o: in function `main':
/usr/src/debug/ntpdate/ntp-4.2.8p18/sntp/conftest.c:69:(.text.startup+0xa): undefined reference to `cos'
collect2: error: ld returned 1 exit status
configure:8993: $? = 1
configure: failed program was:
| /* confdefs.h */
| #define PACKAGE_NAME "sntp"
| #define PACKAGE_TARNAME "sntp"
| #define PACKAGE_VERSION "4.2.8p18"
| #define PACKAGE_STRING "sntp 4.2.8p18"
| #define PACKAGE_BUGREPORT "https://bugs.ntp.org/"
| #define PACKAGE_URL "https://www.ntp.org/"
| #define PACKAGE "sntp"
| #define VERSION "4.2.8p18"
| #define STR_SYSTEM "x86_64-pc-linux-gnu"
| #define HAVE_STDIO_H 1
| #define HAVE_STDLIB_H 1
| #define HAVE_STRING_H 1
| #define HAVE_INTTYPES_H 1
| #define HAVE_STDINT_H 1
| #define HAVE_STRINGS_H 1
| #define HAVE_SYS_STAT_H 1
| #define HAVE_SYS_TYPES_H 1
| #define HAVE_UNISTD_H 1
| #define HAVE_WCHAR_H 1
| #define HAVE_STDARG_H 1
| #define STDC_HEADERS 1
| #define _ALL_SOURCE 1
| #define _DARWIN_C_SOURCE 1
| #define _GNU_SOURCE 1
| #define _HPUX_ALT_XOPEN_SOCKET_API 1
| #define _NETBSD_SOURCE 1
| #define _OPENBSD_SOURCE 1
| #define _POSIX_PTHREAD_SEMANTICS 1
| #define __STDC_WANT_IEC_60559_ATTRIBS_EXT__ 1
| #define __STDC_WANT_IEC_60559_BFP_EXT__ 1
| #define __STDC_WANT_IEC_60559_DFP_EXT__ 1
| #define __STDC_WANT_IEC_60559_EXT__ 1
| #define __STDC_WANT_IEC_60559_FUNCS_EXT__ 1
| #define __STDC_WANT_IEC_60559_TYPES_EXT__ 1
| #define __STDC_WANT_LIB_EXT2__ 1
| #define __STDC_WANT_MATH_SPEC_FUNCS__ 1
| #define _TANDEM_SOURCE 1
| #define __EXTENSIONS__ 1
| #define HAVE___ATTRIBUTE__ /**/
| #define HAVE_FORK 1
| #define HAVE_VFORK 1
| #define HAVE_VPRINTF 1
| #define HAVE_DECL_STRERROR_R 1
| #define HAVE_UNSIGNED_LONG_LONG_INT 1
| #define HAVE_VSNPRINTF 1
| #define HAVE_SNPRINTF 1
| #define DIR_SEP '/'
| #define HAVE_READLINE_READLINE_H 1
| #define HAVE_HISTEDIT_H 1
| #define HAVE_READLINE_HISTORY_H 1
| #define EL_INIT_ARGS 4
| #define HAVE_READLINE_HISTORY 1
| /* end confdefs.h.  */
| 
| /* Override any GCC internal prototype to avoid an error.
|    Use char because int might match the return type of a GCC
|    builtin and then its argument prototype would still apply.
|    The 'extern "C"' is for builds by C++ compilers;
|    although this is not generally supported in C code supporting it here
|    has little cost and some practical benefit (sr 110532).  */
| #ifdef __cplusplus
| extern "C"
| #endif
| char cos (void);
| int
| main (void)
| {
| return cos ();
|   ;
|   return 0;
| }
configure:8993: cc -o conftest -march=x86-64 -mtune=generic -O2 -pipe -fno-plt -fexceptions         -Wp,-D_FORTIFY_SOURCE=3 -Wformat -Werror=format-security         -fstack-clash-protection -fcf-protection         -fno-omit-frame-pointer -mno-omit-leaf-frame-pointer -Wno-incompatible-pointer-types -g -ffile-prefix-map=/home/esteban/Escritorio/hack_the_box/machines/administrator/tools/ntpdate/src=/usr/src/debug/ntpdate -flto=auto  -Wl,-O1 -Wl,--sort-common -Wl,--as-needed -Wl,-z,relro -Wl,-z,now          -Wl,-z,pack-relative-relocs -flto=auto conftest.c -lm   >&5
conftest.c:65:6: warning: conflicting types for built-in function 'cos'; expected 'double(double)' [-Wbuiltin-declaration-mismatch]
   65 | char cos (void);
      |      ^~~
conftest.c:1:1: note: 'cos' is declared in header '<math.h>'
    1 | /* confdefs.h */
configure:8993: $? = 0
configure:9015: result: -lm
configure:9034: checking for working fork
configure:9058: cc -o conftest -march=x86-64 -mtune=generic -O2 -pipe -fno-plt -fexceptions         -Wp,-D_FORTIFY_SOURCE=3 -Wformat -Werror=format-security         -fstack-clash-protection -fcf-protection         -fno-omit-frame-pointer -mno-omit-leaf-frame-pointer -Wno-incompatible-pointer-types -g -ffile-prefix-map=/home/esteban/Escritorio/hack_the_box/machines/administrator/tools/ntpdate/src=/usr/src/debug/ntpdate -flto=auto  -Wl,-O1 -Wl,--sort-common -Wl,--as-needed -Wl,-z,relro -Wl,-z,now          -Wl,-z,pack-relative-relocs -flto=auto conftest.c  >&5
configure:9058: $? = 0
configure:9058: ./conftest
configure:9058: $? = 0
configure:9072: result: yes
configure:9093: checking for working vfork
configure:9225: result: yes
configure:9252: checking for working alloca.h
configure:9270: cc -o conftest -march=x86-64 -mtune=generic -O2 -pipe -fno-plt -fexceptions         -Wp,-D_FORTIFY_SOURCE=3 -Wformat -Werror=format-security         -fstack-clash-protection -fcf-protection         -fno-omit-frame-pointer -mno-omit-leaf-frame-pointer -Wno-incompatible-pointer-types -g -ffile-prefix-map=/home/esteban/Escritorio/hack_the_box/machines/administrator/tools/ntpdate/src=/usr/src/debug/ntpdate -flto=auto  -Wl,-O1 -Wl,--sort-common -Wl,--as-needed -Wl,-z,relro -Wl,-z,now          -Wl,-z,pack-relative-relocs -flto=auto conftest.c  >&5
configure:9270: $? = 0
configure:9281: result: yes
configure:9289: checking for alloca
configure:9334: result: yes
configure:9413: checking whether strerror_r returns char *
configure:9438: cc -c -march=x86-64 -mtune=generic -O2 -pipe -fno-plt -fexceptions         -Wp,-D_FORTIFY_SOURCE=3 -Wformat -Werror=format-security         -fstack-clash-protection -fcf-protection         -fno-omit-frame-pointer -mno-omit-leaf-frame-pointer -Wno-incompatible-pointer-types -g -ffile-prefix-map=/home/esteban/Escritorio/hack_the_box/machines/administrator/tools/ntpdate/src=/usr/src/debug/ntpdate -flto=auto  conftest.c >&5
configure:9438: $? = 0
configure:9448: result: yes
configure:9498: checking for library containing clock_gettime
configure:9534: cc -o conftest -march=x86-64 -mtune=generic -O2 -pipe -fno-plt -fexceptions         -Wp,-D_FORTIFY_SOURCE=3 -Wformat -Werror=format-security         -fstack-clash-protection -fcf-protection         -fno-omit-frame-pointer -mno-omit-leaf-frame-pointer -Wno-incompatible-pointer-types -g -ffile-prefix-map=/home/esteban/Escritorio/hack_the_box/machines/administrator/tools/ntpdate/src=/usr/src/debug/ntpdate -flto=auto  -Wl,-O1 -Wl,--sort-common -Wl,--as-needed -Wl,-z,relro -Wl,-z,now          -Wl,-z,pack-relative-relocs -flto=auto conftest.c  >&5
configure:9534: $? = 0
configure:9556: result: none required
configure:9570: checking for clock_getres
configure:9570: cc -o conftest -march=x86-64 -mtune=generic -O2 -pipe -fno-plt -fexceptions         -Wp,-D_FORTIFY_SOURCE=3 -Wformat -Werror=format-security         -fstack-clash-protection -fcf-protection         -fno-omit-frame-pointer -mno-omit-leaf-frame-pointer -Wno-incompatible-pointer-types -g -ffile-prefix-map=/home/esteban/Escritorio/hack_the_box/machines/administrator/tools/ntpdate/src=/usr/src/debug/ntpdate -flto=auto  -Wl,-O1 -Wl,--sort-common -Wl,--as-needed -Wl,-z,relro -Wl,-z,now          -Wl,-z,pack-relative-relocs -flto=auto conftest.c  >&5
configure:9570: $? = 0
configure:9570: result: yes
configure:9576: checking for clock_gettime
configure:9576: cc -o conftest -march=x86-64 -mtune=generic -O2 -pipe -fno-plt -fexceptions         -Wp,-D_FORTIFY_SOURCE=3 -Wformat -Werror=format-security         -fstack-clash-protection -fcf-protection         -fno-omit-frame-pointer -mno-omit-leaf-frame-pointer -Wno-incompatible-pointer-types -g -ffile-prefix-map=/home/esteban/Escritorio/hack_the_box/machines/administrator/tools/ntpdate/src=/usr/src/debug/ntpdate -flto=auto  -Wl,-O1 -Wl,--sort-common -Wl,--as-needed -Wl,-z,relro -Wl,-z,now          -Wl,-z,pack-relative-relocs -flto=auto conftest.c  >&5
configure:9576: $? = 0
configure:9576: result: yes
configure:9582: checking for clock_settime
configure:9582: cc -o conftest -march=x86-64 -mtune=generic -O2 -pipe -fno-plt -fexceptions         -Wp,-D_FORTIFY_SOURCE=3 -Wformat -Werror=format-security         -fstack-clash-protection -fcf-protection         -fno-omit-frame-pointer -mno-omit-leaf-frame-pointer -Wno-incompatible-pointer-types -g -ffile-prefix-map=/home/esteban/Escritorio/hack_the_box/machines/administrator/tools/ntpdate/src=/usr/src/debug/ntpdate -flto=auto  -Wl,-O1 -Wl,--sort-common -Wl,--as-needed -Wl,-z,relro -Wl,-z,now          -Wl,-z,pack-relative-relocs -flto=auto conftest.c  >&5
configure:9582: $? = 0
configure:9582: result: yes
configure:9592: checking for getclock
configure:9592: cc -o conftest -march=x86-64 -mtune=generic -O2 -pipe -fno-plt -fexceptions         -Wp,-D_FORTIFY_SOURCE=3 -Wformat -Werror=format-security         -fstack-clash-protection -fcf-protection         -fno-omit-frame-pointer -mno-omit-leaf-frame-pointer -Wno-incompatible-pointer-types -g -ffile-prefix-map=/home/esteban/Escritorio/hack_the_box/machines/administrator/tools/ntpdate/src=/usr/src/debug/ntpdate -flto=auto  -Wl,-O1 -Wl,--sort-common -Wl,--as-needed -Wl,-z,relro -Wl,-z,now          -Wl,-z,pack-relative-relocs -flto=auto conftest.c  >&5
/usr/bin/ld: /tmp/ccdFaVHS.ltrans0.ltrans.o: in function `main':
/usr/src/debug/ntpdate/ntp-4.2.8p18/sntp/conftest.c:91:(.text.startup+0xa): undefined reference to `getclock'
collect2: error: ld returned 1 exit status
configure:9592: $? = 1
configure: failed program was:
| /* confdefs.h */
| #define PACKAGE_NAME "sntp"
| #define PACKAGE_TARNAME "sntp"
| #define PACKAGE_VERSION "4.2.8p18"
| #define PACKAGE_STRING "sntp 4.2.8p18"
| #define PACKAGE_BUGREPORT "https://bugs.ntp.org/"
| #define PACKAGE_URL "https://www.ntp.org/"
| #define PACKAGE "sntp"
| #define VERSION "4.2.8p18"
| #define STR_SYSTEM "x86_64-pc-linux-gnu"
| #define HAVE_STDIO_H 1
| #define HAVE_STDLIB_H 1
| #define HAVE_STRING_H 1
| #define HAVE_INTTYPES_H 1
| #define HAVE_STDINT_H 1
| #define HAVE_STRINGS_H 1
| #define HAVE_SYS_STAT_H 1
| #define HAVE_SYS_TYPES_H 1
| #define HAVE_UNISTD_H 1
| #define HAVE_WCHAR_H 1
| #define HAVE_STDARG_H 1
| #define STDC_HEADERS 1
| #define _ALL_SOURCE 1
| #define _DARWIN_C_SOURCE 1
| #define _GNU_SOURCE 1
| #define _HPUX_ALT_XOPEN_SOCKET_API 1
| #define _NETBSD_SOURCE 1
| #define _OPENBSD_SOURCE 1
| #define _POSIX_PTHREAD_SEMANTICS 1
| #define __STDC_WANT_IEC_60559_ATTRIBS_EXT__ 1
| #define __STDC_WANT_IEC_60559_BFP_EXT__ 1
| #define __STDC_WANT_IEC_60559_DFP_EXT__ 1
| #define __STDC_WANT_IEC_60559_EXT__ 1
| #define __STDC_WANT_IEC_60559_FUNCS_EXT__ 1
| #define __STDC_WANT_IEC_60559_TYPES_EXT__ 1
| #define __STDC_WANT_LIB_EXT2__ 1
| #define __STDC_WANT_MATH_SPEC_FUNCS__ 1
| #define _TANDEM_SOURCE 1
| #define __EXTENSIONS__ 1
| #define HAVE___ATTRIBUTE__ /**/
| #define HAVE_FORK 1
| #define HAVE_VFORK 1
| #define HAVE_VPRINTF 1
| #define HAVE_DECL_STRERROR_R 1
| #define HAVE_UNSIGNED_LONG_LONG_INT 1
| #define HAVE_VSNPRINTF 1
| #define HAVE_SNPRINTF 1
| #define DIR_SEP '/'
| #define HAVE_READLINE_READLINE_H 1
| #define HAVE_HISTEDIT_H 1
| #define HAVE_READLINE_HISTORY_H 1
| #define EL_INIT_ARGS 4
| #define HAVE_READLINE_HISTORY 1
| #define HAVE_WORKING_VFORK 1
| #define HAVE_WORKING_FORK 1
| #define HAVE_ALLOCA_H 1
| #define HAVE_ALLOCA 1
| #define HAVE_STRERROR_R 1
| #define STRERROR_R_CHAR_P 1
| #define HAVE_CLOCK_GETRES 1
| #define HAVE_CLOCK_GETTIME 1
| #define HAVE_CLOCK_SETTIME 1
| /* end confdefs.h.  */
| /* Define getclock to an innocuous variant, in case <limits.h> declares getclock.
|    For example, HP-UX 11i <limits.h> declares gettimeofday.  */
| #define getclock innocuous_getclock
| 
| /* System header to define __stub macros and hopefully few prototypes,
|    which can conflict with char getclock (void); below.  */
| 
| #include <limits.h>
| #undef getclock
| 
| /* Override any GCC internal prototype to avoid an error.
|    Use char because int might match the return type of a GCC
|    builtin and then its argument prototype would still apply.  */
| #ifdef __cplusplus
| extern "C"
| #endif
| char getclock (void);
| /* The GNU C library defines this for functions which it implements
|     to always fail with ENOSYS.  Some functions are actually named
|     something starting with __ and the normal name is an alias.  */
| #if defined __stub_getclock || defined __stub___getclock
| choke me
| #endif
| 
| int
| main (void)
| {
| return getclock ();
|   ;
|   return 0;
| }
configure:9592: result: no
configure:9598: checking for stime
configure:9598: cc -o conftest -march=x86-64 -mtune=generic -O2 -pipe -fno-plt -fexceptions         -Wp,-D_FORTIFY_SOURCE=3 -Wformat -Werror=format-security         -fstack-clash-protection -fcf-protection         -fno-omit-frame-pointer -mno-omit-leaf-frame-pointer -Wno-incompatible-pointer-types -g -ffile-prefix-map=/home/esteban/Escritorio/hack_the_box/machines/administrator/tools/ntpdate/src=/usr/src/debug/ntpdate -flto=auto  -Wl,-O1 -Wl,--sort-common -Wl,--as-needed -Wl,-z,relro -Wl,-z,now          -Wl,-z,pack-relative-relocs -flto=auto conftest.c  >&5
/usr/bin/ld: /tmp/ccf9xW8K.ltrans0.ltrans.o: in function `main':
/usr/src/debug/ntpdate/ntp-4.2.8p18/sntp/conftest.c:91:(.text.startup+0xa): undefined reference to `stime'
collect2: error: ld returned 1 exit status
configure:9598: $? = 1
configure: failed program was:
| /* confdefs.h */
| #define PACKAGE_NAME "sntp"
| #define PACKAGE_TARNAME "sntp"
| #define PACKAGE_VERSION "4.2.8p18"
| #define PACKAGE_STRING "sntp 4.2.8p18"
| #define PACKAGE_BUGREPORT "https://bugs.ntp.org/"
| #define PACKAGE_URL "https://www.ntp.org/"
| #define PACKAGE "sntp"
| #define VERSION "4.2.8p18"
| #define STR_SYSTEM "x86_64-pc-linux-gnu"
| #define HAVE_STDIO_H 1
| #define HAVE_STDLIB_H 1
| #define HAVE_STRING_H 1
| #define HAVE_INTTYPES_H 1
| #define HAVE_STDINT_H 1
| #define HAVE_STRINGS_H 1
| #define HAVE_SYS_STAT_H 1
| #define HAVE_SYS_TYPES_H 1
| #define HAVE_UNISTD_H 1
| #define HAVE_WCHAR_H 1
| #define HAVE_STDARG_H 1
| #define STDC_HEADERS 1
| #define _ALL_SOURCE 1
| #define _DARWIN_C_SOURCE 1
| #define _GNU_SOURCE 1
| #define _HPUX_ALT_XOPEN_SOCKET_API 1
| #define _NETBSD_SOURCE 1
| #define _OPENBSD_SOURCE 1
| #define _POSIX_PTHREAD_SEMANTICS 1
| #define __STDC_WANT_IEC_60559_ATTRIBS_EXT__ 1
| #define __STDC_WANT_IEC_60559_BFP_EXT__ 1
| #define __STDC_WANT_IEC_60559_DFP_EXT__ 1
| #define __STDC_WANT_IEC_60559_EXT__ 1
| #define __STDC_WANT_IEC_60559_FUNCS_EXT__ 1
| #define __STDC_WANT_IEC_60559_TYPES_EXT__ 1
| #define __STDC_WANT_LIB_EXT2__ 1
| #define __STDC_WANT_MATH_SPEC_FUNCS__ 1
| #define _TANDEM_SOURCE 1
| #define __EXTENSIONS__ 1
| #define HAVE___ATTRIBUTE__ /**/
| #define HAVE_FORK 1
| #define HAVE_VFORK 1
| #define HAVE_VPRINTF 1
| #define HAVE_DECL_STRERROR_R 1
| #define HAVE_UNSIGNED_LONG_LONG_INT 1
| #define HAVE_VSNPRINTF 1
| #define HAVE_SNPRINTF 1
| #define DIR_SEP '/'
| #define HAVE_READLINE_READLINE_H 1
| #define HAVE_HISTEDIT_H 1
| #define HAVE_READLINE_HISTORY_H 1
| #define EL_INIT_ARGS 4
| #define HAVE_READLINE_HISTORY 1
| #define HAVE_WORKING_VFORK 1
| #define HAVE_WORKING_FORK 1
| #define HAVE_ALLOCA_H 1
| #define HAVE_ALLOCA 1
| #define HAVE_STRERROR_R 1
| #define STRERROR_R_CHAR_P 1
| #define HAVE_CLOCK_GETRES 1
| #define HAVE_CLOCK_GETTIME 1
| #define HAVE_CLOCK_SETTIME 1
| /* end confdefs.h.  */
| /* Define stime to an innocuous variant, in case <limits.h> declares stime.
|    For example, HP-UX 11i <limits.h> declares gettimeofday.  */
| #define stime innocuous_stime
| 
| /* System header to define __stub macros and hopefully few prototypes,
|    which can conflict with char stime (void); below.  */
| 
| #include <limits.h>
| #undef stime
| 
| /* Override any GCC internal prototype to avoid an error.
|    Use char because int might match the return type of a GCC
|    builtin and then its argument prototype would still apply.  */
| #ifdef __cplusplus
| extern "C"
| #endif
| char stime (void);
| /* The GNU C library defines this for functions which it implements
|     to always fail with ENOSYS.  Some functions are actually named
|     something starting with __ and the normal name is an alias.  */
| #if defined __stub_stime || defined __stub___stime
| choke me
| #endif
| 
| int
| main (void)
| {
| return stime ();
|   ;
|   return 0;
| }
configure:9598: result: no
configure:9604: checking for timegm
configure:9604: cc -o conftest -march=x86-64 -mtune=generic -O2 -pipe -fno-plt -fexceptions         -Wp,-D_FORTIFY_SOURCE=3 -Wformat -Werror=format-security         -fstack-clash-protection -fcf-protection         -fno-omit-frame-pointer -mno-omit-leaf-frame-pointer -Wno-incompatible-pointer-types -g -ffile-prefix-map=/home/esteban/Escritorio/hack_the_box/machines/administrator/tools/ntpdate/src=/usr/src/debug/ntpdate -flto=auto  -Wl,-O1 -Wl,--sort-common -Wl,--as-needed -Wl,-z,relro -Wl,-z,now          -Wl,-z,pack-relative-relocs -flto=auto conftest.c  >&5
configure:9604: $? = 0
configure:9604: result: yes
configure:9610: checking for strlcpy
configure:9610: cc -o conftest -march=x86-64 -mtune=generic -O2 -pipe -fno-plt -fexceptions         -Wp,-D_FORTIFY_SOURCE=3 -Wformat -Werror=format-security         -fstack-clash-protection -fcf-protection         -fno-omit-frame-pointer -mno-omit-leaf-frame-pointer -Wno-incompatible-pointer-types -g -ffile-prefix-map=/home/esteban/Escritorio/hack_the_box/machines/administrator/tools/ntpdate/src=/usr/src/debug/ntpdate -flto=auto  -Wl,-O1 -Wl,--sort-common -Wl,--as-needed -Wl,-z,relro -Wl,-z,now          -Wl,-z,pack-relative-relocs -flto=auto conftest.c  >&5
configure:9610: $? = 0
configure:9610: result: yes
configure:9616: checking for strlcat
configure:9616: cc -o conftest -march=x86-64 -mtune=generic -O2 -pipe -fno-plt -fexceptions         -Wp,-D_FORTIFY_SOURCE=3 -Wformat -Werror=format-security         -fstack-clash-protection -fcf-protection         -fno-omit-frame-pointer -mno-omit-leaf-frame-pointer -Wno-incompatible-pointer-types -g -ffile-prefix-map=/home/esteban/Escritorio/hack_the_box/machines/administrator/tools/ntpdate/src=/usr/src/debug/ntpdate -flto=auto  -Wl,-O1 -Wl,--sort-common -Wl,--as-needed -Wl,-z,relro -Wl,-z,now          -Wl,-z,pack-relative-relocs -flto=auto conftest.c  >&5
configure:9616: $? = 0
configure:9616: result: yes
configure:9627: checking for library containing snprintb
configure:9663: cc -o conftest -march=x86-64 -mtune=generic -O2 -pipe -fno-plt -fexceptions         -Wp,-D_FORTIFY_SOURCE=3 -Wformat -Werror=format-security         -fstack-clash-protection -fcf-protection         -fno-omit-frame-pointer -mno-omit-leaf-frame-pointer -Wno-incompatible-pointer-types -g -ffile-prefix-map=/home/esteban/Escritorio/hack_the_box/machines/administrator/tools/ntpdate/src=/usr/src/debug/ntpdate -flto=auto  -Wl,-O1 -Wl,--sort-common -Wl,--as-needed -Wl,-z,relro -Wl,-z,now          -Wl,-z,pack-relative-relocs -flto=auto conftest.c  >&5
/usr/bin/ld: /tmp/cc2kw0Pm.ltrans0.ltrans.o: in function `main':
/usr/src/debug/ntpdate/ntp-4.2.8p18/sntp/conftest.c:81:(.text.startup+0xa): undefined reference to `snprintb'
collect2: error: ld returned 1 exit status
configure:9663: $? = 1
configure: failed program was:
| /* confdefs.h */
| #define PACKAGE_NAME "sntp"
| #define PACKAGE_TARNAME "sntp"
| #define PACKAGE_VERSION "4.2.8p18"
| #define PACKAGE_STRING "sntp 4.2.8p18"
| #define PACKAGE_BUGREPORT "https://bugs.ntp.org/"
| #define PACKAGE_URL "https://www.ntp.org/"
| #define PACKAGE "sntp"
| #define VERSION "4.2.8p18"
| #define STR_SYSTEM "x86_64-pc-linux-gnu"
| #define HAVE_STDIO_H 1
| #define HAVE_STDLIB_H 1
| #define HAVE_STRING_H 1
| #define HAVE_INTTYPES_H 1
| #define HAVE_STDINT_H 1
| #define HAVE_STRINGS_H 1
| #define HAVE_SYS_STAT_H 1
| #define HAVE_SYS_TYPES_H 1
| #define HAVE_UNISTD_H 1
| #define HAVE_WCHAR_H 1
| #define HAVE_STDARG_H 1
| #define STDC_HEADERS 1
| #define _ALL_SOURCE 1
| #define _DARWIN_C_SOURCE 1
| #define _GNU_SOURCE 1
| #define _HPUX_ALT_XOPEN_SOCKET_API 1
| #define _NETBSD_SOURCE 1
| #define _OPENBSD_SOURCE 1
| #define _POSIX_PTHREAD_SEMANTICS 1
| #define __STDC_WANT_IEC_60559_ATTRIBS_EXT__ 1
| #define __STDC_WANT_IEC_60559_BFP_EXT__ 1
| #define __STDC_WANT_IEC_60559_DFP_EXT__ 1
| #define __STDC_WANT_IEC_60559_EXT__ 1
| #define __STDC_WANT_IEC_60559_FUNCS_EXT__ 1
| #define __STDC_WANT_IEC_60559_TYPES_EXT__ 1
| #define __STDC_WANT_LIB_EXT2__ 1
| #define __STDC_WANT_MATH_SPEC_FUNCS__ 1
| #define _TANDEM_SOURCE 1
| #define __EXTENSIONS__ 1
| #define HAVE___ATTRIBUTE__ /**/
| #define HAVE_FORK 1
| #define HAVE_VFORK 1
| #define HAVE_VPRINTF 1
| #define HAVE_DECL_STRERROR_R 1
| #define HAVE_UNSIGNED_LONG_LONG_INT 1
| #define HAVE_VSNPRINTF 1
| #define HAVE_SNPRINTF 1
| #define DIR_SEP '/'
| #define HAVE_READLINE_READLINE_H 1
| #define HAVE_HISTEDIT_H 1
| #define HAVE_READLINE_HISTORY_H 1
| #define EL_INIT_ARGS 4
| #define HAVE_READLINE_HISTORY 1
| #define HAVE_WORKING_VFORK 1
| #define HAVE_WORKING_FORK 1
| #define HAVE_ALLOCA_H 1
| #define HAVE_ALLOCA 1
| #define HAVE_STRERROR_R 1
| #define STRERROR_R_CHAR_P 1
| #define HAVE_CLOCK_GETRES 1
| #define HAVE_CLOCK_GETTIME 1
| #define HAVE_CLOCK_SETTIME 1
| #define HAVE_TIMEGM 1
| #define HAVE_STRLCPY 1
| #define HAVE_STRLCAT 1
| /* end confdefs.h.  */
| 
| /* Override any GCC internal prototype to avoid an error.
|    Use char because int might match the return type of a GCC
|    builtin and then its argument prototype would still apply.
|    The 'extern "C"' is for builds by C++ compilers;
|    although this is not generally supported in C code supporting it here
|    has little cost and some practical benefit (sr 110532).  */
| #ifdef __cplusplus
| extern "C"
| #endif
| char snprintb (void);
| int
| main (void)
| {
| return snprintb ();
|   ;
|   return 0;
| }
configure:9663: cc -o conftest -march=x86-64 -mtune=generic -O2 -pipe -fno-plt -fexceptions         -Wp,-D_FORTIFY_SOURCE=3 -Wformat -Werror=format-security         -fstack-clash-protection -fcf-protection         -fno-omit-frame-pointer -mno-omit-leaf-frame-pointer -Wno-incompatible-pointer-types -g -ffile-prefix-map=/home/esteban/Escritorio/hack_the_box/machines/administrator/tools/ntpdate/src=/usr/src/debug/ntpdate -flto=auto  -Wl,-O1 -Wl,--sort-common -Wl,--as-needed -Wl,-z,relro -Wl,-z,now          -Wl,-z,pack-relative-relocs -flto=auto conftest.c -lutil   >&5
/usr/bin/ld: /tmp/cchAzBDY.ltrans0.ltrans.o: in function `main':
/usr/src/debug/ntpdate/ntp-4.2.8p18/sntp/conftest.c:81:(.text.startup+0xa): undefined reference to `snprintb'
collect2: error: ld returned 1 exit status
configure:9663: $? = 1
configure: failed program was:
| /* confdefs.h */
| #define PACKAGE_NAME "sntp"
| #define PACKAGE_TARNAME "sntp"
| #define PACKAGE_VERSION "4.2.8p18"
| #define PACKAGE_STRING "sntp 4.2.8p18"
| #define PACKAGE_BUGREPORT "https://bugs.ntp.org/"
| #define PACKAGE_URL "https://www.ntp.org/"
| #define PACKAGE "sntp"
| #define VERSION "4.2.8p18"
| #define STR_SYSTEM "x86_64-pc-linux-gnu"
| #define HAVE_STDIO_H 1
| #define HAVE_STDLIB_H 1
| #define HAVE_STRING_H 1
| #define HAVE_INTTYPES_H 1
| #define HAVE_STDINT_H 1
| #define HAVE_STRINGS_H 1
| #define HAVE_SYS_STAT_H 1
| #define HAVE_SYS_TYPES_H 1
| #define HAVE_UNISTD_H 1
| #define HAVE_WCHAR_H 1
| #define HAVE_STDARG_H 1
| #define STDC_HEADERS 1
| #define _ALL_SOURCE 1
| #define _DARWIN_C_SOURCE 1
| #define _GNU_SOURCE 1
| #define _HPUX_ALT_XOPEN_SOCKET_API 1
| #define _NETBSD_SOURCE 1
| #define _OPENBSD_SOURCE 1
| #define _POSIX_PTHREAD_SEMANTICS 1
| #define __STDC_WANT_IEC_60559_ATTRIBS_EXT__ 1
| #define __STDC_WANT_IEC_60559_BFP_EXT__ 1
| #define __STDC_WANT_IEC_60559_DFP_EXT__ 1
| #define __STDC_WANT_IEC_60559_EXT__ 1
| #define __STDC_WANT_IEC_60559_FUNCS_EXT__ 1
| #define __STDC_WANT_IEC_60559_TYPES_EXT__ 1
| #define __STDC_WANT_LIB_EXT2__ 1
| #define __STDC_WANT_MATH_SPEC_FUNCS__ 1
| #define _TANDEM_SOURCE 1
| #define __EXTENSIONS__ 1
| #define HAVE___ATTRIBUTE__ /**/
| #define HAVE_FORK 1
| #define HAVE_VFORK 1
| #define HAVE_VPRINTF 1
| #define HAVE_DECL_STRERROR_R 1
| #define HAVE_UNSIGNED_LONG_LONG_INT 1
| #define HAVE_VSNPRINTF 1
| #define HAVE_SNPRINTF 1
| #define DIR_SEP '/'
| #define HAVE_READLINE_READLINE_H 1
| #define HAVE_HISTEDIT_H 1
| #define HAVE_READLINE_HISTORY_H 1
| #define EL_INIT_ARGS 4
| #define HAVE_READLINE_HISTORY 1
| #define HAVE_WORKING_VFORK 1
| #define HAVE_WORKING_FORK 1
| #define HAVE_ALLOCA_H 1
| #define HAVE_ALLOCA 1
| #define HAVE_STRERROR_R 1
| #define STRERROR_R_CHAR_P 1
| #define HAVE_CLOCK_GETRES 1
| #define HAVE_CLOCK_GETTIME 1
| #define HAVE_CLOCK_SETTIME 1
| #define HAVE_TIMEGM 1
| #define HAVE_STRLCPY 1
| #define HAVE_STRLCAT 1
| /* end confdefs.h.  */
| 
| /* Override any GCC internal prototype to avoid an error.
|    Use char because int might match the return type of a GCC
|    builtin and then its argument prototype would still apply.
|    The 'extern "C"' is for builds by C++ compilers;
|    although this is not generally supported in C code supporting it here
|    has little cost and some practical benefit (sr 110532).  */
| #ifdef __cplusplus
| extern "C"
| #endif
| char snprintb (void);
| int
| main (void)
| {
| return snprintb ();
|   ;
|   return 0;
| }
configure:9685: result: no
configure:9703: checking for errno.h
configure:9703: cc -c -march=x86-64 -mtune=generic -O2 -pipe -fno-plt -fexceptions         -Wp,-D_FORTIFY_SOURCE=3 -Wformat -Werror=format-security         -fstack-clash-protection -fcf-protection         -fno-omit-frame-pointer -mno-omit-leaf-frame-pointer -Wno-incompatible-pointer-types -g -ffile-prefix-map=/home/esteban/Escritorio/hack_the_box/machines/administrator/tools/ntpdate/src=/usr/src/debug/ntpdate -flto=auto  conftest.c >&5
configure:9703: $? = 0
configure:9703: result: yes
configure:9709: checking for sys/socket.h
configure:9709: cc -c -march=x86-64 -mtune=generic -O2 -pipe -fno-plt -fexceptions         -Wp,-D_FORTIFY_SOURCE=3 -Wformat -Werror=format-security         -fstack-clash-protection -fcf-protection         -fno-omit-frame-pointer -mno-omit-leaf-frame-pointer -Wno-incompatible-pointer-types -g -ffile-prefix-map=/home/esteban/Escritorio/hack_the_box/machines/administrator/tools/ntpdate/src=/usr/src/debug/ntpdate -flto=auto  conftest.c >&5
configure:9709: $? = 0
configure:9709: result: yes
configure:9715: checking for sys/types.h
configure:9715: result: yes
configure:9721: checking for time.h
configure:9721: cc -c -march=x86-64 -mtune=generic -O2 -pipe -fno-plt -fexceptions         -Wp,-D_FORTIFY_SOURCE=3 -Wformat -Werror=format-security         -fstack-clash-protection -fcf-protection         -fno-omit-frame-pointer -mno-omit-leaf-frame-pointer -Wno-incompatible-pointer-types -g -ffile-prefix-map=/home/esteban/Escritorio/hack_the_box/machines/administrator/tools/ntpdate/src=/usr/src/debug/ntpdate -flto=auto  conftest.c >&5
configure:9721: $? = 0
configure:9721: result: yes
configure:9728: checking for net/if.h
configure:9728: cc -c -march=x86-64 -mtune=generic -O2 -pipe -fno-plt -fexceptions         -Wp,-D_FORTIFY_SOURCE=3 -Wformat -Werror=format-security         -fstack-clash-protection -fcf-protection         -fno-omit-frame-pointer -mno-omit-leaf-frame-pointer -Wno-incompatible-pointer-types -g -ffile-prefix-map=/home/esteban/Escritorio/hack_the_box/machines/administrator/tools/ntpdate/src=/usr/src/debug/ntpdate -flto=auto  conftest.c >&5
configure:9728: $? = 0
configure:9728: result: yes
configure:9807: checking for linux/if_addr.h
configure:9807: cc -c -march=x86-64 -mtune=generic -O2 -pipe -fno-plt -fexceptions         -Wp,-D_FORTIFY_SOURCE=3 -Wformat -Werror=format-security         -fstack-clash-protection -fcf-protection         -fno-omit-frame-pointer -mno-omit-leaf-frame-pointer -Wno-incompatible-pointer-types -g -ffile-prefix-map=/home/esteban/Escritorio/hack_the_box/machines/administrator/tools/ntpdate/src=/usr/src/debug/ntpdate -flto=auto  conftest.c >&5
configure:9807: $? = 0
configure:9807: result: yes
configure:9824: checking for arpa/nameser.h
configure:9824: cc -c -march=x86-64 -mtune=generic -O2 -pipe -fno-plt -fexceptions         -Wp,-D_FORTIFY_SOURCE=3 -Wformat -Werror=format-security         -fstack-clash-protection -fcf-protection         -fno-omit-frame-pointer -mno-omit-leaf-frame-pointer -Wno-incompatible-pointer-types -g -ffile-prefix-map=/home/esteban/Escritorio/hack_the_box/machines/administrator/tools/ntpdate/src=/usr/src/debug/ntpdate -flto=auto  conftest.c >&5
configure:9824: $? = 0
configure:9824: result: yes
configure:9830: checking for sys/param.h
configure:9830: cc -c -march=x86-64 -mtune=generic -O2 -pipe -fno-plt -fexceptions         -Wp,-D_FORTIFY_SOURCE=3 -Wformat -Werror=format-security         -fstack-clash-protection -fcf-protection         -fno-omit-frame-pointer -mno-omit-leaf-frame-pointer -Wno-incompatible-pointer-types -g -ffile-prefix-map=/home/esteban/Escritorio/hack_the_box/machines/administrator/tools/ntpdate/src=/usr/src/debug/ntpdate -flto=auto  conftest.c >&5
configure:9830: $? = 0
configure:9830: result: yes
configure:9836: checking for sys/time.h
configure:9836: cc -c -march=x86-64 -mtune=generic -O2 -pipe -fno-plt -fexceptions         -Wp,-D_FORTIFY_SOURCE=3 -Wformat -Werror=format-security         -fstack-clash-protection -fcf-protection         -fno-omit-frame-pointer -mno-omit-leaf-frame-pointer -Wno-incompatible-pointer-types -g -ffile-prefix-map=/home/esteban/Escritorio/hack_the_box/machines/administrator/tools/ntpdate/src=/usr/src/debug/ntpdate -flto=auto  conftest.c >&5
configure:9836: $? = 0
configure:9836: result: yes
configure:9842: checking for sys/timers.h
configure:9842: cc -c -march=x86-64 -mtune=generic -O2 -pipe -fno-plt -fexceptions         -Wp,-D_FORTIFY_SOURCE=3 -Wformat -Werror=format-security         -fstack-clash-protection -fcf-protection         -fno-omit-frame-pointer -mno-omit-leaf-frame-pointer -Wno-incompatible-pointer-types -g -ffile-prefix-map=/home/esteban/Escritorio/hack_the_box/machines/administrator/tools/ntpdate/src=/usr/src/debug/ntpdate -flto=auto  conftest.c >&5
conftest.c:105:10: fatal error: sys/timers.h: No such file or directory
  105 | #include <sys/timers.h>
      |          ^~~~~~~~~~~~~~
compilation terminated.
configure:9842: $? = 1
configure: failed program was:
| /* confdefs.h */
| #define PACKAGE_NAME "sntp"
| #define PACKAGE_TARNAME "sntp"
| #define PACKAGE_VERSION "4.2.8p18"
| #define PACKAGE_STRING "sntp 4.2.8p18"
| #define PACKAGE_BUGREPORT "https://bugs.ntp.org/"
| #define PACKAGE_URL "https://www.ntp.org/"
| #define PACKAGE "sntp"
| #define VERSION "4.2.8p18"
| #define STR_SYSTEM "x86_64-pc-linux-gnu"
| #define HAVE_STDIO_H 1
| #define HAVE_STDLIB_H 1
| #define HAVE_STRING_H 1
| #define HAVE_INTTYPES_H 1
| #define HAVE_STDINT_H 1
| #define HAVE_STRINGS_H 1
| #define HAVE_SYS_STAT_H 1
| #define HAVE_SYS_TYPES_H 1
| #define HAVE_UNISTD_H 1
| #define HAVE_WCHAR_H 1
| #define HAVE_STDARG_H 1
| #define STDC_HEADERS 1
| #define _ALL_SOURCE 1
| #define _DARWIN_C_SOURCE 1
| #define _GNU_SOURCE 1
| #define _HPUX_ALT_XOPEN_SOCKET_API 1
| #define _NETBSD_SOURCE 1
| #define _OPENBSD_SOURCE 1
| #define _POSIX_PTHREAD_SEMANTICS 1
| #define __STDC_WANT_IEC_60559_ATTRIBS_EXT__ 1
| #define __STDC_WANT_IEC_60559_BFP_EXT__ 1
| #define __STDC_WANT_IEC_60559_DFP_EXT__ 1
| #define __STDC_WANT_IEC_60559_EXT__ 1
| #define __STDC_WANT_IEC_60559_FUNCS_EXT__ 1
| #define __STDC_WANT_IEC_60559_TYPES_EXT__ 1
| #define __STDC_WANT_LIB_EXT2__ 1
| #define __STDC_WANT_MATH_SPEC_FUNCS__ 1
| #define _TANDEM_SOURCE 1
| #define __EXTENSIONS__ 1
| #define HAVE___ATTRIBUTE__ /**/
| #define HAVE_FORK 1
| #define HAVE_VFORK 1
| #define HAVE_VPRINTF 1
| #define HAVE_DECL_STRERROR_R 1
| #define HAVE_UNSIGNED_LONG_LONG_INT 1
| #define HAVE_VSNPRINTF 1
| #define HAVE_SNPRINTF 1
| #define DIR_SEP '/'
| #define HAVE_READLINE_READLINE_H 1
| #define HAVE_HISTEDIT_H 1
| #define HAVE_READLINE_HISTORY_H 1
| #define EL_INIT_ARGS 4
| #define HAVE_READLINE_HISTORY 1
| #define HAVE_WORKING_VFORK 1
| #define HAVE_WORKING_FORK 1
| #define HAVE_ALLOCA_H 1
| #define HAVE_ALLOCA 1
| #define HAVE_STRERROR_R 1
| #define STRERROR_R_CHAR_P 1
| #define HAVE_CLOCK_GETRES 1
| #define HAVE_CLOCK_GETTIME 1
| #define HAVE_CLOCK_SETTIME 1
| #define HAVE_TIMEGM 1
| #define HAVE_STRLCPY 1
| #define HAVE_STRLCAT 1
| #define HAVE_ERRNO_H 1
| #define HAVE_SYS_SOCKET_H 1
| #define HAVE_SYS_TYPES_H 1
| #define HAVE_TIME_H 1
| #define HAVE_NET_IF_H 1
| #define HAVE_LINUX_IF_ADDR_H 1
| #define NEED_EARLY_FORK 1
| #define HAVE_ARPA_NAMESER_H 1
| #define HAVE_SYS_PARAM_H 1
| #define HAVE_SYS_TIME_H 1
| /* end confdefs.h.  */
| #include <stddef.h>
| #ifdef HAVE_STDIO_H
| # include <stdio.h>
| #endif
| #ifdef HAVE_STDLIB_H
| # include <stdlib.h>
| #endif
| #ifdef HAVE_STRING_H
| # include <string.h>
| #endif
| #ifdef HAVE_INTTYPES_H
| # include <inttypes.h>
| #endif
| #ifdef HAVE_STDINT_H
| # include <stdint.h>
| #endif
| #ifdef HAVE_STRINGS_H
| # include <strings.h>
| #endif
| #ifdef HAVE_SYS_TYPES_H
| # include <sys/types.h>
| #endif
| #ifdef HAVE_SYS_STAT_H
| # include <sys/stat.h>
| #endif
| #ifdef HAVE_UNISTD_H
| # include <unistd.h>
| #endif
| #include <sys/timers.h>
configure:9842: result: no
configure:9850: checking for sys/sysctl.h
configure:9850: cc -c -march=x86-64 -mtune=generic -O2 -pipe -fno-plt -fexceptions         -Wp,-D_FORTIFY_SOURCE=3 -Wformat -Werror=format-security         -fstack-clash-protection -fcf-protection         -fno-omit-frame-pointer -mno-omit-leaf-frame-pointer -Wno-incompatible-pointer-types -g -ffile-prefix-map=/home/esteban/Escritorio/hack_the_box/machines/administrator/tools/ntpdate/src=/usr/src/debug/ntpdate -flto=auto  conftest.c >&5
conftest.c:83:10: fatal error: sys/sysctl.h: No such file or directory
   83 | #include <sys/sysctl.h>
      |          ^~~~~~~~~~~~~~
compilation terminated.
configure:9850: $? = 1
configure: failed program was:
| /* confdefs.h */
| #define PACKAGE_NAME "sntp"
| #define PACKAGE_TARNAME "sntp"
| #define PACKAGE_VERSION "4.2.8p18"
| #define PACKAGE_STRING "sntp 4.2.8p18"
| #define PACKAGE_BUGREPORT "https://bugs.ntp.org/"
| #define PACKAGE_URL "https://www.ntp.org/"
| #define PACKAGE "sntp"
| #define VERSION "4.2.8p18"
| #define STR_SYSTEM "x86_64-pc-linux-gnu"
| #define HAVE_STDIO_H 1
| #define HAVE_STDLIB_H 1
| #define HAVE_STRING_H 1
| #define HAVE_INTTYPES_H 1
| #define HAVE_STDINT_H 1
| #define HAVE_STRINGS_H 1
| #define HAVE_SYS_STAT_H 1
| #define HAVE_SYS_TYPES_H 1
| #define HAVE_UNISTD_H 1
| #define HAVE_WCHAR_H 1
| #define HAVE_STDARG_H 1
| #define STDC_HEADERS 1
| #define _ALL_SOURCE 1
| #define _DARWIN_C_SOURCE 1
| #define _GNU_SOURCE 1
| #define _HPUX_ALT_XOPEN_SOCKET_API 1
| #define _NETBSD_SOURCE 1
| #define _OPENBSD_SOURCE 1
| #define _POSIX_PTHREAD_SEMANTICS 1
| #define __STDC_WANT_IEC_60559_ATTRIBS_EXT__ 1
| #define __STDC_WANT_IEC_60559_BFP_EXT__ 1
| #define __STDC_WANT_IEC_60559_DFP_EXT__ 1
| #define __STDC_WANT_IEC_60559_EXT__ 1
| #define __STDC_WANT_IEC_60559_FUNCS_EXT__ 1
| #define __STDC_WANT_IEC_60559_TYPES_EXT__ 1
| #define __STDC_WANT_LIB_EXT2__ 1
| #define __STDC_WANT_MATH_SPEC_FUNCS__ 1
| #define _TANDEM_SOURCE 1
| #define __EXTENSIONS__ 1
| #define HAVE___ATTRIBUTE__ /**/
| #define HAVE_FORK 1
| #define HAVE_VFORK 1
| #define HAVE_VPRINTF 1
| #define HAVE_DECL_STRERROR_R 1
| #define HAVE_UNSIGNED_LONG_LONG_INT 1
| #define HAVE_VSNPRINTF 1
| #define HAVE_SNPRINTF 1
| #define DIR_SEP '/'
| #define HAVE_READLINE_READLINE_H 1
| #define HAVE_HISTEDIT_H 1
| #define HAVE_READLINE_HISTORY_H 1
| #define EL_INIT_ARGS 4
| #define HAVE_READLINE_HISTORY 1
| #define HAVE_WORKING_VFORK 1
| #define HAVE_WORKING_FORK 1
| #define HAVE_ALLOCA_H 1
| #define HAVE_ALLOCA 1
| #define HAVE_STRERROR_R 1
| #define STRERROR_R_CHAR_P 1
| #define HAVE_CLOCK_GETRES 1
| #define HAVE_CLOCK_GETTIME 1
| #define HAVE_CLOCK_SETTIME 1
| #define HAVE_TIMEGM 1
| #define HAVE_STRLCPY 1
| #define HAVE_STRLCAT 1
| #define HAVE_ERRNO_H 1
| #define HAVE_SYS_SOCKET_H 1
| #define HAVE_SYS_TYPES_H 1
| #define HAVE_TIME_H 1
| #define HAVE_NET_IF_H 1
| #define HAVE_LINUX_IF_ADDR_H 1
| #define NEED_EARLY_FORK 1
| #define HAVE_ARPA_NAMESER_H 1
| #define HAVE_SYS_PARAM_H 1
| #define HAVE_SYS_TIME_H 1
| /* end confdefs.h.  */
| 
|     #if defined HAVE_SYS_PARAM_H
|     # include <sys/param.h>
|     #endif
| 
| 
| #include <sys/sysctl.h>
configure:9850: result: no
configure:9862: checking for netinet/in_system.h
configure:9862: cc -c -march=x86-64 -mtune=generic -O2 -pipe -fno-plt -fexceptions         -Wp,-D_FORTIFY_SOURCE=3 -Wformat -Werror=format-security         -fstack-clash-protection -fcf-protection         -fno-omit-frame-pointer -mno-omit-leaf-frame-pointer -Wno-incompatible-pointer-types -g -ffile-prefix-map=/home/esteban/Escritorio/hack_the_box/machines/administrator/tools/ntpdate/src=/usr/src/debug/ntpdate -flto=auto  conftest.c >&5
conftest.c:105:10: fatal error: netinet/in_system.h: No such file or directory
  105 | #include <netinet/in_system.h>
      |          ^~~~~~~~~~~~~~~~~~~~~
compilation terminated.
configure:9862: $? = 1
configure: failed program was:
| /* confdefs.h */
| #define PACKAGE_NAME "sntp"
| #define PACKAGE_TARNAME "sntp"
| #define PACKAGE_VERSION "4.2.8p18"
| #define PACKAGE_STRING "sntp 4.2.8p18"
| #define PACKAGE_BUGREPORT "https://bugs.ntp.org/"
| #define PACKAGE_URL "https://www.ntp.org/"
| #define PACKAGE "sntp"
| #define VERSION "4.2.8p18"
| #define STR_SYSTEM "x86_64-pc-linux-gnu"
| #define HAVE_STDIO_H 1
| #define HAVE_STDLIB_H 1
| #define HAVE_STRING_H 1
| #define HAVE_INTTYPES_H 1
| #define HAVE_STDINT_H 1
| #define HAVE_STRINGS_H 1
| #define HAVE_SYS_STAT_H 1
| #define HAVE_SYS_TYPES_H 1
| #define HAVE_UNISTD_H 1
| #define HAVE_WCHAR_H 1
| #define HAVE_STDARG_H 1
| #define STDC_HEADERS 1
| #define _ALL_SOURCE 1
| #define _DARWIN_C_SOURCE 1
| #define _GNU_SOURCE 1
| #define _HPUX_ALT_XOPEN_SOCKET_API 1
| #define _NETBSD_SOURCE 1
| #define _OPENBSD_SOURCE 1
| #define _POSIX_PTHREAD_SEMANTICS 1
| #define __STDC_WANT_IEC_60559_ATTRIBS_EXT__ 1
| #define __STDC_WANT_IEC_60559_BFP_EXT__ 1
| #define __STDC_WANT_IEC_60559_DFP_EXT__ 1
| #define __STDC_WANT_IEC_60559_EXT__ 1
| #define __STDC_WANT_IEC_60559_FUNCS_EXT__ 1
| #define __STDC_WANT_IEC_60559_TYPES_EXT__ 1
| #define __STDC_WANT_LIB_EXT2__ 1
| #define __STDC_WANT_MATH_SPEC_FUNCS__ 1
| #define _TANDEM_SOURCE 1
| #define __EXTENSIONS__ 1
| #define HAVE___ATTRIBUTE__ /**/
| #define HAVE_FORK 1
| #define HAVE_VFORK 1
| #define HAVE_VPRINTF 1
| #define HAVE_DECL_STRERROR_R 1
| #define HAVE_UNSIGNED_LONG_LONG_INT 1
| #define HAVE_VSNPRINTF 1
| #define HAVE_SNPRINTF 1
| #define DIR_SEP '/'
| #define HAVE_READLINE_READLINE_H 1
| #define HAVE_HISTEDIT_H 1
| #define HAVE_READLINE_HISTORY_H 1
| #define EL_INIT_ARGS 4
| #define HAVE_READLINE_HISTORY 1
| #define HAVE_WORKING_VFORK 1
| #define HAVE_WORKING_FORK 1
| #define HAVE_ALLOCA_H 1
| #define HAVE_ALLOCA 1
| #define HAVE_STRERROR_R 1
| #define STRERROR_R_CHAR_P 1
| #define HAVE_CLOCK_GETRES 1
| #define HAVE_CLOCK_GETTIME 1
| #define HAVE_CLOCK_SETTIME 1
| #define HAVE_TIMEGM 1
| #define HAVE_STRLCPY 1
| #define HAVE_STRLCAT 1
| #define HAVE_ERRNO_H 1
| #define HAVE_SYS_SOCKET_H 1
| #define HAVE_SYS_TYPES_H 1
| #define HAVE_TIME_H 1
| #define HAVE_NET_IF_H 1
| #define HAVE_LINUX_IF_ADDR_H 1
| #define NEED_EARLY_FORK 1
| #define HAVE_ARPA_NAMESER_H 1
| #define HAVE_SYS_PARAM_H 1
| #define HAVE_SYS_TIME_H 1
| /* end confdefs.h.  */
| #include <stddef.h>
| #ifdef HAVE_STDIO_H
| # include <stdio.h>
| #endif
| #ifdef HAVE_STDLIB_H
| # include <stdlib.h>
| #endif
| #ifdef HAVE_STRING_H
| # include <string.h>
| #endif
| #ifdef HAVE_INTTYPES_H
| # include <inttypes.h>
| #endif
| #ifdef HAVE_STDINT_H
| # include <stdint.h>
| #endif
| #ifdef HAVE_STRINGS_H
| # include <strings.h>
| #endif
| #ifdef HAVE_SYS_TYPES_H
| # include <sys/types.h>
| #endif
| #ifdef HAVE_SYS_STAT_H
| # include <sys/stat.h>
| #endif
| #ifdef HAVE_UNISTD_H
| # include <unistd.h>
| #endif
| #include <netinet/in_system.h>
configure:9862: result: no
configure:9868: checking for netinet/in_systm.h
configure:9868: cc -c -march=x86-64 -mtune=generic -O2 -pipe -fno-plt -fexceptions         -Wp,-D_FORTIFY_SOURCE=3 -Wformat -Werror=format-security         -fstack-clash-protection -fcf-protection         -fno-omit-frame-pointer -mno-omit-leaf-frame-pointer -Wno-incompatible-pointer-types -g -ffile-prefix-map=/home/esteban/Escritorio/hack_the_box/machines/administrator/tools/ntpdate/src=/usr/src/debug/ntpdate -flto=auto  conftest.c >&5
configure:9868: $? = 0
configure:9868: result: yes
configure:9874: checking for netinet/in.h
configure:9874: cc -c -march=x86-64 -mtune=generic -O2 -pipe -fno-plt -fexceptions         -Wp,-D_FORTIFY_SOURCE=3 -Wformat -Werror=format-security         -fstack-clash-protection -fcf-protection         -fno-omit-frame-pointer -mno-omit-leaf-frame-pointer -Wno-incompatible-pointer-types -g -ffile-prefix-map=/home/esteban/Escritorio/hack_the_box/machines/administrator/tools/ntpdate/src=/usr/src/debug/ntpdate -flto=auto  conftest.c >&5
configure:9874: $? = 0
configure:9874: result: yes
configure:9882: checking for resolv.h
configure:9882: cc -c -march=x86-64 -mtune=generic -O2 -pipe -fno-plt -fexceptions         -Wp,-D_FORTIFY_SOURCE=3 -Wformat -Werror=format-security         -fstack-clash-protection -fcf-protection         -fno-omit-frame-pointer -mno-omit-leaf-frame-pointer -Wno-incompatible-pointer-types -g -ffile-prefix-map=/home/esteban/Escritorio/hack_the_box/machines/administrator/tools/ntpdate/src=/usr/src/debug/ntpdate -flto=auto  conftest.c >&5
configure:9882: $? = 0
configure:9882: result: yes
configure:9901: checking for net/if_var.h
configure:9901: cc -c -march=x86-64 -mtune=generic -O2 -pipe -fno-plt -fexceptions         -Wp,-D_FORTIFY_SOURCE=3 -Wformat -Werror=format-security         -fstack-clash-protection -fcf-protection         -fno-omit-frame-pointer -mno-omit-leaf-frame-pointer -Wno-incompatible-pointer-types -g -ffile-prefix-map=/home/esteban/Escritorio/hack_the_box/machines/administrator/tools/ntpdate/src=/usr/src/debug/ntpdate -flto=auto  conftest.c >&5
conftest.c:95:10: fatal error: net/if_var.h: No such file or directory
   95 | #include <net/if_var.h>
      |          ^~~~~~~~~~~~~~
compilation terminated.
configure:9901: $? = 1
configure: failed program was:
| /* confdefs.h */
| #define PACKAGE_NAME "sntp"
| #define PACKAGE_TARNAME "sntp"
| #define PACKAGE_VERSION "4.2.8p18"
| #define PACKAGE_STRING "sntp 4.2.8p18"
| #define PACKAGE_BUGREPORT "https://bugs.ntp.org/"
| #define PACKAGE_URL "https://www.ntp.org/"
| #define PACKAGE "sntp"
| #define VERSION "4.2.8p18"
| #define STR_SYSTEM "x86_64-pc-linux-gnu"
| #define HAVE_STDIO_H 1
| #define HAVE_STDLIB_H 1
| #define HAVE_STRING_H 1
| #define HAVE_INTTYPES_H 1
| #define HAVE_STDINT_H 1
| #define HAVE_STRINGS_H 1
| #define HAVE_SYS_STAT_H 1
| #define HAVE_SYS_TYPES_H 1
| #define HAVE_UNISTD_H 1
| #define HAVE_WCHAR_H 1
| #define HAVE_STDARG_H 1
| #define STDC_HEADERS 1
| #define _ALL_SOURCE 1
| #define _DARWIN_C_SOURCE 1
| #define _GNU_SOURCE 1
| #define _HPUX_ALT_XOPEN_SOCKET_API 1
| #define _NETBSD_SOURCE 1
| #define _OPENBSD_SOURCE 1
| #define _POSIX_PTHREAD_SEMANTICS 1
| #define __STDC_WANT_IEC_60559_ATTRIBS_EXT__ 1
| #define __STDC_WANT_IEC_60559_BFP_EXT__ 1
| #define __STDC_WANT_IEC_60559_DFP_EXT__ 1
| #define __STDC_WANT_IEC_60559_EXT__ 1
| #define __STDC_WANT_IEC_60559_FUNCS_EXT__ 1
| #define __STDC_WANT_IEC_60559_TYPES_EXT__ 1
| #define __STDC_WANT_LIB_EXT2__ 1
| #define __STDC_WANT_MATH_SPEC_FUNCS__ 1
| #define _TANDEM_SOURCE 1
| #define __EXTENSIONS__ 1
| #define HAVE___ATTRIBUTE__ /**/
| #define HAVE_FORK 1
| #define HAVE_VFORK 1
| #define HAVE_VPRINTF 1
| #define HAVE_DECL_STRERROR_R 1
| #define HAVE_UNSIGNED_LONG_LONG_INT 1
| #define HAVE_VSNPRINTF 1
| #define HAVE_SNPRINTF 1
| #define DIR_SEP '/'
| #define HAVE_READLINE_READLINE_H 1
| #define HAVE_HISTEDIT_H 1
| #define HAVE_READLINE_HISTORY_H 1
| #define EL_INIT_ARGS 4
| #define HAVE_READLINE_HISTORY 1
| #define HAVE_WORKING_VFORK 1
| #define HAVE_WORKING_FORK 1
| #define HAVE_ALLOCA_H 1
| #define HAVE_ALLOCA 1
| #define HAVE_STRERROR_R 1
| #define STRERROR_R_CHAR_P 1
| #define HAVE_CLOCK_GETRES 1
| #define HAVE_CLOCK_GETTIME 1
| #define HAVE_CLOCK_SETTIME 1
| #define HAVE_TIMEGM 1
| #define HAVE_STRLCPY 1
| #define HAVE_STRLCAT 1
| #define HAVE_ERRNO_H 1
| #define HAVE_SYS_SOCKET_H 1
| #define HAVE_SYS_TYPES_H 1
| #define HAVE_TIME_H 1
| #define HAVE_NET_IF_H 1
| #define HAVE_LINUX_IF_ADDR_H 1
| #define NEED_EARLY_FORK 1
| #define HAVE_ARPA_NAMESER_H 1
| #define HAVE_SYS_PARAM_H 1
| #define HAVE_SYS_TIME_H 1
| #define HAVE_NETINET_IN_SYSTM_H 1
| #define HAVE_NETINET_IN_H 1
| #define HAVE_RESOLV_H 1
| /* end confdefs.h.  */
| 
|     #if HAVE_SYS_TYPES_H
|     # include <sys/types.h>
|     #endif
|     #ifdef HAVE_SYS_SOCKET_H
|     # include <sys/socket.h>
|     #endif
|     #ifdef HAVE_NETINET_IN_H
|     # include <netinet/in.h>
|     #endif
|     #ifdef HAVE_NET_IF_H
|     # include <net/if.h>
|     #endif
| 
| 
| #include <net/if_var.h>
configure:9901: result: no
configure:9923: checking for netinet/ip.h
configure:9923: cc -c -march=x86-64 -mtune=generic -O2 -pipe -fno-plt -fexceptions         -Wp,-D_FORTIFY_SOURCE=3 -Wformat -Werror=format-security         -fstack-clash-protection -fcf-protection         -fno-omit-frame-pointer -mno-omit-leaf-frame-pointer -Wno-incompatible-pointer-types -g -ffile-prefix-map=/home/esteban/Escritorio/hack_the_box/machines/administrator/tools/ntpdate/src=/usr/src/debug/ntpdate -flto=auto  conftest.c >&5
configure:9923: $? = 0
configure:9923: result: yes
configure:9949: checking for netinet/in_var.h
configure:9949: cc -c -march=x86-64 -mtune=generic -O2 -pipe -fno-plt -fexceptions         -Wp,-D_FORTIFY_SOURCE=3 -Wformat -Werror=format-security         -fstack-clash-protection -fcf-protection         -fno-omit-frame-pointer -mno-omit-leaf-frame-pointer -Wno-incompatible-pointer-types -g -ffile-prefix-map=/home/esteban/Escritorio/hack_the_box/machines/administrator/tools/ntpdate/src=/usr/src/debug/ntpdate -flto=auto  conftest.c >&5
conftest.c:102:10: fatal error: netinet/in_var.h: No such file or directory
  102 | #include <netinet/in_var.h>
      |          ^~~~~~~~~~~~~~~~~~
compilation terminated.
configure:9949: $? = 1
configure: failed program was:
| /* confdefs.h */
| #define PACKAGE_NAME "sntp"
| #define PACKAGE_TARNAME "sntp"
| #define PACKAGE_VERSION "4.2.8p18"
| #define PACKAGE_STRING "sntp 4.2.8p18"
| #define PACKAGE_BUGREPORT "https://bugs.ntp.org/"
| #define PACKAGE_URL "https://www.ntp.org/"
| #define PACKAGE "sntp"
| #define VERSION "4.2.8p18"
| #define STR_SYSTEM "x86_64-pc-linux-gnu"
| #define HAVE_STDIO_H 1
| #define HAVE_STDLIB_H 1
| #define HAVE_STRING_H 1
| #define HAVE_INTTYPES_H 1
| #define HAVE_STDINT_H 1
| #define HAVE_STRINGS_H 1
| #define HAVE_SYS_STAT_H 1
| #define HAVE_SYS_TYPES_H 1
| #define HAVE_UNISTD_H 1
| #define HAVE_WCHAR_H 1
| #define HAVE_STDARG_H 1
| #define STDC_HEADERS 1
| #define _ALL_SOURCE 1
| #define _DARWIN_C_SOURCE 1
| #define _GNU_SOURCE 1
| #define _HPUX_ALT_XOPEN_SOCKET_API 1
| #define _NETBSD_SOURCE 1
| #define _OPENBSD_SOURCE 1
| #define _POSIX_PTHREAD_SEMANTICS 1
| #define __STDC_WANT_IEC_60559_ATTRIBS_EXT__ 1
| #define __STDC_WANT_IEC_60559_BFP_EXT__ 1
| #define __STDC_WANT_IEC_60559_DFP_EXT__ 1
| #define __STDC_WANT_IEC_60559_EXT__ 1
| #define __STDC_WANT_IEC_60559_FUNCS_EXT__ 1
| #define __STDC_WANT_IEC_60559_TYPES_EXT__ 1
| #define __STDC_WANT_LIB_EXT2__ 1
| #define __STDC_WANT_MATH_SPEC_FUNCS__ 1
| #define _TANDEM_SOURCE 1
| #define __EXTENSIONS__ 1
| #define HAVE___ATTRIBUTE__ /**/
| #define HAVE_FORK 1
| #define HAVE_VFORK 1
| #define HAVE_VPRINTF 1
| #define HAVE_DECL_STRERROR_R 1
| #define HAVE_UNSIGNED_LONG_LONG_INT 1
| #define HAVE_VSNPRINTF 1
| #define HAVE_SNPRINTF 1
| #define DIR_SEP '/'
| #define HAVE_READLINE_READLINE_H 1
| #define HAVE_HISTEDIT_H 1
| #define HAVE_READLINE_HISTORY_H 1
| #define EL_INIT_ARGS 4
| #define HAVE_READLINE_HISTORY 1
| #define HAVE_WORKING_VFORK 1
| #define HAVE_WORKING_FORK 1
| #define HAVE_ALLOCA_H 1
| #define HAVE_ALLOCA 1
| #define HAVE_STRERROR_R 1
| #define STRERROR_R_CHAR_P 1
| #define HAVE_CLOCK_GETRES 1
| #define HAVE_CLOCK_GETTIME 1
| #define HAVE_CLOCK_SETTIME 1
| #define HAVE_TIMEGM 1
| #define HAVE_STRLCPY 1
| #define HAVE_STRLCAT 1
| #define HAVE_ERRNO_H 1
| #define HAVE_SYS_SOCKET_H 1
| #define HAVE_SYS_TYPES_H 1
| #define HAVE_TIME_H 1
| #define HAVE_NET_IF_H 1
| #define HAVE_LINUX_IF_ADDR_H 1
| #define NEED_EARLY_FORK 1
| #define HAVE_ARPA_NAMESER_H 1
| #define HAVE_SYS_PARAM_H 1
| #define HAVE_SYS_TIME_H 1
| #define HAVE_NETINET_IN_SYSTM_H 1
| #define HAVE_NETINET_IN_H 1
| #define HAVE_RESOLV_H 1
| #define HAVE_NETINET_IP_H 1
| /* end confdefs.h.  */
| 
|     #ifdef HAVE_SYS_TYPES_H
|     # include <sys/types.h>
|     #endif
|     #ifdef HAVE_SYS_SOCKET_H
|     # include <sys/socket.h>
|     #endif
|     #ifdef HAVE_NET_IF_H
|     # include <net/if.h>
|     #endif
|     #ifdef HAVE_NETINET_IN_H
|     # include <netinet/in.h>
|     #endif
|     #ifdef HAVE_NET_IF_VAR_H
|     # include <net/if_var.h>
|     #endif
|     #ifdef HAVE_NETINET_IN_SYSTM_H
|     # include <netinet/in_systm.h>
|     #endif
| 
| 
| #include <netinet/in_var.h>
configure:9949: result: no
configure:9978: checking for library containing inet_pton
configure:10014: cc -o conftest -march=x86-64 -mtune=generic -O2 -pipe -fno-plt -fexceptions         -Wp,-D_FORTIFY_SOURCE=3 -Wformat -Werror=format-security         -fstack-clash-protection -fcf-protection         -fno-omit-frame-pointer -mno-omit-leaf-frame-pointer -Wno-incompatible-pointer-types -g -ffile-prefix-map=/home/esteban/Escritorio/hack_the_box/machines/administrator/tools/ntpdate/src=/usr/src/debug/ntpdate -flto=auto  -Wl,-O1 -Wl,--sort-common -Wl,--as-needed -Wl,-z,relro -Wl,-z,now          -Wl,-z,pack-relative-relocs -flto=auto conftest.c  >&5
configure:10014: $? = 0
configure:10036: result: none required
configure:10050: checking for library containing inet_ntop
configure:10086: cc -o conftest -march=x86-64 -mtune=generic -O2 -pipe -fno-plt -fexceptions         -Wp,-D_FORTIFY_SOURCE=3 -Wformat -Werror=format-security         -fstack-clash-protection -fcf-protection         -fno-omit-frame-pointer -mno-omit-leaf-frame-pointer -Wno-incompatible-pointer-types -g -ffile-prefix-map=/home/esteban/Escritorio/hack_the_box/machines/administrator/tools/ntpdate/src=/usr/src/debug/ntpdate -flto=auto  -Wl,-O1 -Wl,--sort-common -Wl,--as-needed -Wl,-z,relro -Wl,-z,now          -Wl,-z,pack-relative-relocs -flto=auto conftest.c  >&5
configure:10086: $? = 0
configure:10108: result: none required
configure:10130: checking for library containing setsockopt
configure:10166: cc -o conftest -march=x86-64 -mtune=generic -O2 -pipe -fno-plt -fexceptions         -Wp,-D_FORTIFY_SOURCE=3 -Wformat -Werror=format-security         -fstack-clash-protection -fcf-protection         -fno-omit-frame-pointer -mno-omit-leaf-frame-pointer -Wno-incompatible-pointer-types -g -ffile-prefix-map=/home/esteban/Escritorio/hack_the_box/machines/administrator/tools/ntpdate/src=/usr/src/debug/ntpdate -flto=auto  -Wl,-O1 -Wl,--sort-common -Wl,--as-needed -Wl,-z,relro -Wl,-z,now          -Wl,-z,pack-relative-relocs -flto=auto conftest.c  >&5
configure:10166: $? = 0
configure:10188: result: none required
configure:10293: checking for recvmsg
configure:10293: cc -o conftest -march=x86-64 -mtune=generic -O2 -pipe -fno-plt -fexceptions         -Wp,-D_FORTIFY_SOURCE=3 -Wformat -Werror=format-security         -fstack-clash-protection -fcf-protection         -fno-omit-frame-pointer -mno-omit-leaf-frame-pointer -Wno-incompatible-pointer-types -g -ffile-prefix-map=/home/esteban/Escritorio/hack_the_box/machines/administrator/tools/ntpdate/src=/usr/src/debug/ntpdate -flto=auto  -Wl,-O1 -Wl,--sort-common -Wl,--as-needed -Wl,-z,relro -Wl,-z,now          -Wl,-z,pack-relative-relocs -flto=auto conftest.c  >&5
configure:10293: $? = 0
configure:10293: result: yes
configure:10301: checking for inline
configure:10318: cc -c -march=x86-64 -mtune=generic -O2 -pipe -fno-plt -fexceptions         -Wp,-D_FORTIFY_SOURCE=3 -Wformat -Werror=format-security         -fstack-clash-protection -fcf-protection         -fno-omit-frame-pointer -mno-omit-leaf-frame-pointer -Wno-incompatible-pointer-types -g -ffile-prefix-map=/home/esteban/Escritorio/hack_the_box/machines/administrator/tools/ntpdate/src=/usr/src/debug/ntpdate -flto=auto  conftest.c >&5
configure:10318: $? = 0
configure:10328: result: inline
configure:10362: checking size of time_t
configure:10368: cc -o conftest -march=x86-64 -mtune=generic -O2 -pipe -fno-plt -fexceptions         -Wp,-D_FORTIFY_SOURCE=3 -Wformat -Werror=format-security         -fstack-clash-protection -fcf-protection         -fno-omit-frame-pointer -mno-omit-leaf-frame-pointer -Wno-incompatible-pointer-types -g -ffile-prefix-map=/home/esteban/Escritorio/hack_the_box/machines/administrator/tools/ntpdate/src=/usr/src/debug/ntpdate -flto=auto  -Wl,-O1 -Wl,--sort-common -Wl,--as-needed -Wl,-z,relro -Wl,-z,now          -Wl,-z,pack-relative-relocs -flto=auto conftest.c  >&5
configure:10368: $? = 0
configure:10368: ./conftest
configure:10368: $? = 0
configure:10385: result: 8
configure:10393: checking whether char is unsigned
configure:10413: cc -c -march=x86-64 -mtune=generic -O2 -pipe -fno-plt -fexceptions         -Wp,-D_FORTIFY_SOURCE=3 -Wformat -Werror=format-security         -fstack-clash-protection -fcf-protection         -fno-omit-frame-pointer -mno-omit-leaf-frame-pointer -Wno-incompatible-pointer-types -g -ffile-prefix-map=/home/esteban/Escritorio/hack_the_box/machines/administrator/tools/ntpdate/src=/usr/src/debug/ntpdate -flto=auto  conftest.c >&5
configure:10413: $? = 0
configure:10423: result: no
configure:10433: checking size of signed char
configure:10439: cc -o conftest -march=x86-64 -mtune=generic -O2 -pipe -fno-plt -fexceptions         -Wp,-D_FORTIFY_SOURCE=3 -Wformat -Werror=format-security         -fstack-clash-protection -fcf-protection         -fno-omit-frame-pointer -mno-omit-leaf-frame-pointer -Wno-incompatible-pointer-types -g -ffile-prefix-map=/home/esteban/Escritorio/hack_the_box/machines/administrator/tools/ntpdate/src=/usr/src/debug/ntpdate -flto=auto  -Wl,-O1 -Wl,--sort-common -Wl,--as-needed -Wl,-z,relro -Wl,-z,now          -Wl,-z,pack-relative-relocs -flto=auto conftest.c  >&5
configure:10439: $? = 0
configure:10439: ./conftest
configure:10439: $? = 0
configure:10456: result: 1
configure:10464: checking for s_char
configure:10464: cc -c -march=x86-64 -mtune=generic -O2 -pipe -fno-plt -fexceptions         -Wp,-D_FORTIFY_SOURCE=3 -Wformat -Werror=format-security         -fstack-clash-protection -fcf-protection         -fno-omit-frame-pointer -mno-omit-leaf-frame-pointer -Wno-incompatible-pointer-types -g -ffile-prefix-map=/home/esteban/Escritorio/hack_the_box/machines/administrator/tools/ntpdate/src=/usr/src/debug/ntpdate -flto=auto  conftest.c >&5
conftest.c: In function 'main':
conftest.c:116:13: error: 's_char' undeclared (first use in this function); did you mean 'u_char'?
  116 | if (sizeof (s_char))
      |             ^~~~~~
      |             u_char
conftest.c:116:13: note: each undeclared identifier is reported only once for each function it appears in
configure:10464: $? = 1
configure: failed program was:
| /* confdefs.h */
| #define PACKAGE_NAME "sntp"
| #define PACKAGE_TARNAME "sntp"
| #define PACKAGE_VERSION "4.2.8p18"
| #define PACKAGE_STRING "sntp 4.2.8p18"
| #define PACKAGE_BUGREPORT "https://bugs.ntp.org/"
| #define PACKAGE_URL "https://www.ntp.org/"
| #define PACKAGE "sntp"
| #define VERSION "4.2.8p18"
| #define STR_SYSTEM "x86_64-pc-linux-gnu"
| #define HAVE_STDIO_H 1
| #define HAVE_STDLIB_H 1
| #define HAVE_STRING_H 1
| #define HAVE_INTTYPES_H 1
| #define HAVE_STDINT_H 1
| #define HAVE_STRINGS_H 1
| #define HAVE_SYS_STAT_H 1
| #define HAVE_SYS_TYPES_H 1
| #define HAVE_UNISTD_H 1
| #define HAVE_WCHAR_H 1
| #define HAVE_STDARG_H 1
| #define STDC_HEADERS 1
| #define _ALL_SOURCE 1
| #define _DARWIN_C_SOURCE 1
| #define _GNU_SOURCE 1
| #define _HPUX_ALT_XOPEN_SOCKET_API 1
| #define _NETBSD_SOURCE 1
| #define _OPENBSD_SOURCE 1
| #define _POSIX_PTHREAD_SEMANTICS 1
| #define __STDC_WANT_IEC_60559_ATTRIBS_EXT__ 1
| #define __STDC_WANT_IEC_60559_BFP_EXT__ 1
| #define __STDC_WANT_IEC_60559_DFP_EXT__ 1
| #define __STDC_WANT_IEC_60559_EXT__ 1
| #define __STDC_WANT_IEC_60559_FUNCS_EXT__ 1
| #define __STDC_WANT_IEC_60559_TYPES_EXT__ 1
| #define __STDC_WANT_LIB_EXT2__ 1
| #define __STDC_WANT_MATH_SPEC_FUNCS__ 1
| #define _TANDEM_SOURCE 1
| #define __EXTENSIONS__ 1
| #define HAVE___ATTRIBUTE__ /**/
| #define HAVE_FORK 1
| #define HAVE_VFORK 1
| #define HAVE_VPRINTF 1
| #define HAVE_DECL_STRERROR_R 1
| #define HAVE_UNSIGNED_LONG_LONG_INT 1
| #define HAVE_VSNPRINTF 1
| #define HAVE_SNPRINTF 1
| #define DIR_SEP '/'
| #define HAVE_READLINE_READLINE_H 1
| #define HAVE_HISTEDIT_H 1
| #define HAVE_READLINE_HISTORY_H 1
| #define EL_INIT_ARGS 4
| #define HAVE_READLINE_HISTORY 1
| #define HAVE_WORKING_VFORK 1
| #define HAVE_WORKING_FORK 1
| #define HAVE_ALLOCA_H 1
| #define HAVE_ALLOCA 1
| #define HAVE_STRERROR_R 1
| #define STRERROR_R_CHAR_P 1
| #define HAVE_CLOCK_GETRES 1
| #define HAVE_CLOCK_GETTIME 1
| #define HAVE_CLOCK_SETTIME 1
| #define HAVE_TIMEGM 1
| #define HAVE_STRLCPY 1
| #define HAVE_STRLCAT 1
| #define HAVE_ERRNO_H 1
| #define HAVE_SYS_SOCKET_H 1
| #define HAVE_SYS_TYPES_H 1
| #define HAVE_TIME_H 1
| #define HAVE_NET_IF_H 1
| #define HAVE_LINUX_IF_ADDR_H 1
| #define NEED_EARLY_FORK 1
| #define HAVE_ARPA_NAMESER_H 1
| #define HAVE_SYS_PARAM_H 1
| #define HAVE_SYS_TIME_H 1
| #define HAVE_NETINET_IN_SYSTM_H 1
| #define HAVE_NETINET_IN_H 1
| #define HAVE_RESOLV_H 1
| #define HAVE_NETINET_IP_H 1
| #define HAVE_RECVMSG 1
| #define HAVE_INLINE 1
| #define SIZEOF_TIME_T 8
| #define SIZEOF_SIGNED_CHAR 1
| /* end confdefs.h.  */
| #include <stddef.h>
| #ifdef HAVE_STDIO_H
| # include <stdio.h>
| #endif
| #ifdef HAVE_STDLIB_H
| # include <stdlib.h>
| #endif
| #ifdef HAVE_STRING_H
| # include <string.h>
| #endif
| #ifdef HAVE_INTTYPES_H
| # include <inttypes.h>
| #endif
| #ifdef HAVE_STDINT_H
| # include <stdint.h>
| #endif
| #ifdef HAVE_STRINGS_H
| # include <strings.h>
| #endif
| #ifdef HAVE_SYS_TYPES_H
| # include <sys/types.h>
| #endif
| #ifdef HAVE_SYS_STAT_H
| # include <sys/stat.h>
| #endif
| #ifdef HAVE_UNISTD_H
| # include <unistd.h>
| #endif
| int
| main (void)
| {
| if (sizeof (s_char))
| 	 return 0;
|   ;
|   return 0;
| }
configure:10464: result: no
configure:10472: checking for long long
configure:10472: cc -c -march=x86-64 -mtune=generic -O2 -pipe -fno-plt -fexceptions         -Wp,-D_FORTIFY_SOURCE=3 -Wformat -Werror=format-security         -fstack-clash-protection -fcf-protection         -fno-omit-frame-pointer -mno-omit-leaf-frame-pointer -Wno-incompatible-pointer-types -g -ffile-prefix-map=/home/esteban/Escritorio/hack_the_box/machines/administrator/tools/ntpdate/src=/usr/src/debug/ntpdate -flto=auto  conftest.c >&5
configure:10472: $? = 0
configure:10472: cc -c -march=x86-64 -mtune=generic -O2 -pipe -fno-plt -fexceptions         -Wp,-D_FORTIFY_SOURCE=3 -Wformat -Werror=format-security         -fstack-clash-protection -fcf-protection         -fno-omit-frame-pointer -mno-omit-leaf-frame-pointer -Wno-incompatible-pointer-types -g -ffile-prefix-map=/home/esteban/Escritorio/hack_the_box/machines/administrator/tools/ntpdate/src=/usr/src/debug/ntpdate -flto=auto  conftest.c >&5
conftest.c: In function 'main':
conftest.c:116:24: error: expected expression before ')' token
  116 | if (sizeof ((long long)))
      |                        ^
configure:10472: $? = 1
configure: failed program was:
| /* confdefs.h */
| #define PACKAGE_NAME "sntp"
| #define PACKAGE_TARNAME "sntp"
| #define PACKAGE_VERSION "4.2.8p18"
| #define PACKAGE_STRING "sntp 4.2.8p18"
| #define PACKAGE_BUGREPORT "https://bugs.ntp.org/"
| #define PACKAGE_URL "https://www.ntp.org/"
| #define PACKAGE "sntp"
| #define VERSION "4.2.8p18"
| #define STR_SYSTEM "x86_64-pc-linux-gnu"
| #define HAVE_STDIO_H 1
| #define HAVE_STDLIB_H 1
| #define HAVE_STRING_H 1
| #define HAVE_INTTYPES_H 1
| #define HAVE_STDINT_H 1
| #define HAVE_STRINGS_H 1
| #define HAVE_SYS_STAT_H 1
| #define HAVE_SYS_TYPES_H 1
| #define HAVE_UNISTD_H 1
| #define HAVE_WCHAR_H 1
| #define HAVE_STDARG_H 1
| #define STDC_HEADERS 1
| #define _ALL_SOURCE 1
| #define _DARWIN_C_SOURCE 1
| #define _GNU_SOURCE 1
| #define _HPUX_ALT_XOPEN_SOCKET_API 1
| #define _NETBSD_SOURCE 1
| #define _OPENBSD_SOURCE 1
| #define _POSIX_PTHREAD_SEMANTICS 1
| #define __STDC_WANT_IEC_60559_ATTRIBS_EXT__ 1
| #define __STDC_WANT_IEC_60559_BFP_EXT__ 1
| #define __STDC_WANT_IEC_60559_DFP_EXT__ 1
| #define __STDC_WANT_IEC_60559_EXT__ 1
| #define __STDC_WANT_IEC_60559_FUNCS_EXT__ 1
| #define __STDC_WANT_IEC_60559_TYPES_EXT__ 1
| #define __STDC_WANT_LIB_EXT2__ 1
| #define __STDC_WANT_MATH_SPEC_FUNCS__ 1
| #define _TANDEM_SOURCE 1
| #define __EXTENSIONS__ 1
| #define HAVE___ATTRIBUTE__ /**/
| #define HAVE_FORK 1
| #define HAVE_VFORK 1
| #define HAVE_VPRINTF 1
| #define HAVE_DECL_STRERROR_R 1
| #define HAVE_UNSIGNED_LONG_LONG_INT 1
| #define HAVE_VSNPRINTF 1
| #define HAVE_SNPRINTF 1
| #define DIR_SEP '/'
| #define HAVE_READLINE_READLINE_H 1
| #define HAVE_HISTEDIT_H 1
| #define HAVE_READLINE_HISTORY_H 1
| #define EL_INIT_ARGS 4
| #define HAVE_READLINE_HISTORY 1
| #define HAVE_WORKING_VFORK 1
| #define HAVE_WORKING_FORK 1
| #define HAVE_ALLOCA_H 1
| #define HAVE_ALLOCA 1
| #define HAVE_STRERROR_R 1
| #define STRERROR_R_CHAR_P 1
| #define HAVE_CLOCK_GETRES 1
| #define HAVE_CLOCK_GETTIME 1
| #define HAVE_CLOCK_SETTIME 1
| #define HAVE_TIMEGM 1
| #define HAVE_STRLCPY 1
| #define HAVE_STRLCAT 1
| #define HAVE_ERRNO_H 1
| #define HAVE_SYS_SOCKET_H 1
| #define HAVE_SYS_TYPES_H 1
| #define HAVE_TIME_H 1
| #define HAVE_NET_IF_H 1
| #define HAVE_LINUX_IF_ADDR_H 1
| #define NEED_EARLY_FORK 1
| #define HAVE_ARPA_NAMESER_H 1
| #define HAVE_SYS_PARAM_H 1
| #define HAVE_SYS_TIME_H 1
| #define HAVE_NETINET_IN_SYSTM_H 1
| #define HAVE_NETINET_IN_H 1
| #define HAVE_RESOLV_H 1
| #define HAVE_NETINET_IP_H 1
| #define HAVE_RECVMSG 1
| #define HAVE_INLINE 1
| #define SIZEOF_TIME_T 8
| #define SIZEOF_SIGNED_CHAR 1
| /* end confdefs.h.  */
| #include <stddef.h>
| #ifdef HAVE_STDIO_H
| # include <stdio.h>
| #endif
| #ifdef HAVE_STDLIB_H
| # include <stdlib.h>
| #endif
| #ifdef HAVE_STRING_H
| # include <string.h>
| #endif
| #ifdef HAVE_INTTYPES_H
| # include <inttypes.h>
| #endif
| #ifdef HAVE_STDINT_H
| # include <stdint.h>
| #endif
| #ifdef HAVE_STRINGS_H
| # include <strings.h>
| #endif
| #ifdef HAVE_SYS_TYPES_H
| # include <sys/types.h>
| #endif
| #ifdef HAVE_SYS_STAT_H
| # include <sys/stat.h>
| #endif
| #ifdef HAVE_UNISTD_H
| # include <unistd.h>
| #endif
| int
| main (void)
| {
| if (sizeof ((long long)))
| 	    return 0;
|   ;
|   return 0;
| }
configure:10472: result: yes
configure:10485: checking size of short
configure:10491: cc -o conftest -march=x86-64 -mtune=generic -O2 -pipe -fno-plt -fexceptions         -Wp,-D_FORTIFY_SOURCE=3 -Wformat -Werror=format-security         -fstack-clash-protection -fcf-protection         -fno-omit-frame-pointer -mno-omit-leaf-frame-pointer -Wno-incompatible-pointer-types -g -ffile-prefix-map=/home/esteban/Escritorio/hack_the_box/machines/administrator/tools/ntpdate/src=/usr/src/debug/ntpdate -flto=auto  -Wl,-O1 -Wl,--sort-common -Wl,--as-needed -Wl,-z,relro -Wl,-z,now          -Wl,-z,pack-relative-relocs -flto=auto conftest.c  >&5
configure:10491: $? = 0
configure:10491: ./conftest
configure:10491: $? = 0
configure:10508: result: 2
configure:10520: checking size of int
configure:10526: cc -o conftest -march=x86-64 -mtune=generic -O2 -pipe -fno-plt -fexceptions         -Wp,-D_FORTIFY_SOURCE=3 -Wformat -Werror=format-security         -fstack-clash-protection -fcf-protection         -fno-omit-frame-pointer -mno-omit-leaf-frame-pointer -Wno-incompatible-pointer-types -g -ffile-prefix-map=/home/esteban/Escritorio/hack_the_box/machines/administrator/tools/ntpdate/src=/usr/src/debug/ntpdate -flto=auto  -Wl,-O1 -Wl,--sort-common -Wl,--as-needed -Wl,-z,relro -Wl,-z,now          -Wl,-z,pack-relative-relocs -flto=auto conftest.c  >&5
configure:10526: $? = 0
configure:10526: ./conftest
configure:10526: $? = 0
configure:10543: result: 4
configure:10555: checking size of long
configure:10561: cc -o conftest -march=x86-64 -mtune=generic -O2 -pipe -fno-plt -fexceptions         -Wp,-D_FORTIFY_SOURCE=3 -Wformat -Werror=format-security         -fstack-clash-protection -fcf-protection         -fno-omit-frame-pointer -mno-omit-leaf-frame-pointer -Wno-incompatible-pointer-types -g -ffile-prefix-map=/home/esteban/Escritorio/hack_the_box/machines/administrator/tools/ntpdate/src=/usr/src/debug/ntpdate -flto=auto  -Wl,-O1 -Wl,--sort-common -Wl,--as-needed -Wl,-z,relro -Wl,-z,now          -Wl,-z,pack-relative-relocs -flto=auto conftest.c  >&5
configure:10561: $? = 0
configure:10561: ./conftest
configure:10561: $? = 0
configure:10578: result: 8
configure:10595: checking size of long long
configure:10601: cc -o conftest -march=x86-64 -mtune=generic -O2 -pipe -fno-plt -fexceptions         -Wp,-D_FORTIFY_SOURCE=3 -Wformat -Werror=format-security         -fstack-clash-protection -fcf-protection         -fno-omit-frame-pointer -mno-omit-leaf-frame-pointer -Wno-incompatible-pointer-types -g -ffile-prefix-map=/home/esteban/Escritorio/hack_the_box/machines/administrator/tools/ntpdate/src=/usr/src/debug/ntpdate -flto=auto  -Wl,-O1 -Wl,--sort-common -Wl,--as-needed -Wl,-z,relro -Wl,-z,now          -Wl,-z,pack-relative-relocs -flto=auto conftest.c  >&5
configure:10601: $? = 0
configure:10601: ./conftest
configure:10601: $? = 0
configure:10618: result: 8
configure:10657: checking for uid_t
configure:10657: cc -c -march=x86-64 -mtune=generic -O2 -pipe -fno-plt -fexceptions         -Wp,-D_FORTIFY_SOURCE=3 -Wformat -Werror=format-security         -fstack-clash-protection -fcf-protection         -fno-omit-frame-pointer -mno-omit-leaf-frame-pointer -Wno-incompatible-pointer-types -g -ffile-prefix-map=/home/esteban/Escritorio/hack_the_box/machines/administrator/tools/ntpdate/src=/usr/src/debug/ntpdate -flto=auto  conftest.c >&5
configure:10657: $? = 0
configure:10657: cc -c -march=x86-64 -mtune=generic -O2 -pipe -fno-plt -fexceptions         -Wp,-D_FORTIFY_SOURCE=3 -Wformat -Werror=format-security         -fstack-clash-protection -fcf-protection         -fno-omit-frame-pointer -mno-omit-leaf-frame-pointer -Wno-incompatible-pointer-types -g -ffile-prefix-map=/home/esteban/Escritorio/hack_the_box/machines/administrator/tools/ntpdate/src=/usr/src/debug/ntpdate -flto=auto  conftest.c >&5
conftest.c: In function 'main':
conftest.c:122:20: error: expected expression before ')' token
  122 | if (sizeof ((uid_t)))
      |                    ^
configure:10657: $? = 1
configure: failed program was:
| /* confdefs.h */
| #define PACKAGE_NAME "sntp"
| #define PACKAGE_TARNAME "sntp"
| #define PACKAGE_VERSION "4.2.8p18"
| #define PACKAGE_STRING "sntp 4.2.8p18"
| #define PACKAGE_BUGREPORT "https://bugs.ntp.org/"
| #define PACKAGE_URL "https://www.ntp.org/"
| #define PACKAGE "sntp"
| #define VERSION "4.2.8p18"
| #define STR_SYSTEM "x86_64-pc-linux-gnu"
| #define HAVE_STDIO_H 1
| #define HAVE_STDLIB_H 1
| #define HAVE_STRING_H 1
| #define HAVE_INTTYPES_H 1
| #define HAVE_STDINT_H 1
| #define HAVE_STRINGS_H 1
| #define HAVE_SYS_STAT_H 1
| #define HAVE_SYS_TYPES_H 1
| #define HAVE_UNISTD_H 1
| #define HAVE_WCHAR_H 1
| #define HAVE_STDARG_H 1
| #define STDC_HEADERS 1
| #define _ALL_SOURCE 1
| #define _DARWIN_C_SOURCE 1
| #define _GNU_SOURCE 1
| #define _HPUX_ALT_XOPEN_SOCKET_API 1
| #define _NETBSD_SOURCE 1
| #define _OPENBSD_SOURCE 1
| #define _POSIX_PTHREAD_SEMANTICS 1
| #define __STDC_WANT_IEC_60559_ATTRIBS_EXT__ 1
| #define __STDC_WANT_IEC_60559_BFP_EXT__ 1
| #define __STDC_WANT_IEC_60559_DFP_EXT__ 1
| #define __STDC_WANT_IEC_60559_EXT__ 1
| #define __STDC_WANT_IEC_60559_FUNCS_EXT__ 1
| #define __STDC_WANT_IEC_60559_TYPES_EXT__ 1
| #define __STDC_WANT_LIB_EXT2__ 1
| #define __STDC_WANT_MATH_SPEC_FUNCS__ 1
| #define _TANDEM_SOURCE 1
| #define __EXTENSIONS__ 1
| #define HAVE___ATTRIBUTE__ /**/
| #define HAVE_FORK 1
| #define HAVE_VFORK 1
| #define HAVE_VPRINTF 1
| #define HAVE_DECL_STRERROR_R 1
| #define HAVE_UNSIGNED_LONG_LONG_INT 1
| #define HAVE_VSNPRINTF 1
| #define HAVE_SNPRINTF 1
| #define DIR_SEP '/'
| #define HAVE_READLINE_READLINE_H 1
| #define HAVE_HISTEDIT_H 1
| #define HAVE_READLINE_HISTORY_H 1
| #define EL_INIT_ARGS 4
| #define HAVE_READLINE_HISTORY 1
| #define HAVE_WORKING_VFORK 1
| #define HAVE_WORKING_FORK 1
| #define HAVE_ALLOCA_H 1
| #define HAVE_ALLOCA 1
| #define HAVE_STRERROR_R 1
| #define STRERROR_R_CHAR_P 1
| #define HAVE_CLOCK_GETRES 1
| #define HAVE_CLOCK_GETTIME 1
| #define HAVE_CLOCK_SETTIME 1
| #define HAVE_TIMEGM 1
| #define HAVE_STRLCPY 1
| #define HAVE_STRLCAT 1
| #define HAVE_ERRNO_H 1
| #define HAVE_SYS_SOCKET_H 1
| #define HAVE_SYS_TYPES_H 1
| #define HAVE_TIME_H 1
| #define HAVE_NET_IF_H 1
| #define HAVE_LINUX_IF_ADDR_H 1
| #define NEED_EARLY_FORK 1
| #define HAVE_ARPA_NAMESER_H 1
| #define HAVE_SYS_PARAM_H 1
| #define HAVE_SYS_TIME_H 1
| #define HAVE_NETINET_IN_SYSTM_H 1
| #define HAVE_NETINET_IN_H 1
| #define HAVE_RESOLV_H 1
| #define HAVE_NETINET_IP_H 1
| #define HAVE_RECVMSG 1
| #define HAVE_INLINE 1
| #define SIZEOF_TIME_T 8
| #define SIZEOF_SIGNED_CHAR 1
| #define HAVE_LONG_LONG 1
| #define SIZEOF_SHORT 2
| #define SIZEOF_INT 4
| #define SIZEOF_LONG 8
| #define SIZEOF_LONG_LONG 8
| #define NEED_S_CHAR_TYPEDEF 1
| /* end confdefs.h.  */
| #include <stddef.h>
| #ifdef HAVE_STDIO_H
| # include <stdio.h>
| #endif
| #ifdef HAVE_STDLIB_H
| # include <stdlib.h>
| #endif
| #ifdef HAVE_STRING_H
| # include <string.h>
| #endif
| #ifdef HAVE_INTTYPES_H
| # include <inttypes.h>
| #endif
| #ifdef HAVE_STDINT_H
| # include <stdint.h>
| #endif
| #ifdef HAVE_STRINGS_H
| # include <strings.h>
| #endif
| #ifdef HAVE_SYS_TYPES_H
| # include <sys/types.h>
| #endif
| #ifdef HAVE_SYS_STAT_H
| # include <sys/stat.h>
| #endif
| #ifdef HAVE_UNISTD_H
| # include <unistd.h>
| #endif
| int
| main (void)
| {
| if (sizeof ((uid_t)))
| 	    return 0;
|   ;
|   return 0;
| }
configure:10657: result: yes
configure:10668: checking for gid_t
configure:10668: cc -c -march=x86-64 -mtune=generic -O2 -pipe -fno-plt -fexceptions         -Wp,-D_FORTIFY_SOURCE=3 -Wformat -Werror=format-security         -fstack-clash-protection -fcf-protection         -fno-omit-frame-pointer -mno-omit-leaf-frame-pointer -Wno-incompatible-pointer-types -g -ffile-prefix-map=/home/esteban/Escritorio/hack_the_box/machines/administrator/tools/ntpdate/src=/usr/src/debug/ntpdate -flto=auto  conftest.c >&5
configure:10668: $? = 0
configure:10668: cc -c -march=x86-64 -mtune=generic -O2 -pipe -fno-plt -fexceptions         -Wp,-D_FORTIFY_SOURCE=3 -Wformat -Werror=format-security         -fstack-clash-protection -fcf-protection         -fno-omit-frame-pointer -mno-omit-leaf-frame-pointer -Wno-incompatible-pointer-types -g -ffile-prefix-map=/home/esteban/Escritorio/hack_the_box/machines/administrator/tools/ntpdate/src=/usr/src/debug/ntpdate -flto=auto  conftest.c >&5
conftest.c: In function 'main':
conftest.c:122:20: error: expected expression before ')' token
  122 | if (sizeof ((gid_t)))
      |                    ^
configure:10668: $? = 1
configure: failed program was:
| /* confdefs.h */
| #define PACKAGE_NAME "sntp"
| #define PACKAGE_TARNAME "sntp"
| #define PACKAGE_VERSION "4.2.8p18"
| #define PACKAGE_STRING "sntp 4.2.8p18"
| #define PACKAGE_BUGREPORT "https://bugs.ntp.org/"
| #define PACKAGE_URL "https://www.ntp.org/"
| #define PACKAGE "sntp"
| #define VERSION "4.2.8p18"
| #define STR_SYSTEM "x86_64-pc-linux-gnu"
| #define HAVE_STDIO_H 1
| #define HAVE_STDLIB_H 1
| #define HAVE_STRING_H 1
| #define HAVE_INTTYPES_H 1
| #define HAVE_STDINT_H 1
| #define HAVE_STRINGS_H 1
| #define HAVE_SYS_STAT_H 1
| #define HAVE_SYS_TYPES_H 1
| #define HAVE_UNISTD_H 1
| #define HAVE_WCHAR_H 1
| #define HAVE_STDARG_H 1
| #define STDC_HEADERS 1
| #define _ALL_SOURCE 1
| #define _DARWIN_C_SOURCE 1
| #define _GNU_SOURCE 1
| #define _HPUX_ALT_XOPEN_SOCKET_API 1
| #define _NETBSD_SOURCE 1
| #define _OPENBSD_SOURCE 1
| #define _POSIX_PTHREAD_SEMANTICS 1
| #define __STDC_WANT_IEC_60559_ATTRIBS_EXT__ 1
| #define __STDC_WANT_IEC_60559_BFP_EXT__ 1
| #define __STDC_WANT_IEC_60559_DFP_EXT__ 1
| #define __STDC_WANT_IEC_60559_EXT__ 1
| #define __STDC_WANT_IEC_60559_FUNCS_EXT__ 1
| #define __STDC_WANT_IEC_60559_TYPES_EXT__ 1
| #define __STDC_WANT_LIB_EXT2__ 1
| #define __STDC_WANT_MATH_SPEC_FUNCS__ 1
| #define _TANDEM_SOURCE 1
| #define __EXTENSIONS__ 1
| #define HAVE___ATTRIBUTE__ /**/
| #define HAVE_FORK 1
| #define HAVE_VFORK 1
| #define HAVE_VPRINTF 1
| #define HAVE_DECL_STRERROR_R 1
| #define HAVE_UNSIGNED_LONG_LONG_INT 1
| #define HAVE_VSNPRINTF 1
| #define HAVE_SNPRINTF 1
| #define DIR_SEP '/'
| #define HAVE_READLINE_READLINE_H 1
| #define HAVE_HISTEDIT_H 1
| #define HAVE_READLINE_HISTORY_H 1
| #define EL_INIT_ARGS 4
| #define HAVE_READLINE_HISTORY 1
| #define HAVE_WORKING_VFORK 1
| #define HAVE_WORKING_FORK 1
| #define HAVE_ALLOCA_H 1
| #define HAVE_ALLOCA 1
| #define HAVE_STRERROR_R 1
| #define STRERROR_R_CHAR_P 1
| #define HAVE_CLOCK_GETRES 1
| #define HAVE_CLOCK_GETTIME 1
| #define HAVE_CLOCK_SETTIME 1
| #define HAVE_TIMEGM 1
| #define HAVE_STRLCPY 1
| #define HAVE_STRLCAT 1
| #define HAVE_ERRNO_H 1
| #define HAVE_SYS_SOCKET_H 1
| #define HAVE_SYS_TYPES_H 1
| #define HAVE_TIME_H 1
| #define HAVE_NET_IF_H 1
| #define HAVE_LINUX_IF_ADDR_H 1
| #define NEED_EARLY_FORK 1
| #define HAVE_ARPA_NAMESER_H 1
| #define HAVE_SYS_PARAM_H 1
| #define HAVE_SYS_TIME_H 1
| #define HAVE_NETINET_IN_SYSTM_H 1
| #define HAVE_NETINET_IN_H 1
| #define HAVE_RESOLV_H 1
| #define HAVE_NETINET_IP_H 1
| #define HAVE_RECVMSG 1
| #define HAVE_INLINE 1
| #define SIZEOF_TIME_T 8
| #define SIZEOF_SIGNED_CHAR 1
| #define HAVE_LONG_LONG 1
| #define SIZEOF_SHORT 2
| #define SIZEOF_INT 4
| #define SIZEOF_LONG 8
| #define SIZEOF_LONG_LONG 8
| #define NEED_S_CHAR_TYPEDEF 1
| /* end confdefs.h.  */
| #include <stddef.h>
| #ifdef HAVE_STDIO_H
| # include <stdio.h>
| #endif
| #ifdef HAVE_STDLIB_H
| # include <stdlib.h>
| #endif
| #ifdef HAVE_STRING_H
| # include <string.h>
| #endif
| #ifdef HAVE_INTTYPES_H
| # include <inttypes.h>
| #endif
| #ifdef HAVE_STDINT_H
| # include <stdint.h>
| #endif
| #ifdef HAVE_STRINGS_H
| # include <strings.h>
| #endif
| #ifdef HAVE_SYS_TYPES_H
| # include <sys/types.h>
| #endif
| #ifdef HAVE_SYS_STAT_H
| # include <sys/stat.h>
| #endif
| #ifdef HAVE_UNISTD_H
| # include <unistd.h>
| #endif
| int
| main (void)
| {
| if (sizeof ((gid_t)))
| 	    return 0;
|   ;
|   return 0;
| }
configure:10668: result: yes
configure:10684: checking if we're including debugging code
configure:10702: result: yes
configure:10708: checking for semaphore.h
configure:10708: cc -c -march=x86-64 -mtune=generic -O2 -pipe -fno-plt -fexceptions         -Wp,-D_FORTIFY_SOURCE=3 -Wformat -Werror=format-security         -fstack-clash-protection -fcf-protection         -fno-omit-frame-pointer -mno-omit-leaf-frame-pointer -Wno-incompatible-pointer-types -g -ffile-prefix-map=/home/esteban/Escritorio/hack_the_box/machines/administrator/tools/ntpdate/src=/usr/src/debug/ntpdate -flto=auto  conftest.c >&5
configure:10708: $? = 0
configure:10708: result: yes
configure:10715: checking for socketpair
configure:10715: cc -o conftest -march=x86-64 -mtune=generic -O2 -pipe -fno-plt -fexceptions         -Wp,-D_FORTIFY_SOURCE=3 -Wformat -Werror=format-security         -fstack-clash-protection -fcf-protection         -fno-omit-frame-pointer -mno-omit-leaf-frame-pointer -Wno-incompatible-pointer-types -g -ffile-prefix-map=/home/esteban/Escritorio/hack_the_box/machines/administrator/tools/ntpdate/src=/usr/src/debug/ntpdate -flto=auto  -Wl,-O1 -Wl,--sort-common -Wl,--as-needed -Wl,-z,relro -Wl,-z,now          -Wl,-z,pack-relative-relocs -flto=auto conftest.c  >&5
configure:10715: $? = 0
configure:10715: result: yes
configure:10884: checking for _beginthread
configure:10884: cc -o conftest -march=x86-64 -mtune=generic -O2 -pipe -fno-plt -fexceptions         -Wp,-D_FORTIFY_SOURCE=3 -Wformat -Werror=format-security         -fstack-clash-protection -fcf-protection         -fno-omit-frame-pointer -mno-omit-leaf-frame-pointer -Wno-incompatible-pointer-types -g -ffile-prefix-map=/home/esteban/Escritorio/hack_the_box/machines/administrator/tools/ntpdate/src=/usr/src/debug/ntpdate -flto=auto  -Wl,-O1 -Wl,--sort-common -Wl,--as-needed -Wl,-z,relro -Wl,-z,now          -Wl,-z,pack-relative-relocs -flto=auto conftest.c  >&5
/usr/bin/ld: /tmp/ccHCKNgq.ltrans0.ltrans.o: in function `main':
/usr/src/debug/ntpdate/ntp-4.2.8p18/sntp/conftest.c:121:(.text.startup+0xa): undefined reference to `_beginthread'
collect2: error: ld returned 1 exit status
configure:10884: $? = 1
configure: failed program was:
| /* confdefs.h */
| #define PACKAGE_NAME "sntp"
| #define PACKAGE_TARNAME "sntp"
| #define PACKAGE_VERSION "4.2.8p18"
| #define PACKAGE_STRING "sntp 4.2.8p18"
| #define PACKAGE_BUGREPORT "https://bugs.ntp.org/"
| #define PACKAGE_URL "https://www.ntp.org/"
| #define PACKAGE "sntp"
| #define VERSION "4.2.8p18"
| #define STR_SYSTEM "x86_64-pc-linux-gnu"
| #define HAVE_STDIO_H 1
| #define HAVE_STDLIB_H 1
| #define HAVE_STRING_H 1
| #define HAVE_INTTYPES_H 1
| #define HAVE_STDINT_H 1
| #define HAVE_STRINGS_H 1
| #define HAVE_SYS_STAT_H 1
| #define HAVE_SYS_TYPES_H 1
| #define HAVE_UNISTD_H 1
| #define HAVE_WCHAR_H 1
| #define HAVE_STDARG_H 1
| #define STDC_HEADERS 1
| #define _ALL_SOURCE 1
| #define _DARWIN_C_SOURCE 1
| #define _GNU_SOURCE 1
| #define _HPUX_ALT_XOPEN_SOCKET_API 1
| #define _NETBSD_SOURCE 1
| #define _OPENBSD_SOURCE 1
| #define _POSIX_PTHREAD_SEMANTICS 1
| #define __STDC_WANT_IEC_60559_ATTRIBS_EXT__ 1
| #define __STDC_WANT_IEC_60559_BFP_EXT__ 1
| #define __STDC_WANT_IEC_60559_DFP_EXT__ 1
| #define __STDC_WANT_IEC_60559_EXT__ 1
| #define __STDC_WANT_IEC_60559_FUNCS_EXT__ 1
| #define __STDC_WANT_IEC_60559_TYPES_EXT__ 1
| #define __STDC_WANT_LIB_EXT2__ 1
| #define __STDC_WANT_MATH_SPEC_FUNCS__ 1
| #define _TANDEM_SOURCE 1
| #define __EXTENSIONS__ 1
| #define HAVE___ATTRIBUTE__ /**/
| #define HAVE_FORK 1
| #define HAVE_VFORK 1
| #define HAVE_VPRINTF 1
| #define HAVE_DECL_STRERROR_R 1
| #define HAVE_UNSIGNED_LONG_LONG_INT 1
| #define HAVE_VSNPRINTF 1
| #define HAVE_SNPRINTF 1
| #define DIR_SEP '/'
| #define HAVE_READLINE_READLINE_H 1
| #define HAVE_HISTEDIT_H 1
| #define HAVE_READLINE_HISTORY_H 1
| #define EL_INIT_ARGS 4
| #define HAVE_READLINE_HISTORY 1
| #define HAVE_WORKING_VFORK 1
| #define HAVE_WORKING_FORK 1
| #define HAVE_ALLOCA_H 1
| #define HAVE_ALLOCA 1
| #define HAVE_STRERROR_R 1
| #define STRERROR_R_CHAR_P 1
| #define HAVE_CLOCK_GETRES 1
| #define HAVE_CLOCK_GETTIME 1
| #define HAVE_CLOCK_SETTIME 1
| #define HAVE_TIMEGM 1
| #define HAVE_STRLCPY 1
| #define HAVE_STRLCAT 1
| #define HAVE_ERRNO_H 1
| #define HAVE_SYS_SOCKET_H 1
| #define HAVE_SYS_TYPES_H 1
| #define HAVE_TIME_H 1
| #define HAVE_NET_IF_H 1
| #define HAVE_LINUX_IF_ADDR_H 1
| #define NEED_EARLY_FORK 1
| #define HAVE_ARPA_NAMESER_H 1
| #define HAVE_SYS_PARAM_H 1
| #define HAVE_SYS_TIME_H 1
| #define HAVE_NETINET_IN_SYSTM_H 1
| #define HAVE_NETINET_IN_H 1
| #define HAVE_RESOLV_H 1
| #define HAVE_NETINET_IP_H 1
| #define HAVE_RECVMSG 1
| #define HAVE_INLINE 1
| #define SIZEOF_TIME_T 8
| #define SIZEOF_SIGNED_CHAR 1
| #define HAVE_LONG_LONG 1
| #define SIZEOF_SHORT 2
| #define SIZEOF_INT 4
| #define SIZEOF_LONG 8
| #define SIZEOF_LONG_LONG 8
| #define NEED_S_CHAR_TYPEDEF 1
| #define DEBUG 1
| #define HAVE_SEMAPHORE_H 1
| #define HAVE_SOCKETPAIR 1
| /* end confdefs.h.  */
| /* Define _beginthread to an innocuous variant, in case <limits.h> declares _beginthread.
|    For example, HP-UX 11i <limits.h> declares gettimeofday.  */
| #define _beginthread innocuous__beginthread
| 
| /* System header to define __stub macros and hopefully few prototypes,
|    which can conflict with char _beginthread (void); below.  */
| 
| #include <limits.h>
| #undef _beginthread
| 
| /* Override any GCC internal prototype to avoid an error.
|    Use char because int might match the return type of a GCC
|    builtin and then its argument prototype would still apply.  */
| #ifdef __cplusplus
| extern "C"
| #endif
| char _beginthread (void);
| /* The GNU C library defines this for functions which it implements
|     to always fail with ENOSYS.  Some functions are actually named
|     something starting with __ and the normal name is an alias.  */
| #if defined __stub__beginthread || defined __stub____beginthread
| choke me
| #endif
| 
| int
| main (void)
| {
| return _beginthread ();
|   ;
|   return 0;
| }
configure:10884: result: no
configure:10920: checking for pthread.h
configure:10920: cc -c -march=x86-64 -mtune=generic -O2 -pipe -fno-plt -fexceptions         -Wp,-D_FORTIFY_SOURCE=3 -Wformat -Werror=format-security         -fstack-clash-protection -fcf-protection         -fno-omit-frame-pointer -mno-omit-leaf-frame-pointer -Wno-incompatible-pointer-types -g -ffile-prefix-map=/home/esteban/Escritorio/hack_the_box/machines/administrator/tools/ntpdate/src=/usr/src/debug/ntpdate -flto=auto  conftest.c >&5
configure:10920: $? = 0
configure:10920: result: yes
configure:10929: checking POSIX thread version
configure:10951: cc -c -march=x86-64 -mtune=generic -O2 -pipe -fno-plt -fexceptions         -Wp,-D_FORTIFY_SOURCE=3 -Wformat -Werror=format-security         -fstack-clash-protection -fcf-protection         -fno-omit-frame-pointer -mno-omit-leaf-frame-pointer -Wno-incompatible-pointer-types -g -ffile-prefix-map=/home/esteban/Escritorio/hack_the_box/machines/administrator/tools/ntpdate/src=/usr/src/debug/ntpdate -flto=auto  conftest.c >&5
configure:10951: $? = 0
configure:11030: result: 10
configure:11046: checking for LinuxThreads pthread.h
configure:11069: result: no
configure:11078: checking for GNU Pth pthread.h
configure:11105: result: no
configure:11110: checking for sched.h
configure:11110: cc -c -march=x86-64 -mtune=generic -O2 -pipe -fno-plt -fexceptions         -Wp,-D_FORTIFY_SOURCE=3 -Wformat -Werror=format-security         -fstack-clash-protection -fcf-protection         -fno-omit-frame-pointer -mno-omit-leaf-frame-pointer -Wno-incompatible-pointer-types -g -ffile-prefix-map=/home/esteban/Escritorio/hack_the_box/machines/administrator/tools/ntpdate/src=/usr/src/debug/ntpdate -flto=auto  conftest.c >&5
configure:11110: $? = 0
configure:11110: result: yes
configure:11120: checking for pthread_create in default libraries
configure:11285: cc -o conftest -march=x86-64 -mtune=generic -O2 -pipe -fno-plt -fexceptions         -Wp,-D_FORTIFY_SOURCE=3 -Wformat -Werror=format-security         -fstack-clash-protection -fcf-protection         -fno-omit-frame-pointer -mno-omit-leaf-frame-pointer -Wno-incompatible-pointer-types -g -ffile-prefix-map=/home/esteban/Escritorio/hack_the_box/machines/administrator/tools/ntpdate/src=/usr/src/debug/ntpdate -flto=auto  -Wl,-O1 -Wl,--sort-common -Wl,--as-needed -Wl,-z,relro -Wl,-z,now          -Wl,-z,pack-relative-relocs -flto=auto conftest.c  >&5
conftest.c: In function 'task':
conftest.c:108:14: warning: old-style function definition [-Wold-style-definition]
  108 | static void *task(p)
      |              ^~~~
conftest.c:111:16: warning: cast to pointer from integer of different size [-Wint-to-pointer-cast]
  111 |         return (void *) (p == NULL);
      |                ^
conftest.c: In function 'main':
conftest.c:115:5: warning: old-style function definition [-Wold-style-definition]
  115 | int main(argc, argv)
      |     ^~~~
configure:11285: $? = 0
configure:11285: ./conftest
configure:11285: $? = 0
configure:11299: result: yes
configure:14299: ol_link_threads: <posix> ol_link_pthreads <>
configure:14309: checking for sched_yield
configure:14309: cc -o conftest -march=x86-64 -mtune=generic -O2 -pipe -fno-plt -fexceptions         -Wp,-D_FORTIFY_SOURCE=3 -Wformat -Werror=format-security         -fstack-clash-protection -fcf-protection         -fno-omit-frame-pointer -mno-omit-leaf-frame-pointer -Wno-incompatible-pointer-types -g -ffile-prefix-map=/home/esteban/Escritorio/hack_the_box/machines/administrator/tools/ntpdate/src=/usr/src/debug/ntpdate -flto=auto  -Wl,-O1 -Wl,--sort-common -Wl,--as-needed -Wl,-z,relro -Wl,-z,now          -Wl,-z,pack-relative-relocs -flto=auto conftest.c    >&5
configure:14309: $? = 0
configure:14309: result: yes
configure:14315: checking for pthread_yield
configure:14315: cc -o conftest -march=x86-64 -mtune=generic -O2 -pipe -fno-plt -fexceptions         -Wp,-D_FORTIFY_SOURCE=3 -Wformat -Werror=format-security         -fstack-clash-protection -fcf-protection         -fno-omit-frame-pointer -mno-omit-leaf-frame-pointer -Wno-incompatible-pointer-types -g -ffile-prefix-map=/home/esteban/Escritorio/hack_the_box/machines/administrator/tools/ntpdate/src=/usr/src/debug/ntpdate -flto=auto  -Wl,-O1 -Wl,--sort-common -Wl,--as-needed -Wl,-z,relro -Wl,-z,now          -Wl,-z,pack-relative-relocs -flto=auto conftest.c    >&5
/usr/bin/ld: /tmp/ccjTWAuq.ltrans0.ltrans.o: in function `main':
/usr/src/debug/ntpdate/ntp-4.2.8p18/sntp/conftest.c:125:(.text.startup+0xa): undefined reference to `pthread_yield'
collect2: error: ld returned 1 exit status
configure:14315: $? = 1
configure: failed program was:
| /* confdefs.h */
| #define PACKAGE_NAME "sntp"
| #define PACKAGE_TARNAME "sntp"
| #define PACKAGE_VERSION "4.2.8p18"
| #define PACKAGE_STRING "sntp 4.2.8p18"
| #define PACKAGE_BUGREPORT "https://bugs.ntp.org/"
| #define PACKAGE_URL "https://www.ntp.org/"
| #define PACKAGE "sntp"
| #define VERSION "4.2.8p18"
| #define STR_SYSTEM "x86_64-pc-linux-gnu"
| #define HAVE_STDIO_H 1
| #define HAVE_STDLIB_H 1
| #define HAVE_STRING_H 1
| #define HAVE_INTTYPES_H 1
| #define HAVE_STDINT_H 1
| #define HAVE_STRINGS_H 1
| #define HAVE_SYS_STAT_H 1
| #define HAVE_SYS_TYPES_H 1
| #define HAVE_UNISTD_H 1
| #define HAVE_WCHAR_H 1
| #define HAVE_STDARG_H 1
| #define STDC_HEADERS 1
| #define _ALL_SOURCE 1
| #define _DARWIN_C_SOURCE 1
| #define _GNU_SOURCE 1
| #define _HPUX_ALT_XOPEN_SOCKET_API 1
| #define _NETBSD_SOURCE 1
| #define _OPENBSD_SOURCE 1
| #define _POSIX_PTHREAD_SEMANTICS 1
| #define __STDC_WANT_IEC_60559_ATTRIBS_EXT__ 1
| #define __STDC_WANT_IEC_60559_BFP_EXT__ 1
| #define __STDC_WANT_IEC_60559_DFP_EXT__ 1
| #define __STDC_WANT_IEC_60559_EXT__ 1
| #define __STDC_WANT_IEC_60559_FUNCS_EXT__ 1
| #define __STDC_WANT_IEC_60559_TYPES_EXT__ 1
| #define __STDC_WANT_LIB_EXT2__ 1
| #define __STDC_WANT_MATH_SPEC_FUNCS__ 1
| #define _TANDEM_SOURCE 1
| #define __EXTENSIONS__ 1
| #define HAVE___ATTRIBUTE__ /**/
| #define HAVE_FORK 1
| #define HAVE_VFORK 1
| #define HAVE_VPRINTF 1
| #define HAVE_DECL_STRERROR_R 1
| #define HAVE_UNSIGNED_LONG_LONG_INT 1
| #define HAVE_VSNPRINTF 1
| #define HAVE_SNPRINTF 1
| #define DIR_SEP '/'
| #define HAVE_READLINE_READLINE_H 1
| #define HAVE_HISTEDIT_H 1
| #define HAVE_READLINE_HISTORY_H 1
| #define EL_INIT_ARGS 4
| #define HAVE_READLINE_HISTORY 1
| #define HAVE_WORKING_VFORK 1
| #define HAVE_WORKING_FORK 1
| #define HAVE_ALLOCA_H 1
| #define HAVE_ALLOCA 1
| #define HAVE_STRERROR_R 1
| #define STRERROR_R_CHAR_P 1
| #define HAVE_CLOCK_GETRES 1
| #define HAVE_CLOCK_GETTIME 1
| #define HAVE_CLOCK_SETTIME 1
| #define HAVE_TIMEGM 1
| #define HAVE_STRLCPY 1
| #define HAVE_STRLCAT 1
| #define HAVE_ERRNO_H 1
| #define HAVE_SYS_SOCKET_H 1
| #define HAVE_SYS_TYPES_H 1
| #define HAVE_TIME_H 1
| #define HAVE_NET_IF_H 1
| #define HAVE_LINUX_IF_ADDR_H 1
| #define NEED_EARLY_FORK 1
| #define HAVE_ARPA_NAMESER_H 1
| #define HAVE_SYS_PARAM_H 1
| #define HAVE_SYS_TIME_H 1
| #define HAVE_NETINET_IN_SYSTM_H 1
| #define HAVE_NETINET_IN_H 1
| #define HAVE_RESOLV_H 1
| #define HAVE_NETINET_IP_H 1
| #define HAVE_RECVMSG 1
| #define HAVE_INLINE 1
| #define SIZEOF_TIME_T 8
| #define SIZEOF_SIGNED_CHAR 1
| #define HAVE_LONG_LONG 1
| #define SIZEOF_SHORT 2
| #define SIZEOF_INT 4
| #define SIZEOF_LONG 8
| #define SIZEOF_LONG_LONG 8
| #define NEED_S_CHAR_TYPEDEF 1
| #define DEBUG 1
| #define HAVE_SEMAPHORE_H 1
| #define HAVE_SOCKETPAIR 1
| #define HAVE_PTHREAD_H 1
| #define HAVE_PTHREADS 10
| #define HAVE_SCHED_H 1
| #define HAVE_SCHED_YIELD 1
| /* end confdefs.h.  */
| /* Define pthread_yield to an innocuous variant, in case <limits.h> declares pthread_yield.
|    For example, HP-UX 11i <limits.h> declares gettimeofday.  */
| #define pthread_yield innocuous_pthread_yield
| 
| /* System header to define __stub macros and hopefully few prototypes,
|    which can conflict with char pthread_yield (void); below.  */
| 
| #include <limits.h>
| #undef pthread_yield
| 
| /* Override any GCC internal prototype to avoid an error.
|    Use char because int might match the return type of a GCC
|    builtin and then its argument prototype would still apply.  */
| #ifdef __cplusplus
| extern "C"
| #endif
| char pthread_yield (void);
| /* The GNU C library defines this for functions which it implements
|     to always fail with ENOSYS.  Some functions are actually named
|     something starting with __ and the normal name is an alias.  */
| #if defined __stub_pthread_yield || defined __stub___pthread_yield
| choke me
| #endif
| 
| int
| main (void)
| {
| return pthread_yield ();
|   ;
|   return 0;
| }
configure:14315: result: no
configure:14321: checking for thr_yield
configure:14321: cc -o conftest -march=x86-64 -mtune=generic -O2 -pipe -fno-plt -fexceptions         -Wp,-D_FORTIFY_SOURCE=3 -Wformat -Werror=format-security         -fstack-clash-protection -fcf-protection         -fno-omit-frame-pointer -mno-omit-leaf-frame-pointer -Wno-incompatible-pointer-types -g -ffile-prefix-map=/home/esteban/Escritorio/hack_the_box/machines/administrator/tools/ntpdate/src=/usr/src/debug/ntpdate -flto=auto  -Wl,-O1 -Wl,--sort-common -Wl,--as-needed -Wl,-z,relro -Wl,-z,now          -Wl,-z,pack-relative-relocs -flto=auto conftest.c    >&5
/usr/bin/ld: /tmp/ccIMjtwA.ltrans0.ltrans.o: in function `main':
/usr/src/debug/ntpdate/ntp-4.2.8p18/sntp/conftest.c:125:(.text.startup+0xa): undefined reference to `thr_yield'
collect2: error: ld returned 1 exit status
configure:14321: $? = 1
configure: failed program was:
| /* confdefs.h */
| #define PACKAGE_NAME "sntp"
| #define PACKAGE_TARNAME "sntp"
| #define PACKAGE_VERSION "4.2.8p18"
| #define PACKAGE_STRING "sntp 4.2.8p18"
| #define PACKAGE_BUGREPORT "https://bugs.ntp.org/"
| #define PACKAGE_URL "https://www.ntp.org/"
| #define PACKAGE "sntp"
| #define VERSION "4.2.8p18"
| #define STR_SYSTEM "x86_64-pc-linux-gnu"
| #define HAVE_STDIO_H 1
| #define HAVE_STDLIB_H 1
| #define HAVE_STRING_H 1
| #define HAVE_INTTYPES_H 1
| #define HAVE_STDINT_H 1
| #define HAVE_STRINGS_H 1
| #define HAVE_SYS_STAT_H 1
| #define HAVE_SYS_TYPES_H 1
| #define HAVE_UNISTD_H 1
| #define HAVE_WCHAR_H 1
| #define HAVE_STDARG_H 1
| #define STDC_HEADERS 1
| #define _ALL_SOURCE 1
| #define _DARWIN_C_SOURCE 1
| #define _GNU_SOURCE 1
| #define _HPUX_ALT_XOPEN_SOCKET_API 1
| #define _NETBSD_SOURCE 1
| #define _OPENBSD_SOURCE 1
| #define _POSIX_PTHREAD_SEMANTICS 1
| #define __STDC_WANT_IEC_60559_ATTRIBS_EXT__ 1
| #define __STDC_WANT_IEC_60559_BFP_EXT__ 1
| #define __STDC_WANT_IEC_60559_DFP_EXT__ 1
| #define __STDC_WANT_IEC_60559_EXT__ 1
| #define __STDC_WANT_IEC_60559_FUNCS_EXT__ 1
| #define __STDC_WANT_IEC_60559_TYPES_EXT__ 1
| #define __STDC_WANT_LIB_EXT2__ 1
| #define __STDC_WANT_MATH_SPEC_FUNCS__ 1
| #define _TANDEM_SOURCE 1
| #define __EXTENSIONS__ 1
| #define HAVE___ATTRIBUTE__ /**/
| #define HAVE_FORK 1
| #define HAVE_VFORK 1
| #define HAVE_VPRINTF 1
| #define HAVE_DECL_STRERROR_R 1
| #define HAVE_UNSIGNED_LONG_LONG_INT 1
| #define HAVE_VSNPRINTF 1
| #define HAVE_SNPRINTF 1
| #define DIR_SEP '/'
| #define HAVE_READLINE_READLINE_H 1
| #define HAVE_HISTEDIT_H 1
| #define HAVE_READLINE_HISTORY_H 1
| #define EL_INIT_ARGS 4
| #define HAVE_READLINE_HISTORY 1
| #define HAVE_WORKING_VFORK 1
| #define HAVE_WORKING_FORK 1
| #define HAVE_ALLOCA_H 1
| #define HAVE_ALLOCA 1
| #define HAVE_STRERROR_R 1
| #define STRERROR_R_CHAR_P 1
| #define HAVE_CLOCK_GETRES 1
| #define HAVE_CLOCK_GETTIME 1
| #define HAVE_CLOCK_SETTIME 1
| #define HAVE_TIMEGM 1
| #define HAVE_STRLCPY 1
| #define HAVE_STRLCAT 1
| #define HAVE_ERRNO_H 1
| #define HAVE_SYS_SOCKET_H 1
| #define HAVE_SYS_TYPES_H 1
| #define HAVE_TIME_H 1
| #define HAVE_NET_IF_H 1
| #define HAVE_LINUX_IF_ADDR_H 1
| #define NEED_EARLY_FORK 1
| #define HAVE_ARPA_NAMESER_H 1
| #define HAVE_SYS_PARAM_H 1
| #define HAVE_SYS_TIME_H 1
| #define HAVE_NETINET_IN_SYSTM_H 1
| #define HAVE_NETINET_IN_H 1
| #define HAVE_RESOLV_H 1
| #define HAVE_NETINET_IP_H 1
| #define HAVE_RECVMSG 1
| #define HAVE_INLINE 1
| #define SIZEOF_TIME_T 8
| #define SIZEOF_SIGNED_CHAR 1
| #define HAVE_LONG_LONG 1
| #define SIZEOF_SHORT 2
| #define SIZEOF_INT 4
| #define SIZEOF_LONG 8
| #define SIZEOF_LONG_LONG 8
| #define NEED_S_CHAR_TYPEDEF 1
| #define DEBUG 1
| #define HAVE_SEMAPHORE_H 1
| #define HAVE_SOCKETPAIR 1
| #define HAVE_PTHREAD_H 1
| #define HAVE_PTHREADS 10
| #define HAVE_SCHED_H 1
| #define HAVE_SCHED_YIELD 1
| /* end confdefs.h.  */
| /* Define thr_yield to an innocuous variant, in case <limits.h> declares thr_yield.
|    For example, HP-UX 11i <limits.h> declares gettimeofday.  */
| #define thr_yield innocuous_thr_yield
| 
| /* System header to define __stub macros and hopefully few prototypes,
|    which can conflict with char thr_yield (void); below.  */
| 
| #include <limits.h>
| #undef thr_yield
| 
| /* Override any GCC internal prototype to avoid an error.
|    Use char because int might match the return type of a GCC
|    builtin and then its argument prototype would still apply.  */
| #ifdef __cplusplus
| extern "C"
| #endif
| char thr_yield (void);
| /* The GNU C library defines this for functions which it implements
|     to always fail with ENOSYS.  Some functions are actually named
|     something starting with __ and the normal name is an alias.  */
| #if defined __stub_thr_yield || defined __stub___thr_yield
| choke me
| #endif
| 
| int
| main (void)
| {
| return thr_yield ();
|   ;
|   return 0;
| }
configure:14321: result: no
configure:14395: checking for pthread_kill
configure:14395: cc -o conftest -march=x86-64 -mtune=generic -O2 -pipe -fno-plt -fexceptions         -Wp,-D_FORTIFY_SOURCE=3 -Wformat -Werror=format-security         -fstack-clash-protection -fcf-protection         -fno-omit-frame-pointer -mno-omit-leaf-frame-pointer -Wno-incompatible-pointer-types -g -ffile-prefix-map=/home/esteban/Escritorio/hack_the_box/machines/administrator/tools/ntpdate/src=/usr/src/debug/ntpdate -flto=auto  -Wl,-O1 -Wl,--sort-common -Wl,--as-needed -Wl,-z,relro -Wl,-z,now          -Wl,-z,pack-relative-relocs -flto=auto conftest.c    >&5
configure:14395: $? = 0
configure:14395: result: yes
configure:14403: checking for pthread_rwlock_destroy with <pthread.h>
configure:14424: cc -o conftest -march=x86-64 -mtune=generic -O2 -pipe -fno-plt -fexceptions         -Wp,-D_FORTIFY_SOURCE=3 -Wformat -Werror=format-security         -fstack-clash-protection -fcf-protection         -fno-omit-frame-pointer -mno-omit-leaf-frame-pointer -Wno-incompatible-pointer-types -g -ffile-prefix-map=/home/esteban/Escritorio/hack_the_box/machines/administrator/tools/ntpdate/src=/usr/src/debug/ntpdate -flto=auto  -Wl,-O1 -Wl,--sort-common -Wl,--as-needed -Wl,-z,relro -Wl,-z,now          -Wl,-z,pack-relative-relocs -flto=auto conftest.c    >&5
configure:14424: $? = 0
configure:14436: result: yes
configure:14444: checking for pthread_detach with <pthread.h>
configure:14465: cc -o conftest -march=x86-64 -mtune=generic -O2 -pipe -fno-plt -fexceptions         -Wp,-D_FORTIFY_SOURCE=3 -Wformat -Werror=format-security         -fstack-clash-protection -fcf-protection         -fno-omit-frame-pointer -mno-omit-leaf-frame-pointer -Wno-incompatible-pointer-types -g -ffile-prefix-map=/home/esteban/Escritorio/hack_the_box/machines/administrator/tools/ntpdate/src=/usr/src/debug/ntpdate -flto=auto  -Wl,-O1 -Wl,--sort-common -Wl,--as-needed -Wl,-z,relro -Wl,-z,now          -Wl,-z,pack-relative-relocs -flto=auto conftest.c    >&5
configure:14465: $? = 0
configure:14477: result: yes
configure:14488: checking for pthread_setconcurrency
configure:14488: cc -o conftest -march=x86-64 -mtune=generic -O2 -pipe -fno-plt -fexceptions         -Wp,-D_FORTIFY_SOURCE=3 -Wformat -Werror=format-security         -fstack-clash-protection -fcf-protection         -fno-omit-frame-pointer -mno-omit-leaf-frame-pointer -Wno-incompatible-pointer-types -g -ffile-prefix-map=/home/esteban/Escritorio/hack_the_box/machines/administrator/tools/ntpdate/src=/usr/src/debug/ntpdate -flto=auto  -Wl,-O1 -Wl,--sort-common -Wl,--as-needed -Wl,-z,relro -Wl,-z,now          -Wl,-z,pack-relative-relocs -flto=auto conftest.c    >&5
configure:14488: $? = 0
configure:14488: result: yes
configure:14494: checking for pthread_getconcurrency
configure:14494: cc -o conftest -march=x86-64 -mtune=generic -O2 -pipe -fno-plt -fexceptions         -Wp,-D_FORTIFY_SOURCE=3 -Wformat -Werror=format-security         -fstack-clash-protection -fcf-protection         -fno-omit-frame-pointer -mno-omit-leaf-frame-pointer -Wno-incompatible-pointer-types -g -ffile-prefix-map=/home/esteban/Escritorio/hack_the_box/machines/administrator/tools/ntpdate/src=/usr/src/debug/ntpdate -flto=auto  -Wl,-O1 -Wl,--sort-common -Wl,--as-needed -Wl,-z,relro -Wl,-z,now          -Wl,-z,pack-relative-relocs -flto=auto conftest.c    >&5
configure:14494: $? = 0
configure:14494: result: yes
configure:14500: checking for thr_setconcurrency
configure:14500: cc -o conftest -march=x86-64 -mtune=generic -O2 -pipe -fno-plt -fexceptions         -Wp,-D_FORTIFY_SOURCE=3 -Wformat -Werror=format-security         -fstack-clash-protection -fcf-protection         -fno-omit-frame-pointer -mno-omit-leaf-frame-pointer -Wno-incompatible-pointer-types -g -ffile-prefix-map=/home/esteban/Escritorio/hack_the_box/machines/administrator/tools/ntpdate/src=/usr/src/debug/ntpdate -flto=auto  -Wl,-O1 -Wl,--sort-common -Wl,--as-needed -Wl,-z,relro -Wl,-z,now          -Wl,-z,pack-relative-relocs -flto=auto conftest.c    >&5
/usr/bin/ld: /tmp/ccxdHqMb.ltrans0.ltrans.o: in function `main':
/usr/src/debug/ntpdate/ntp-4.2.8p18/sntp/conftest.c:130:(.text.startup+0xa): undefined reference to `thr_setconcurrency'
collect2: error: ld returned 1 exit status
configure:14500: $? = 1
configure: failed program was:
| /* confdefs.h */
| #define PACKAGE_NAME "sntp"
| #define PACKAGE_TARNAME "sntp"
| #define PACKAGE_VERSION "4.2.8p18"
| #define PACKAGE_STRING "sntp 4.2.8p18"
| #define PACKAGE_BUGREPORT "https://bugs.ntp.org/"
| #define PACKAGE_URL "https://www.ntp.org/"
| #define PACKAGE "sntp"
| #define VERSION "4.2.8p18"
| #define STR_SYSTEM "x86_64-pc-linux-gnu"
| #define HAVE_STDIO_H 1
| #define HAVE_STDLIB_H 1
| #define HAVE_STRING_H 1
| #define HAVE_INTTYPES_H 1
| #define HAVE_STDINT_H 1
| #define HAVE_STRINGS_H 1
| #define HAVE_SYS_STAT_H 1
| #define HAVE_SYS_TYPES_H 1
| #define HAVE_UNISTD_H 1
| #define HAVE_WCHAR_H 1
| #define HAVE_STDARG_H 1
| #define STDC_HEADERS 1
| #define _ALL_SOURCE 1
| #define _DARWIN_C_SOURCE 1
| #define _GNU_SOURCE 1
| #define _HPUX_ALT_XOPEN_SOCKET_API 1
| #define _NETBSD_SOURCE 1
| #define _OPENBSD_SOURCE 1
| #define _POSIX_PTHREAD_SEMANTICS 1
| #define __STDC_WANT_IEC_60559_ATTRIBS_EXT__ 1
| #define __STDC_WANT_IEC_60559_BFP_EXT__ 1
| #define __STDC_WANT_IEC_60559_DFP_EXT__ 1
| #define __STDC_WANT_IEC_60559_EXT__ 1
| #define __STDC_WANT_IEC_60559_FUNCS_EXT__ 1
| #define __STDC_WANT_IEC_60559_TYPES_EXT__ 1
| #define __STDC_WANT_LIB_EXT2__ 1
| #define __STDC_WANT_MATH_SPEC_FUNCS__ 1
| #define _TANDEM_SOURCE 1
| #define __EXTENSIONS__ 1
| #define HAVE___ATTRIBUTE__ /**/
| #define HAVE_FORK 1
| #define HAVE_VFORK 1
| #define HAVE_VPRINTF 1
| #define HAVE_DECL_STRERROR_R 1
| #define HAVE_UNSIGNED_LONG_LONG_INT 1
| #define HAVE_VSNPRINTF 1
| #define HAVE_SNPRINTF 1
| #define DIR_SEP '/'
| #define HAVE_READLINE_READLINE_H 1
| #define HAVE_HISTEDIT_H 1
| #define HAVE_READLINE_HISTORY_H 1
| #define EL_INIT_ARGS 4
| #define HAVE_READLINE_HISTORY 1
| #define HAVE_WORKING_VFORK 1
| #define HAVE_WORKING_FORK 1
| #define HAVE_ALLOCA_H 1
| #define HAVE_ALLOCA 1
| #define HAVE_STRERROR_R 1
| #define STRERROR_R_CHAR_P 1
| #define HAVE_CLOCK_GETRES 1
| #define HAVE_CLOCK_GETTIME 1
| #define HAVE_CLOCK_SETTIME 1
| #define HAVE_TIMEGM 1
| #define HAVE_STRLCPY 1
| #define HAVE_STRLCAT 1
| #define HAVE_ERRNO_H 1
| #define HAVE_SYS_SOCKET_H 1
| #define HAVE_SYS_TYPES_H 1
| #define HAVE_TIME_H 1
| #define HAVE_NET_IF_H 1
| #define HAVE_LINUX_IF_ADDR_H 1
| #define NEED_EARLY_FORK 1
| #define HAVE_ARPA_NAMESER_H 1
| #define HAVE_SYS_PARAM_H 1
| #define HAVE_SYS_TIME_H 1
| #define HAVE_NETINET_IN_SYSTM_H 1
| #define HAVE_NETINET_IN_H 1
| #define HAVE_RESOLV_H 1
| #define HAVE_NETINET_IP_H 1
| #define HAVE_RECVMSG 1
| #define HAVE_INLINE 1
| #define SIZEOF_TIME_T 8
| #define SIZEOF_SIGNED_CHAR 1
| #define HAVE_LONG_LONG 1
| #define SIZEOF_SHORT 2
| #define SIZEOF_INT 4
| #define SIZEOF_LONG 8
| #define SIZEOF_LONG_LONG 8
| #define NEED_S_CHAR_TYPEDEF 1
| #define DEBUG 1
| #define HAVE_SEMAPHORE_H 1
| #define HAVE_SOCKETPAIR 1
| #define HAVE_PTHREAD_H 1
| #define HAVE_PTHREADS 10
| #define HAVE_SCHED_H 1
| #define HAVE_SCHED_YIELD 1
| #define HAVE_PTHREAD_KILL 1
| #define HAVE_PTHREAD_RWLOCK_DESTROY 1
| #define HAVE_PTHREAD_DETACH 1
| #define HAVE_PTHREAD_SETCONCURRENCY 1
| #define HAVE_PTHREAD_GETCONCURRENCY 1
| /* end confdefs.h.  */
| /* Define thr_setconcurrency to an innocuous variant, in case <limits.h> declares thr_setconcurrency.
|    For example, HP-UX 11i <limits.h> declares gettimeofday.  */
| #define thr_setconcurrency innocuous_thr_setconcurrency
| 
| /* System header to define __stub macros and hopefully few prototypes,
|    which can conflict with char thr_setconcurrency (void); below.  */
| 
| #include <limits.h>
| #undef thr_setconcurrency
| 
| /* Override any GCC internal prototype to avoid an error.
|    Use char because int might match the return type of a GCC
|    builtin and then its argument prototype would still apply.  */
| #ifdef __cplusplus
| extern "C"
| #endif
| char thr_setconcurrency (void);
| /* The GNU C library defines this for functions which it implements
|     to always fail with ENOSYS.  Some functions are actually named
|     something starting with __ and the normal name is an alias.  */
| #if defined __stub_thr_setconcurrency || defined __stub___thr_setconcurrency
| choke me
| #endif
| 
| int
| main (void)
| {
| return thr_setconcurrency ();
|   ;
|   return 0;
| }
configure:14500: result: no
configure:14506: checking for thr_getconcurrency
configure:14506: cc -o conftest -march=x86-64 -mtune=generic -O2 -pipe -fno-plt -fexceptions         -Wp,-D_FORTIFY_SOURCE=3 -Wformat -Werror=format-security         -fstack-clash-protection -fcf-protection         -fno-omit-frame-pointer -mno-omit-leaf-frame-pointer -Wno-incompatible-pointer-types -g -ffile-prefix-map=/home/esteban/Escritorio/hack_the_box/machines/administrator/tools/ntpdate/src=/usr/src/debug/ntpdate -flto=auto  -Wl,-O1 -Wl,--sort-common -Wl,--as-needed -Wl,-z,relro -Wl,-z,now          -Wl,-z,pack-relative-relocs -flto=auto conftest.c    >&5
/usr/bin/ld: /tmp/ccyVSh45.ltrans0.ltrans.o: in function `main':
/usr/src/debug/ntpdate/ntp-4.2.8p18/sntp/conftest.c:130:(.text.startup+0xa): undefined reference to `thr_getconcurrency'
collect2: error: ld returned 1 exit status
configure:14506: $? = 1
configure: failed program was:
| /* confdefs.h */
| #define PACKAGE_NAME "sntp"
| #define PACKAGE_TARNAME "sntp"
| #define PACKAGE_VERSION "4.2.8p18"
| #define PACKAGE_STRING "sntp 4.2.8p18"
| #define PACKAGE_BUGREPORT "https://bugs.ntp.org/"
| #define PACKAGE_URL "https://www.ntp.org/"
| #define PACKAGE "sntp"
| #define VERSION "4.2.8p18"
| #define STR_SYSTEM "x86_64-pc-linux-gnu"
| #define HAVE_STDIO_H 1
| #define HAVE_STDLIB_H 1
| #define HAVE_STRING_H 1
| #define HAVE_INTTYPES_H 1
| #define HAVE_STDINT_H 1
| #define HAVE_STRINGS_H 1
| #define HAVE_SYS_STAT_H 1
| #define HAVE_SYS_TYPES_H 1
| #define HAVE_UNISTD_H 1
| #define HAVE_WCHAR_H 1
| #define HAVE_STDARG_H 1
| #define STDC_HEADERS 1
| #define _ALL_SOURCE 1
| #define _DARWIN_C_SOURCE 1
| #define _GNU_SOURCE 1
| #define _HPUX_ALT_XOPEN_SOCKET_API 1
| #define _NETBSD_SOURCE 1
| #define _OPENBSD_SOURCE 1
| #define _POSIX_PTHREAD_SEMANTICS 1
| #define __STDC_WANT_IEC_60559_ATTRIBS_EXT__ 1
| #define __STDC_WANT_IEC_60559_BFP_EXT__ 1
| #define __STDC_WANT_IEC_60559_DFP_EXT__ 1
| #define __STDC_WANT_IEC_60559_EXT__ 1
| #define __STDC_WANT_IEC_60559_FUNCS_EXT__ 1
| #define __STDC_WANT_IEC_60559_TYPES_EXT__ 1
| #define __STDC_WANT_LIB_EXT2__ 1
| #define __STDC_WANT_MATH_SPEC_FUNCS__ 1
| #define _TANDEM_SOURCE 1
| #define __EXTENSIONS__ 1
| #define HAVE___ATTRIBUTE__ /**/
| #define HAVE_FORK 1
| #define HAVE_VFORK 1
| #define HAVE_VPRINTF 1
| #define HAVE_DECL_STRERROR_R 1
| #define HAVE_UNSIGNED_LONG_LONG_INT 1
| #define HAVE_VSNPRINTF 1
| #define HAVE_SNPRINTF 1
| #define DIR_SEP '/'
| #define HAVE_READLINE_READLINE_H 1
| #define HAVE_HISTEDIT_H 1
| #define HAVE_READLINE_HISTORY_H 1
| #define EL_INIT_ARGS 4
| #define HAVE_READLINE_HISTORY 1
| #define HAVE_WORKING_VFORK 1
| #define HAVE_WORKING_FORK 1
| #define HAVE_ALLOCA_H 1
| #define HAVE_ALLOCA 1
| #define HAVE_STRERROR_R 1
| #define STRERROR_R_CHAR_P 1
| #define HAVE_CLOCK_GETRES 1
| #define HAVE_CLOCK_GETTIME 1
| #define HAVE_CLOCK_SETTIME 1
| #define HAVE_TIMEGM 1
| #define HAVE_STRLCPY 1
| #define HAVE_STRLCAT 1
| #define HAVE_ERRNO_H 1
| #define HAVE_SYS_SOCKET_H 1
| #define HAVE_SYS_TYPES_H 1
| #define HAVE_TIME_H 1
| #define HAVE_NET_IF_H 1
| #define HAVE_LINUX_IF_ADDR_H 1
| #define NEED_EARLY_FORK 1
| #define HAVE_ARPA_NAMESER_H 1
| #define HAVE_SYS_PARAM_H 1
| #define HAVE_SYS_TIME_H 1
| #define HAVE_NETINET_IN_SYSTM_H 1
| #define HAVE_NETINET_IN_H 1
| #define HAVE_RESOLV_H 1
| #define HAVE_NETINET_IP_H 1
| #define HAVE_RECVMSG 1
| #define HAVE_INLINE 1
| #define SIZEOF_TIME_T 8
| #define SIZEOF_SIGNED_CHAR 1
| #define HAVE_LONG_LONG 1
| #define SIZEOF_SHORT 2
| #define SIZEOF_INT 4
| #define SIZEOF_LONG 8
| #define SIZEOF_LONG_LONG 8
| #define NEED_S_CHAR_TYPEDEF 1
| #define DEBUG 1
| #define HAVE_SEMAPHORE_H 1
| #define HAVE_SOCKETPAIR 1
| #define HAVE_PTHREAD_H 1
| #define HAVE_PTHREADS 10
| #define HAVE_SCHED_H 1
| #define HAVE_SCHED_YIELD 1
| #define HAVE_PTHREAD_KILL 1
| #define HAVE_PTHREAD_RWLOCK_DESTROY 1
| #define HAVE_PTHREAD_DETACH 1
| #define HAVE_PTHREAD_SETCONCURRENCY 1
| #define HAVE_PTHREAD_GETCONCURRENCY 1
| /* end confdefs.h.  */
| /* Define thr_getconcurrency to an innocuous variant, in case <limits.h> declares thr_getconcurrency.
|    For example, HP-UX 11i <limits.h> declares gettimeofday.  */
| #define thr_getconcurrency innocuous_thr_getconcurrency
| 
| /* System header to define __stub macros and hopefully few prototypes,
|    which can conflict with char thr_getconcurrency (void); below.  */
| 
| #include <limits.h>
| #undef thr_getconcurrency
| 
| /* Override any GCC internal prototype to avoid an error.
|    Use char because int might match the return type of a GCC
|    builtin and then its argument prototype would still apply.  */
| #ifdef __cplusplus
| extern "C"
| #endif
| char thr_getconcurrency (void);
| /* The GNU C library defines this for functions which it implements
|     to always fail with ENOSYS.  Some functions are actually named
|     something starting with __ and the normal name is an alias.  */
| #if defined __stub_thr_getconcurrency || defined __stub___thr_getconcurrency
| choke me
| #endif
| 
| int
| main (void)
| {
| return thr_getconcurrency ();
|   ;
|   return 0;
| }
configure:14506: result: no
configure:14515: checking for pthread_kill_other_threads_np
configure:14515: cc -o conftest -march=x86-64 -mtune=generic -O2 -pipe -fno-plt -fexceptions         -Wp,-D_FORTIFY_SOURCE=3 -Wformat -Werror=format-security         -fstack-clash-protection -fcf-protection         -fno-omit-frame-pointer -mno-omit-leaf-frame-pointer -Wno-incompatible-pointer-types -g -ffile-prefix-map=/home/esteban/Escritorio/hack_the_box/machines/administrator/tools/ntpdate/src=/usr/src/debug/ntpdate -flto=auto  -Wl,-O1 -Wl,--sort-common -Wl,--as-needed -Wl,-z,relro -Wl,-z,now          -Wl,-z,pack-relative-relocs -flto=auto conftest.c    >&5
/usr/bin/ld: /tmp/cc4c0gdp.ltrans0.ltrans.o: in function `main':
/usr/src/debug/ntpdate/ntp-4.2.8p18/sntp/conftest.c:130:(.text.startup+0xa): undefined reference to `pthread_kill_other_threads_np'
collect2: error: ld returned 1 exit status
configure:14515: $? = 1
configure: failed program was:
| /* confdefs.h */
| #define PACKAGE_NAME "sntp"
| #define PACKAGE_TARNAME "sntp"
| #define PACKAGE_VERSION "4.2.8p18"
| #define PACKAGE_STRING "sntp 4.2.8p18"
| #define PACKAGE_BUGREPORT "https://bugs.ntp.org/"
| #define PACKAGE_URL "https://www.ntp.org/"
| #define PACKAGE "sntp"
| #define VERSION "4.2.8p18"
| #define STR_SYSTEM "x86_64-pc-linux-gnu"
| #define HAVE_STDIO_H 1
| #define HAVE_STDLIB_H 1
| #define HAVE_STRING_H 1
| #define HAVE_INTTYPES_H 1
| #define HAVE_STDINT_H 1
| #define HAVE_STRINGS_H 1
| #define HAVE_SYS_STAT_H 1
| #define HAVE_SYS_TYPES_H 1
| #define HAVE_UNISTD_H 1
| #define HAVE_WCHAR_H 1
| #define HAVE_STDARG_H 1
| #define STDC_HEADERS 1
| #define _ALL_SOURCE 1
| #define _DARWIN_C_SOURCE 1
| #define _GNU_SOURCE 1
| #define _HPUX_ALT_XOPEN_SOCKET_API 1
| #define _NETBSD_SOURCE 1
| #define _OPENBSD_SOURCE 1
| #define _POSIX_PTHREAD_SEMANTICS 1
| #define __STDC_WANT_IEC_60559_ATTRIBS_EXT__ 1
| #define __STDC_WANT_IEC_60559_BFP_EXT__ 1
| #define __STDC_WANT_IEC_60559_DFP_EXT__ 1
| #define __STDC_WANT_IEC_60559_EXT__ 1
| #define __STDC_WANT_IEC_60559_FUNCS_EXT__ 1
| #define __STDC_WANT_IEC_60559_TYPES_EXT__ 1
| #define __STDC_WANT_LIB_EXT2__ 1
| #define __STDC_WANT_MATH_SPEC_FUNCS__ 1
| #define _TANDEM_SOURCE 1
| #define __EXTENSIONS__ 1
| #define HAVE___ATTRIBUTE__ /**/
| #define HAVE_FORK 1
| #define HAVE_VFORK 1
| #define HAVE_VPRINTF 1
| #define HAVE_DECL_STRERROR_R 1
| #define HAVE_UNSIGNED_LONG_LONG_INT 1
| #define HAVE_VSNPRINTF 1
| #define HAVE_SNPRINTF 1
| #define DIR_SEP '/'
| #define HAVE_READLINE_READLINE_H 1
| #define HAVE_HISTEDIT_H 1
| #define HAVE_READLINE_HISTORY_H 1
| #define EL_INIT_ARGS 4
| #define HAVE_READLINE_HISTORY 1
| #define HAVE_WORKING_VFORK 1
| #define HAVE_WORKING_FORK 1
| #define HAVE_ALLOCA_H 1
| #define HAVE_ALLOCA 1
| #define HAVE_STRERROR_R 1
| #define STRERROR_R_CHAR_P 1
| #define HAVE_CLOCK_GETRES 1
| #define HAVE_CLOCK_GETTIME 1
| #define HAVE_CLOCK_SETTIME 1
| #define HAVE_TIMEGM 1
| #define HAVE_STRLCPY 1
| #define HAVE_STRLCAT 1
| #define HAVE_ERRNO_H 1
| #define HAVE_SYS_SOCKET_H 1
| #define HAVE_SYS_TYPES_H 1
| #define HAVE_TIME_H 1
| #define HAVE_NET_IF_H 1
| #define HAVE_LINUX_IF_ADDR_H 1
| #define NEED_EARLY_FORK 1
| #define HAVE_ARPA_NAMESER_H 1
| #define HAVE_SYS_PARAM_H 1
| #define HAVE_SYS_TIME_H 1
| #define HAVE_NETINET_IN_SYSTM_H 1
| #define HAVE_NETINET_IN_H 1
| #define HAVE_RESOLV_H 1
| #define HAVE_NETINET_IP_H 1
| #define HAVE_RECVMSG 1
| #define HAVE_INLINE 1
| #define SIZEOF_TIME_T 8
| #define SIZEOF_SIGNED_CHAR 1
| #define HAVE_LONG_LONG 1
| #define SIZEOF_SHORT 2
| #define SIZEOF_INT 4
| #define SIZEOF_LONG 8
| #define SIZEOF_LONG_LONG 8
| #define NEED_S_CHAR_TYPEDEF 1
| #define DEBUG 1
| #define HAVE_SEMAPHORE_H 1
| #define HAVE_SOCKETPAIR 1
| #define HAVE_PTHREAD_H 1
| #define HAVE_PTHREADS 10
| #define HAVE_SCHED_H 1
| #define HAVE_SCHED_YIELD 1
| #define HAVE_PTHREAD_KILL 1
| #define HAVE_PTHREAD_RWLOCK_DESTROY 1
| #define HAVE_PTHREAD_DETACH 1
| #define HAVE_PTHREAD_SETCONCURRENCY 1
| #define HAVE_PTHREAD_GETCONCURRENCY 1
| /* end confdefs.h.  */
| /* Define pthread_kill_other_threads_np to an innocuous variant, in case <limits.h> declares pthread_kill_other_threads_np.
|    For example, HP-UX 11i <limits.h> declares gettimeofday.  */
| #define pthread_kill_other_threads_np innocuous_pthread_kill_other_threads_np
| 
| /* System header to define __stub macros and hopefully few prototypes,
|    which can conflict with char pthread_kill_other_threads_np (void); below.  */
| 
| #include <limits.h>
| #undef pthread_kill_other_threads_np
| 
| /* Override any GCC internal prototype to avoid an error.
|    Use char because int might match the return type of a GCC
|    builtin and then its argument prototype would still apply.  */
| #ifdef __cplusplus
| extern "C"
| #endif
| char pthread_kill_other_threads_np (void);
| /* The GNU C library defines this for functions which it implements
|     to always fail with ENOSYS.  Some functions are actually named
|     something starting with __ and the normal name is an alias.  */
| #if defined __stub_pthread_kill_other_threads_np || defined __stub___pthread_kill_other_threads_np
| choke me
| #endif
| 
| int
| main (void)
| {
| return pthread_kill_other_threads_np ();
|   ;
|   return 0;
| }
configure:14515: result: no
configure:14522: checking for LinuxThreads implementation
configure:14531: result: no
configure:14537: checking for LinuxThreads consistency
configure:14556: result: no
configure:14564: checking if pthread_create() works
configure:14649: cc -o conftest -march=x86-64 -mtune=generic -O2 -pipe -fno-plt -fexceptions         -Wp,-D_FORTIFY_SOURCE=3 -Wformat -Werror=format-security         -fstack-clash-protection -fcf-protection         -fno-omit-frame-pointer -mno-omit-leaf-frame-pointer -Wno-incompatible-pointer-types -g -ffile-prefix-map=/home/esteban/Escritorio/hack_the_box/machines/administrator/tools/ntpdate/src=/usr/src/debug/ntpdate -flto=auto  -Wl,-O1 -Wl,--sort-common -Wl,--as-needed -Wl,-z,relro -Wl,-z,now          -Wl,-z,pack-relative-relocs -flto=auto conftest.c    >&5
conftest.c: In function 'task':
conftest.c:114:14: warning: old-style function definition [-Wold-style-definition]
  114 | static void *task(p)
      |              ^~~~
conftest.c:117:16: warning: cast to pointer from integer of different size [-Wint-to-pointer-cast]
  117 |         return (void *) (p == NULL);
      |                ^
conftest.c: In function 'main':
conftest.c:121:5: warning: old-style function definition [-Wold-style-definition]
  121 | int main(argc, argv)
      |     ^~~~
configure:14649: $? = 0
configure:14649: ./conftest
configure:14649: $? = 0
configure:14663: result: yes
configure:14679: checking if select yields when using pthreads
configure:14767: cc -o conftest -march=x86-64 -mtune=generic -O2 -pipe -fno-plt -fexceptions         -Wp,-D_FORTIFY_SOURCE=3 -Wformat -Werror=format-security         -fstack-clash-protection -fcf-protection         -fno-omit-frame-pointer -mno-omit-leaf-frame-pointer -Wno-incompatible-pointer-types -g -ffile-prefix-map=/home/esteban/Escritorio/hack_the_box/machines/administrator/tools/ntpdate/src=/usr/src/debug/ntpdate -flto=auto  -Wl,-O1 -Wl,--sort-common -Wl,--as-needed -Wl,-z,relro -Wl,-z,now          -Wl,-z,pack-relative-relocs -flto=auto conftest.c    >&5
conftest.c: In function 'task':
conftest.c:114:14: warning: old-style function definition [-Wold-style-definition]
  114 | static void *task(p)
      |              ^~~~
conftest.c:132:17: error: implicit declaration of function 'perror' [-Wimplicit-function-declaration]
  132 |                 perror("select");
      |                 ^~~~~~
conftest.c:133:17: error: implicit declaration of function 'exit' [-Wimplicit-function-declaration]
  133 |                 exit(10);
      |                 ^~~~
conftest.c:108:1: note: include '<stdlib.h>' or provide a declaration of 'exit'
  107 | #include <pthread.h>
  +++ |+#include <stdlib.h>
  108 | #ifndef NULL
conftest.c:133:17: warning: incompatible implicit declaration of built-in function 'exit' [-Wbuiltin-declaration-mismatch]
  133 |                 exit(10);
      |                 ^~~~
conftest.c:133:17: note: include '<stdlib.h>' or provide a declaration of 'exit'
conftest.c:136:9: warning: incompatible implicit declaration of built-in function 'exit' [-Wbuiltin-declaration-mismatch]
  136 |         exit(0); /* if we exit here, the select blocked the whole process */
      |         ^~~~
conftest.c:136:9: note: include '<stdlib.h>' or provide a declaration of 'exit'
conftest.c: In function 'main':
conftest.c:139:5: warning: old-style function definition [-Wold-style-definition]
  139 | int main(argc, argv)
      |     ^~~~
conftest.c:148:17: warning: incompatible implicit declaration of built-in function 'exit' [-Wbuiltin-declaration-mismatch]
  148 |                 exit(1);
      |                 ^~~~
conftest.c:148:17: note: include '<stdlib.h>' or provide a declaration of 'exit'
conftest.c:175:9: warning: incompatible implicit declaration of built-in function 'exit' [-Wbuiltin-declaration-mismatch]
  175 |         exit(2);
      |         ^~~~
conftest.c:175:9: note: include '<stdlib.h>' or provide a declaration of 'exit'
configure:14767: $? = 1
configure: program exited with status 1
configure: failed program was:
| /* confdefs.h */
| #define PACKAGE_NAME "sntp"
| #define PACKAGE_TARNAME "sntp"
| #define PACKAGE_VERSION "4.2.8p18"
| #define PACKAGE_STRING "sntp 4.2.8p18"
| #define PACKAGE_BUGREPORT "https://bugs.ntp.org/"
| #define PACKAGE_URL "https://www.ntp.org/"
| #define PACKAGE "sntp"
| #define VERSION "4.2.8p18"
| #define STR_SYSTEM "x86_64-pc-linux-gnu"
| #define HAVE_STDIO_H 1
| #define HAVE_STDLIB_H 1
| #define HAVE_STRING_H 1
| #define HAVE_INTTYPES_H 1
| #define HAVE_STDINT_H 1
| #define HAVE_STRINGS_H 1
| #define HAVE_SYS_STAT_H 1
| #define HAVE_SYS_TYPES_H 1
| #define HAVE_UNISTD_H 1
| #define HAVE_WCHAR_H 1
| #define HAVE_STDARG_H 1
| #define STDC_HEADERS 1
| #define _ALL_SOURCE 1
| #define _DARWIN_C_SOURCE 1
| #define _GNU_SOURCE 1
| #define _HPUX_ALT_XOPEN_SOCKET_API 1
| #define _NETBSD_SOURCE 1
| #define _OPENBSD_SOURCE 1
| #define _POSIX_PTHREAD_SEMANTICS 1
| #define __STDC_WANT_IEC_60559_ATTRIBS_EXT__ 1
| #define __STDC_WANT_IEC_60559_BFP_EXT__ 1
| #define __STDC_WANT_IEC_60559_DFP_EXT__ 1
| #define __STDC_WANT_IEC_60559_EXT__ 1
| #define __STDC_WANT_IEC_60559_FUNCS_EXT__ 1
| #define __STDC_WANT_IEC_60559_TYPES_EXT__ 1
| #define __STDC_WANT_LIB_EXT2__ 1
| #define __STDC_WANT_MATH_SPEC_FUNCS__ 1
| #define _TANDEM_SOURCE 1
| #define __EXTENSIONS__ 1
| #define HAVE___ATTRIBUTE__ /**/
| #define HAVE_FORK 1
| #define HAVE_VFORK 1
| #define HAVE_VPRINTF 1
| #define HAVE_DECL_STRERROR_R 1
| #define HAVE_UNSIGNED_LONG_LONG_INT 1
| #define HAVE_VSNPRINTF 1
| #define HAVE_SNPRINTF 1
| #define DIR_SEP '/'
| #define HAVE_READLINE_READLINE_H 1
| #define HAVE_HISTEDIT_H 1
| #define HAVE_READLINE_HISTORY_H 1
| #define EL_INIT_ARGS 4
| #define HAVE_READLINE_HISTORY 1
| #define HAVE_WORKING_VFORK 1
| #define HAVE_WORKING_FORK 1
| #define HAVE_ALLOCA_H 1
| #define HAVE_ALLOCA 1
| #define HAVE_STRERROR_R 1
| #define STRERROR_R_CHAR_P 1
| #define HAVE_CLOCK_GETRES 1
| #define HAVE_CLOCK_GETTIME 1
| #define HAVE_CLOCK_SETTIME 1
| #define HAVE_TIMEGM 1
| #define HAVE_STRLCPY 1
| #define HAVE_STRLCAT 1
| #define HAVE_ERRNO_H 1
| #define HAVE_SYS_SOCKET_H 1
| #define HAVE_SYS_TYPES_H 1
| #define HAVE_TIME_H 1
| #define HAVE_NET_IF_H 1
| #define HAVE_LINUX_IF_ADDR_H 1
| #define NEED_EARLY_FORK 1
| #define HAVE_ARPA_NAMESER_H 1
| #define HAVE_SYS_PARAM_H 1
| #define HAVE_SYS_TIME_H 1
| #define HAVE_NETINET_IN_SYSTM_H 1
| #define HAVE_NETINET_IN_H 1
| #define HAVE_RESOLV_H 1
| #define HAVE_NETINET_IP_H 1
| #define HAVE_RECVMSG 1
| #define HAVE_INLINE 1
| #define SIZEOF_TIME_T 8
| #define SIZEOF_SIGNED_CHAR 1
| #define HAVE_LONG_LONG 1
| #define SIZEOF_SHORT 2
| #define SIZEOF_INT 4
| #define SIZEOF_LONG 8
| #define SIZEOF_LONG_LONG 8
| #define NEED_S_CHAR_TYPEDEF 1
| #define DEBUG 1
| #define HAVE_SEMAPHORE_H 1
| #define HAVE_SOCKETPAIR 1
| #define HAVE_PTHREAD_H 1
| #define HAVE_PTHREADS 10
| #define HAVE_SCHED_H 1
| #define HAVE_SCHED_YIELD 1
| #define HAVE_PTHREAD_KILL 1
| #define HAVE_PTHREAD_RWLOCK_DESTROY 1
| #define HAVE_PTHREAD_DETACH 1
| #define HAVE_PTHREAD_SETCONCURRENCY 1
| #define HAVE_PTHREAD_GETCONCURRENCY 1
| /* end confdefs.h.  */
| 
| #include <sys/types.h>
| #include <sys/time.h>
| #include <unistd.h>
| #include <pthread.h>
| #ifndef NULL
| #define NULL (void*) 0
| #endif
| 
| static int fildes[2];
| 
| static void *task(p)
| 	void *p;
| {
| 	int i;
| 	struct timeval tv;
| 
| 	fd_set rfds;
| 
| 	tv.tv_sec=10;
| 	tv.tv_usec=0;
| 
| 	FD_ZERO(&rfds);
| 	FD_SET(fildes[0], &rfds);
| 
| 	/* we're not interested in any fds */
| 	i = select(FD_SETSIZE, &rfds, NULL, NULL, &tv);
| 
| 	if(i < 0) {
| 		perror("select");
| 		exit(10);
| 	}
| 
| 	exit(0); /* if we exit here, the select blocked the whole process */
| }
| 
| int main(argc, argv)
| 	int argc;
| 	char **argv;
| {
| 	pthread_t t;
| 
| 	/* create a pipe to select */
| 	if(pipe(&fildes[0])) {
| 		perror("select");
| 		exit(1);
| 	}
| 
| #ifdef HAVE_PTHREAD_SETCONCURRENCY
| 	(void) pthread_setconcurrency(2);
| #else
| #ifdef HAVE_THR_SETCONCURRENCY
| 	/* Set Solaris LWP concurrency to 2 */
| 	thr_setconcurrency(2);
| #endif
| #endif
| 
| #if HAVE_PTHREADS < 6
| 	pthread_create(&t, pthread_attr_default, task, NULL);
| #else
| 	pthread_create(&t, NULL, task, NULL);
| #endif
| 
| 	/* make sure task runs first */
| #ifdef HAVE_THR_YIELD
| 	thr_yield();
| #elif defined( HAVE_SCHED_YIELD )
| 	sched_yield();
| #elif defined( HAVE_PTHREAD_YIELD )
| 	pthread_yield();
| #endif
| 
| 	exit(2);
| }
configure:14781: result: yes
configure:15286: checking for thread specific errno
configure:15304: cc -o conftest -march=x86-64 -mtune=generic -O2 -pipe -fno-plt -fexceptions         -Wp,-D_FORTIFY_SOURCE=3 -Wformat -Werror=format-security         -fstack-clash-protection -fcf-protection         -fno-omit-frame-pointer -mno-omit-leaf-frame-pointer -Wno-incompatible-pointer-types -g -ffile-prefix-map=/home/esteban/Escritorio/hack_the_box/machines/administrator/tools/ntpdate/src=/usr/src/debug/ntpdate -flto=auto  -Wl,-O1 -Wl,--sort-common -Wl,--as-needed -Wl,-z,relro -Wl,-z,now          -Wl,-z,pack-relative-relocs -flto=auto conftest.c  >&5
configure:15304: $? = 0
configure:15316: result: yes
configure:15319: checking for thread specific h_errno
configure:15337: cc -o conftest -march=x86-64 -mtune=generic -O2 -pipe -fno-plt -fexceptions         -Wp,-D_FORTIFY_SOURCE=3 -Wformat -Werror=format-security         -fstack-clash-protection -fcf-protection         -fno-omit-frame-pointer -mno-omit-leaf-frame-pointer -Wno-incompatible-pointer-types -g -ffile-prefix-map=/home/esteban/Escritorio/hack_the_box/machines/administrator/tools/ntpdate/src=/usr/src/debug/ntpdate -flto=auto  -Wl,-O1 -Wl,--sort-common -Wl,--as-needed -Wl,-z,relro -Wl,-z,now          -Wl,-z,pack-relative-relocs -flto=auto conftest.c  >&5
configure:15337: $? = 0
configure:15349: result: yes
configure:15414: checking for sem_timedwait
configure:15414: cc -o conftest  -march=x86-64 -mtune=generic -O2 -pipe -fno-plt -fexceptions         -Wp,-D_FORTIFY_SOURCE=3 -Wformat -Werror=format-security         -fstack-clash-protection -fcf-protection         -fno-omit-frame-pointer -mno-omit-leaf-frame-pointer -Wno-incompatible-pointer-types -g -ffile-prefix-map=/home/esteban/Escritorio/hack_the_box/machines/administrator/tools/ntpdate/src=/usr/src/debug/ntpdate -flto=auto  -Wl,-O1 -Wl,--sort-common -Wl,--as-needed -Wl,-z,relro -Wl,-z,now          -Wl,-z,pack-relative-relocs -flto=auto conftest.c    >&5
configure:15414: $? = 0
configure:15414: result: yes
configure:15444: checking size of pthread_t
configure:15450: cc -o conftest  -march=x86-64 -mtune=generic -O2 -pipe -fno-plt -fexceptions         -Wp,-D_FORTIFY_SOURCE=3 -Wformat -Werror=format-security         -fstack-clash-protection -fcf-protection         -fno-omit-frame-pointer -mno-omit-leaf-frame-pointer -Wno-incompatible-pointer-types -g -ffile-prefix-map=/home/esteban/Escritorio/hack_the_box/machines/administrator/tools/ntpdate/src=/usr/src/debug/ntpdate -flto=auto  -Wl,-O1 -Wl,--sort-common -Wl,--as-needed -Wl,-z,relro -Wl,-z,now          -Wl,-z,pack-relative-relocs -flto=auto conftest.c    >&5
configure:15450: $? = 0
configure:15450: ./conftest
configure:15450: $? = 0
configure:15472: result: 8
configure:15487: checking for sigwait
configure:15487: cc -o conftest  -march=x86-64 -mtune=generic -O2 -pipe -fno-plt -fexceptions         -Wp,-D_FORTIFY_SOURCE=3 -Wformat -Werror=format-security         -fstack-clash-protection -fcf-protection         -fno-omit-frame-pointer -mno-omit-leaf-frame-pointer -Wno-incompatible-pointer-types -g -ffile-prefix-map=/home/esteban/Escritorio/hack_the_box/machines/administrator/tools/ntpdate/src=/usr/src/debug/ntpdate -flto=auto  -Wl,-O1 -Wl,--sort-common -Wl,--as-needed -Wl,-z,relro -Wl,-z,now          -Wl,-z,pack-relative-relocs -flto=auto conftest.c    >&5
configure:15487: $? = 0
configure:15487: result: yes
configure:15710: checking for pthread_attr_getstacksize
configure:15710: cc -o conftest  -march=x86-64 -mtune=generic -O2 -pipe -fno-plt -fexceptions         -Wp,-D_FORTIFY_SOURCE=3 -Wformat -Werror=format-security         -fstack-clash-protection -fcf-protection         -fno-omit-frame-pointer -mno-omit-leaf-frame-pointer -Wno-incompatible-pointer-types -g -ffile-prefix-map=/home/esteban/Escritorio/hack_the_box/machines/administrator/tools/ntpdate/src=/usr/src/debug/ntpdate -flto=auto  -Wl,-O1 -Wl,--sort-common -Wl,--as-needed -Wl,-z,relro -Wl,-z,now          -Wl,-z,pack-relative-relocs -flto=auto conftest.c    >&5
configure:15710: $? = 0
configure:15710: result: yes
configure:15717: checking for pthread_attr_setstacksize
configure:15717: cc -o conftest  -march=x86-64 -mtune=generic -O2 -pipe -fno-plt -fexceptions         -Wp,-D_FORTIFY_SOURCE=3 -Wformat -Werror=format-security         -fstack-clash-protection -fcf-protection         -fno-omit-frame-pointer -mno-omit-leaf-frame-pointer -Wno-incompatible-pointer-types -g -ffile-prefix-map=/home/esteban/Escritorio/hack_the_box/machines/administrator/tools/ntpdate/src=/usr/src/debug/ntpdate -flto=auto  -Wl,-O1 -Wl,--sort-common -Wl,--as-needed -Wl,-z,relro -Wl,-z,now          -Wl,-z,pack-relative-relocs -flto=auto conftest.c    >&5
configure:15717: $? = 0
configure:15717: result: yes
configure:15723: checking for sysconf
configure:15723: cc -o conftest  -march=x86-64 -mtune=generic -O2 -pipe -fno-plt -fexceptions         -Wp,-D_FORTIFY_SOURCE=3 -Wformat -Werror=format-security         -fstack-clash-protection -fcf-protection         -fno-omit-frame-pointer -mno-omit-leaf-frame-pointer -Wno-incompatible-pointer-types -g -ffile-prefix-map=/home/esteban/Escritorio/hack_the_box/machines/administrator/tools/ntpdate/src=/usr/src/debug/ntpdate -flto=auto  -Wl,-O1 -Wl,--sort-common -Wl,--as-needed -Wl,-z,relro -Wl,-z,now          -Wl,-z,pack-relative-relocs -flto=auto conftest.c    >&5
configure:15723: $? = 0
configure:15723: result: yes
configure:15856: checking if vsnprintf expands "%m" to strerror(errno)
configure:15918: cc -o conftest -march=x86-64 -mtune=generic -O2 -pipe -fno-plt -fexceptions         -Wp,-D_FORTIFY_SOURCE=3 -Wformat -Werror=format-security         -fstack-clash-protection -fcf-protection         -fno-omit-frame-pointer -mno-omit-leaf-frame-pointer -Wno-incompatible-pointer-types -g -ffile-prefix-map=/home/esteban/Escritorio/hack_the_box/machines/administrator/tools/ntpdate/src=/usr/src/debug/ntpdate -flto=auto  -Wl,-O1 -Wl,--sort-common -Wl,--as-needed -Wl,-z,relro -Wl,-z,now          -Wl,-z,pack-relative-relocs -flto=auto conftest.c  >&5
configure:15918: $? = 0
configure:15918: ./conftest
configure:15918: $? = 0
configure:15933: result: yes
configure:15943: checking for sys/clockctl.h
configure:15943: cc -c -march=x86-64 -mtune=generic -O2 -pipe -fno-plt -fexceptions         -Wp,-D_FORTIFY_SOURCE=3 -Wformat -Werror=format-security         -fstack-clash-protection -fcf-protection         -fno-omit-frame-pointer -mno-omit-leaf-frame-pointer -Wno-incompatible-pointer-types -g -ffile-prefix-map=/home/esteban/Escritorio/hack_the_box/machines/administrator/tools/ntpdate/src=/usr/src/debug/ntpdate -flto=auto  conftest.c >&5
conftest.c:149:10: fatal error: sys/clockctl.h: No such file or directory
  149 | #include <sys/clockctl.h>
      |          ^~~~~~~~~~~~~~~~
compilation terminated.
configure:15943: $? = 1
configure: failed program was:
| /* confdefs.h */
| #define PACKAGE_NAME "sntp"
| #define PACKAGE_TARNAME "sntp"
| #define PACKAGE_VERSION "4.2.8p18"
| #define PACKAGE_STRING "sntp 4.2.8p18"
| #define PACKAGE_BUGREPORT "https://bugs.ntp.org/"
| #define PACKAGE_URL "https://www.ntp.org/"
| #define PACKAGE "sntp"
| #define VERSION "4.2.8p18"
| #define STR_SYSTEM "x86_64-pc-linux-gnu"
| #define HAVE_STDIO_H 1
| #define HAVE_STDLIB_H 1
| #define HAVE_STRING_H 1
| #define HAVE_INTTYPES_H 1
| #define HAVE_STDINT_H 1
| #define HAVE_STRINGS_H 1
| #define HAVE_SYS_STAT_H 1
| #define HAVE_SYS_TYPES_H 1
| #define HAVE_UNISTD_H 1
| #define HAVE_WCHAR_H 1
| #define HAVE_STDARG_H 1
| #define STDC_HEADERS 1
| #define _ALL_SOURCE 1
| #define _DARWIN_C_SOURCE 1
| #define _GNU_SOURCE 1
| #define _HPUX_ALT_XOPEN_SOCKET_API 1
| #define _NETBSD_SOURCE 1
| #define _OPENBSD_SOURCE 1
| #define _POSIX_PTHREAD_SEMANTICS 1
| #define __STDC_WANT_IEC_60559_ATTRIBS_EXT__ 1
| #define __STDC_WANT_IEC_60559_BFP_EXT__ 1
| #define __STDC_WANT_IEC_60559_DFP_EXT__ 1
| #define __STDC_WANT_IEC_60559_EXT__ 1
| #define __STDC_WANT_IEC_60559_FUNCS_EXT__ 1
| #define __STDC_WANT_IEC_60559_TYPES_EXT__ 1
| #define __STDC_WANT_LIB_EXT2__ 1
| #define __STDC_WANT_MATH_SPEC_FUNCS__ 1
| #define _TANDEM_SOURCE 1
| #define __EXTENSIONS__ 1
| #define HAVE___ATTRIBUTE__ /**/
| #define HAVE_FORK 1
| #define HAVE_VFORK 1
| #define HAVE_VPRINTF 1
| #define HAVE_DECL_STRERROR_R 1
| #define HAVE_UNSIGNED_LONG_LONG_INT 1
| #define HAVE_VSNPRINTF 1
| #define HAVE_SNPRINTF 1
| #define DIR_SEP '/'
| #define HAVE_READLINE_READLINE_H 1
| #define HAVE_HISTEDIT_H 1
| #define HAVE_READLINE_HISTORY_H 1
| #define EL_INIT_ARGS 4
| #define HAVE_READLINE_HISTORY 1
| #define HAVE_WORKING_VFORK 1
| #define HAVE_WORKING_FORK 1
| #define HAVE_ALLOCA_H 1
| #define HAVE_ALLOCA 1
| #define HAVE_STRERROR_R 1
| #define STRERROR_R_CHAR_P 1
| #define HAVE_CLOCK_GETRES 1
| #define HAVE_CLOCK_GETTIME 1
| #define HAVE_CLOCK_SETTIME 1
| #define HAVE_TIMEGM 1
| #define HAVE_STRLCPY 1
| #define HAVE_STRLCAT 1
| #define HAVE_ERRNO_H 1
| #define HAVE_SYS_SOCKET_H 1
| #define HAVE_SYS_TYPES_H 1
| #define HAVE_TIME_H 1
| #define HAVE_NET_IF_H 1
| #define HAVE_LINUX_IF_ADDR_H 1
| #define NEED_EARLY_FORK 1
| #define HAVE_ARPA_NAMESER_H 1
| #define HAVE_SYS_PARAM_H 1
| #define HAVE_SYS_TIME_H 1
| #define HAVE_NETINET_IN_SYSTM_H 1
| #define HAVE_NETINET_IN_H 1
| #define HAVE_RESOLV_H 1
| #define HAVE_NETINET_IP_H 1
| #define HAVE_RECVMSG 1
| #define HAVE_INLINE 1
| #define SIZEOF_TIME_T 8
| #define SIZEOF_SIGNED_CHAR 1
| #define HAVE_LONG_LONG 1
| #define SIZEOF_SHORT 2
| #define SIZEOF_INT 4
| #define SIZEOF_LONG 8
| #define SIZEOF_LONG_LONG 8
| #define NEED_S_CHAR_TYPEDEF 1
| #define DEBUG 1
| #define HAVE_SEMAPHORE_H 1
| #define HAVE_SOCKETPAIR 1
| #define HAVE_PTHREAD_H 1
| #define HAVE_PTHREADS 10
| #define HAVE_SCHED_H 1
| #define HAVE_SCHED_YIELD 1
| #define HAVE_PTHREAD_KILL 1
| #define HAVE_PTHREAD_RWLOCK_DESTROY 1
| #define HAVE_PTHREAD_DETACH 1
| #define HAVE_PTHREAD_SETCONCURRENCY 1
| #define HAVE_PTHREAD_GETCONCURRENCY 1
| #define HAVE_YIELDING_SELECT 1
| #define REENTRANT 1
| #define _REENTRANT 1
| #define THREAD_SAFE 1
| #define _THREAD_SAFE 1
| #define THREADSAFE 1
| #define _THREADSAFE 1
| #define _SGI_MP_SOURCE 1
| #define LDAP_API_FEATURE_X_OPENLDAP_THREAD_SAFE 1
| #define HAVE_SEM_TIMEDWAIT 1
| #define SIZEOF_PTHREAD_T 8
| #define ISC_PLATFORM_USETHREADS 1
| #define HAVE_SIGWAIT 1
| #define HAVE_PTHREAD_ATTR_GETSTACKSIZE 1
| #define HAVE_PTHREAD_ATTR_SETSTACKSIZE 1
| #define HAVE_SYSCONF 1
| #define HAVE_LINUXTHREADS 1
| #define VSNPRINTF_PERCENT_M 1
| /* end confdefs.h.  */
| #include <stddef.h>
| #ifdef HAVE_STDIO_H
| # include <stdio.h>
| #endif
| #ifdef HAVE_STDLIB_H
| # include <stdlib.h>
| #endif
| #ifdef HAVE_STRING_H
| # include <string.h>
| #endif
| #ifdef HAVE_INTTYPES_H
| # include <inttypes.h>
| #endif
| #ifdef HAVE_STDINT_H
| # include <stdint.h>
| #endif
| #ifdef HAVE_STRINGS_H
| # include <strings.h>
| #endif
| #ifdef HAVE_SYS_TYPES_H
| # include <sys/types.h>
| #endif
| #ifdef HAVE_SYS_STAT_H
| # include <sys/stat.h>
| #endif
| #ifdef HAVE_UNISTD_H
| # include <unistd.h>
| #endif
| #include <sys/clockctl.h>
configure:15943: result: no
configure:15962: checking if we should use /dev/clockctl
configure:15964: result: no
configure:15968: checking for sys/capability.h
configure:15968: cc -c -march=x86-64 -mtune=generic -O2 -pipe -fno-plt -fexceptions         -Wp,-D_FORTIFY_SOURCE=3 -Wformat -Werror=format-security         -fstack-clash-protection -fcf-protection         -fno-omit-frame-pointer -mno-omit-leaf-frame-pointer -Wno-incompatible-pointer-types -g -ffile-prefix-map=/home/esteban/Escritorio/hack_the_box/machines/administrator/tools/ntpdate/src=/usr/src/debug/ntpdate -flto=auto  conftest.c >&5
configure:15968: $? = 0
configure:15968: result: yes
configure:15974: checking for sys/prctl.h
configure:15974: cc -c -march=x86-64 -mtune=generic -O2 -pipe -fno-plt -fexceptions         -Wp,-D_FORTIFY_SOURCE=3 -Wformat -Werror=format-security         -fstack-clash-protection -fcf-protection         -fno-omit-frame-pointer -mno-omit-leaf-frame-pointer -Wno-incompatible-pointer-types -g -ffile-prefix-map=/home/esteban/Escritorio/hack_the_box/machines/administrator/tools/ntpdate/src=/usr/src/debug/ntpdate -flto=auto  conftest.c >&5
configure:15974: $? = 0
configure:15974: result: yes
configure:15982: checking if we have linux capabilities (libcap)
configure:16008: result: yes
configure:16021: checking for priv.h
configure:16021: cc -c -march=x86-64 -mtune=generic -O2 -pipe -fno-plt -fexceptions         -Wp,-D_FORTIFY_SOURCE=3 -Wformat -Werror=format-security         -fstack-clash-protection -fcf-protection         -fno-omit-frame-pointer -mno-omit-leaf-frame-pointer -Wno-incompatible-pointer-types -g -ffile-prefix-map=/home/esteban/Escritorio/hack_the_box/machines/administrator/tools/ntpdate/src=/usr/src/debug/ntpdate -flto=auto  conftest.c >&5
conftest.c:152:10: fatal error: priv.h: No such file or directory
  152 | #include <priv.h>
      |          ^~~~~~~~
compilation terminated.
configure:16021: $? = 1
configure: failed program was:
| /* confdefs.h */
| #define PACKAGE_NAME "sntp"
| #define PACKAGE_TARNAME "sntp"
| #define PACKAGE_VERSION "4.2.8p18"
| #define PACKAGE_STRING "sntp 4.2.8p18"
| #define PACKAGE_BUGREPORT "https://bugs.ntp.org/"
| #define PACKAGE_URL "https://www.ntp.org/"
| #define PACKAGE "sntp"
| #define VERSION "4.2.8p18"
| #define STR_SYSTEM "x86_64-pc-linux-gnu"
| #define HAVE_STDIO_H 1
| #define HAVE_STDLIB_H 1
| #define HAVE_STRING_H 1
| #define HAVE_INTTYPES_H 1
| #define HAVE_STDINT_H 1
| #define HAVE_STRINGS_H 1
| #define HAVE_SYS_STAT_H 1
| #define HAVE_SYS_TYPES_H 1
| #define HAVE_UNISTD_H 1
| #define HAVE_WCHAR_H 1
| #define HAVE_STDARG_H 1
| #define STDC_HEADERS 1
| #define _ALL_SOURCE 1
| #define _DARWIN_C_SOURCE 1
| #define _GNU_SOURCE 1
| #define _HPUX_ALT_XOPEN_SOCKET_API 1
| #define _NETBSD_SOURCE 1
| #define _OPENBSD_SOURCE 1
| #define _POSIX_PTHREAD_SEMANTICS 1
| #define __STDC_WANT_IEC_60559_ATTRIBS_EXT__ 1
| #define __STDC_WANT_IEC_60559_BFP_EXT__ 1
| #define __STDC_WANT_IEC_60559_DFP_EXT__ 1
| #define __STDC_WANT_IEC_60559_EXT__ 1
| #define __STDC_WANT_IEC_60559_FUNCS_EXT__ 1
| #define __STDC_WANT_IEC_60559_TYPES_EXT__ 1
| #define __STDC_WANT_LIB_EXT2__ 1
| #define __STDC_WANT_MATH_SPEC_FUNCS__ 1
| #define _TANDEM_SOURCE 1
| #define __EXTENSIONS__ 1
| #define HAVE___ATTRIBUTE__ /**/
| #define HAVE_FORK 1
| #define HAVE_VFORK 1
| #define HAVE_VPRINTF 1
| #define HAVE_DECL_STRERROR_R 1
| #define HAVE_UNSIGNED_LONG_LONG_INT 1
| #define HAVE_VSNPRINTF 1
| #define HAVE_SNPRINTF 1
| #define DIR_SEP '/'
| #define HAVE_READLINE_READLINE_H 1
| #define HAVE_HISTEDIT_H 1
| #define HAVE_READLINE_HISTORY_H 1
| #define EL_INIT_ARGS 4
| #define HAVE_READLINE_HISTORY 1
| #define HAVE_WORKING_VFORK 1
| #define HAVE_WORKING_FORK 1
| #define HAVE_ALLOCA_H 1
| #define HAVE_ALLOCA 1
| #define HAVE_STRERROR_R 1
| #define STRERROR_R_CHAR_P 1
| #define HAVE_CLOCK_GETRES 1
| #define HAVE_CLOCK_GETTIME 1
| #define HAVE_CLOCK_SETTIME 1
| #define HAVE_TIMEGM 1
| #define HAVE_STRLCPY 1
| #define HAVE_STRLCAT 1
| #define HAVE_ERRNO_H 1
| #define HAVE_SYS_SOCKET_H 1
| #define HAVE_SYS_TYPES_H 1
| #define HAVE_TIME_H 1
| #define HAVE_NET_IF_H 1
| #define HAVE_LINUX_IF_ADDR_H 1
| #define NEED_EARLY_FORK 1
| #define HAVE_ARPA_NAMESER_H 1
| #define HAVE_SYS_PARAM_H 1
| #define HAVE_SYS_TIME_H 1
| #define HAVE_NETINET_IN_SYSTM_H 1
| #define HAVE_NETINET_IN_H 1
| #define HAVE_RESOLV_H 1
| #define HAVE_NETINET_IP_H 1
| #define HAVE_RECVMSG 1
| #define HAVE_INLINE 1
| #define SIZEOF_TIME_T 8
| #define SIZEOF_SIGNED_CHAR 1
| #define HAVE_LONG_LONG 1
| #define SIZEOF_SHORT 2
| #define SIZEOF_INT 4
| #define SIZEOF_LONG 8
| #define SIZEOF_LONG_LONG 8
| #define NEED_S_CHAR_TYPEDEF 1
| #define DEBUG 1
| #define HAVE_SEMAPHORE_H 1
| #define HAVE_SOCKETPAIR 1
| #define HAVE_PTHREAD_H 1
| #define HAVE_PTHREADS 10
| #define HAVE_SCHED_H 1
| #define HAVE_SCHED_YIELD 1
| #define HAVE_PTHREAD_KILL 1
| #define HAVE_PTHREAD_RWLOCK_DESTROY 1
| #define HAVE_PTHREAD_DETACH 1
| #define HAVE_PTHREAD_SETCONCURRENCY 1
| #define HAVE_PTHREAD_GETCONCURRENCY 1
| #define HAVE_YIELDING_SELECT 1
| #define REENTRANT 1
| #define _REENTRANT 1
| #define THREAD_SAFE 1
| #define _THREAD_SAFE 1
| #define THREADSAFE 1
| #define _THREADSAFE 1
| #define _SGI_MP_SOURCE 1
| #define LDAP_API_FEATURE_X_OPENLDAP_THREAD_SAFE 1
| #define HAVE_SEM_TIMEDWAIT 1
| #define SIZEOF_PTHREAD_T 8
| #define ISC_PLATFORM_USETHREADS 1
| #define HAVE_SIGWAIT 1
| #define HAVE_PTHREAD_ATTR_GETSTACKSIZE 1
| #define HAVE_PTHREAD_ATTR_SETSTACKSIZE 1
| #define HAVE_SYSCONF 1
| #define HAVE_LINUXTHREADS 1
| #define VSNPRINTF_PERCENT_M 1
| #define HAVE_SYS_CAPABILITY_H 1
| #define HAVE_SYS_PRCTL_H 1
| #define HAVE_LINUX_CAPABILITIES 1
| /* end confdefs.h.  */
| #include <stddef.h>
| #ifdef HAVE_STDIO_H
| # include <stdio.h>
| #endif
| #ifdef HAVE_STDLIB_H
| # include <stdlib.h>
| #endif
| #ifdef HAVE_STRING_H
| # include <string.h>
| #endif
| #ifdef HAVE_INTTYPES_H
| # include <inttypes.h>
| #endif
| #ifdef HAVE_STDINT_H
| # include <stdint.h>
| #endif
| #ifdef HAVE_STRINGS_H
| # include <strings.h>
| #endif
| #ifdef HAVE_SYS_TYPES_H
| # include <sys/types.h>
| #endif
| #ifdef HAVE_SYS_STAT_H
| # include <sys/stat.h>
| #endif
| #ifdef HAVE_UNISTD_H
| # include <unistd.h>
| #endif
| #include <priv.h>
configure:16021: result: no
configure:16054: checking if we have solaris privileges
configure:16067: result: no
configure:16070: checking for sys/mac.h
configure:16070: cc -c -march=x86-64 -mtune=generic -O2 -pipe -fno-plt -fexceptions         -Wp,-D_FORTIFY_SOURCE=3 -Wformat -Werror=format-security         -fstack-clash-protection -fcf-protection         -fno-omit-frame-pointer -mno-omit-leaf-frame-pointer -Wno-incompatible-pointer-types -g -ffile-prefix-map=/home/esteban/Escritorio/hack_the_box/machines/administrator/tools/ntpdate/src=/usr/src/debug/ntpdate -flto=auto  conftest.c >&5
conftest.c:152:10: fatal error: sys/mac.h: No such file or directory
  152 | #include <sys/mac.h>
      |          ^~~~~~~~~~~
compilation terminated.
configure:16070: $? = 1
configure: failed program was:
| /* confdefs.h */
| #define PACKAGE_NAME "sntp"
| #define PACKAGE_TARNAME "sntp"
| #define PACKAGE_VERSION "4.2.8p18"
| #define PACKAGE_STRING "sntp 4.2.8p18"
| #define PACKAGE_BUGREPORT "https://bugs.ntp.org/"
| #define PACKAGE_URL "https://www.ntp.org/"
| #define PACKAGE "sntp"
| #define VERSION "4.2.8p18"
| #define STR_SYSTEM "x86_64-pc-linux-gnu"
| #define HAVE_STDIO_H 1
| #define HAVE_STDLIB_H 1
| #define HAVE_STRING_H 1
| #define HAVE_INTTYPES_H 1
| #define HAVE_STDINT_H 1
| #define HAVE_STRINGS_H 1
| #define HAVE_SYS_STAT_H 1
| #define HAVE_SYS_TYPES_H 1
| #define HAVE_UNISTD_H 1
| #define HAVE_WCHAR_H 1
| #define HAVE_STDARG_H 1
| #define STDC_HEADERS 1
| #define _ALL_SOURCE 1
| #define _DARWIN_C_SOURCE 1
| #define _GNU_SOURCE 1
| #define _HPUX_ALT_XOPEN_SOCKET_API 1
| #define _NETBSD_SOURCE 1
| #define _OPENBSD_SOURCE 1
| #define _POSIX_PTHREAD_SEMANTICS 1
| #define __STDC_WANT_IEC_60559_ATTRIBS_EXT__ 1
| #define __STDC_WANT_IEC_60559_BFP_EXT__ 1
| #define __STDC_WANT_IEC_60559_DFP_EXT__ 1
| #define __STDC_WANT_IEC_60559_EXT__ 1
| #define __STDC_WANT_IEC_60559_FUNCS_EXT__ 1
| #define __STDC_WANT_IEC_60559_TYPES_EXT__ 1
| #define __STDC_WANT_LIB_EXT2__ 1
| #define __STDC_WANT_MATH_SPEC_FUNCS__ 1
| #define _TANDEM_SOURCE 1
| #define __EXTENSIONS__ 1
| #define HAVE___ATTRIBUTE__ /**/
| #define HAVE_FORK 1
| #define HAVE_VFORK 1
| #define HAVE_VPRINTF 1
| #define HAVE_DECL_STRERROR_R 1
| #define HAVE_UNSIGNED_LONG_LONG_INT 1
| #define HAVE_VSNPRINTF 1
| #define HAVE_SNPRINTF 1
| #define DIR_SEP '/'
| #define HAVE_READLINE_READLINE_H 1
| #define HAVE_HISTEDIT_H 1
| #define HAVE_READLINE_HISTORY_H 1
| #define EL_INIT_ARGS 4
| #define HAVE_READLINE_HISTORY 1
| #define HAVE_WORKING_VFORK 1
| #define HAVE_WORKING_FORK 1
| #define HAVE_ALLOCA_H 1
| #define HAVE_ALLOCA 1
| #define HAVE_STRERROR_R 1
| #define STRERROR_R_CHAR_P 1
| #define HAVE_CLOCK_GETRES 1
| #define HAVE_CLOCK_GETTIME 1
| #define HAVE_CLOCK_SETTIME 1
| #define HAVE_TIMEGM 1
| #define HAVE_STRLCPY 1
| #define HAVE_STRLCAT 1
| #define HAVE_ERRNO_H 1
| #define HAVE_SYS_SOCKET_H 1
| #define HAVE_SYS_TYPES_H 1
| #define HAVE_TIME_H 1
| #define HAVE_NET_IF_H 1
| #define HAVE_LINUX_IF_ADDR_H 1
| #define NEED_EARLY_FORK 1
| #define HAVE_ARPA_NAMESER_H 1
| #define HAVE_SYS_PARAM_H 1
| #define HAVE_SYS_TIME_H 1
| #define HAVE_NETINET_IN_SYSTM_H 1
| #define HAVE_NETINET_IN_H 1
| #define HAVE_RESOLV_H 1
| #define HAVE_NETINET_IP_H 1
| #define HAVE_RECVMSG 1
| #define HAVE_INLINE 1
| #define SIZEOF_TIME_T 8
| #define SIZEOF_SIGNED_CHAR 1
| #define HAVE_LONG_LONG 1
| #define SIZEOF_SHORT 2
| #define SIZEOF_INT 4
| #define SIZEOF_LONG 8
| #define SIZEOF_LONG_LONG 8
| #define NEED_S_CHAR_TYPEDEF 1
| #define DEBUG 1
| #define HAVE_SEMAPHORE_H 1
| #define HAVE_SOCKETPAIR 1
| #define HAVE_PTHREAD_H 1
| #define HAVE_PTHREADS 10
| #define HAVE_SCHED_H 1
| #define HAVE_SCHED_YIELD 1
| #define HAVE_PTHREAD_KILL 1
| #define HAVE_PTHREAD_RWLOCK_DESTROY 1
| #define HAVE_PTHREAD_DETACH 1
| #define HAVE_PTHREAD_SETCONCURRENCY 1
| #define HAVE_PTHREAD_GETCONCURRENCY 1
| #define HAVE_YIELDING_SELECT 1
| #define REENTRANT 1
| #define _REENTRANT 1
| #define THREAD_SAFE 1
| #define _THREAD_SAFE 1
| #define THREADSAFE 1
| #define _THREADSAFE 1
| #define _SGI_MP_SOURCE 1
| #define LDAP_API_FEATURE_X_OPENLDAP_THREAD_SAFE 1
| #define HAVE_SEM_TIMEDWAIT 1
| #define SIZEOF_PTHREAD_T 8
| #define ISC_PLATFORM_USETHREADS 1
| #define HAVE_SIGWAIT 1
| #define HAVE_PTHREAD_ATTR_GETSTACKSIZE 1
| #define HAVE_PTHREAD_ATTR_SETSTACKSIZE 1
| #define HAVE_SYSCONF 1
| #define HAVE_LINUXTHREADS 1
| #define VSNPRINTF_PERCENT_M 1
| #define HAVE_SYS_CAPABILITY_H 1
| #define HAVE_SYS_PRCTL_H 1
| #define HAVE_LINUX_CAPABILITIES 1
| /* end confdefs.h.  */
| #include <stddef.h>
| #ifdef HAVE_STDIO_H
| # include <stdio.h>
| #endif
| #ifdef HAVE_STDLIB_H
| # include <stdlib.h>
| #endif
| #ifdef HAVE_STRING_H
| # include <string.h>
| #endif
| #ifdef HAVE_INTTYPES_H
| # include <inttypes.h>
| #endif
| #ifdef HAVE_STDINT_H
| # include <stdint.h>
| #endif
| #ifdef HAVE_STRINGS_H
| # include <strings.h>
| #endif
| #ifdef HAVE_SYS_TYPES_H
| # include <sys/types.h>
| #endif
| #ifdef HAVE_SYS_STAT_H
| # include <sys/stat.h>
| #endif
| #ifdef HAVE_UNISTD_H
| # include <unistd.h>
| #endif
| #include <sys/mac.h>
configure:16070: result: no
configure:16086: checking if we should use TrustedBSD MAC privileges
configure:16099: result: no
configure:16179: checking for library containing res_init
configure:16215: cc -o conftest -march=x86-64 -mtune=generic -O2 -pipe -fno-plt -fexceptions         -Wp,-D_FORTIFY_SOURCE=3 -Wformat -Werror=format-security         -fstack-clash-protection -fcf-protection         -fno-omit-frame-pointer -mno-omit-leaf-frame-pointer -Wno-incompatible-pointer-types -g -ffile-prefix-map=/home/esteban/Escritorio/hack_the_box/machines/administrator/tools/ntpdate/src=/usr/src/debug/ntpdate -flto=auto  -Wl,-O1 -Wl,--sort-common -Wl,--as-needed -Wl,-z,relro -Wl,-z,now          -Wl,-z,pack-relative-relocs -flto=auto conftest.c  -lcap >&5
/usr/bin/ld: /tmp/ccQj9OaJ.ltrans0.ltrans.o: in function `main':
/usr/src/debug/ntpdate/ntp-4.2.8p18/sntp/conftest.c:139:(.text.startup+0xa): undefined reference to `res_init'
collect2: error: ld returned 1 exit status
configure:16215: $? = 1
configure: failed program was:
| /* confdefs.h */
| #define PACKAGE_NAME "sntp"
| #define PACKAGE_TARNAME "sntp"
| #define PACKAGE_VERSION "4.2.8p18"
| #define PACKAGE_STRING "sntp 4.2.8p18"
| #define PACKAGE_BUGREPORT "https://bugs.ntp.org/"
| #define PACKAGE_URL "https://www.ntp.org/"
| #define PACKAGE "sntp"
| #define VERSION "4.2.8p18"
| #define STR_SYSTEM "x86_64-pc-linux-gnu"
| #define HAVE_STDIO_H 1
| #define HAVE_STDLIB_H 1
| #define HAVE_STRING_H 1
| #define HAVE_INTTYPES_H 1
| #define HAVE_STDINT_H 1
| #define HAVE_STRINGS_H 1
| #define HAVE_SYS_STAT_H 1
| #define HAVE_SYS_TYPES_H 1
| #define HAVE_UNISTD_H 1
| #define HAVE_WCHAR_H 1
| #define HAVE_STDARG_H 1
| #define STDC_HEADERS 1
| #define _ALL_SOURCE 1
| #define _DARWIN_C_SOURCE 1
| #define _GNU_SOURCE 1
| #define _HPUX_ALT_XOPEN_SOCKET_API 1
| #define _NETBSD_SOURCE 1
| #define _OPENBSD_SOURCE 1
| #define _POSIX_PTHREAD_SEMANTICS 1
| #define __STDC_WANT_IEC_60559_ATTRIBS_EXT__ 1
| #define __STDC_WANT_IEC_60559_BFP_EXT__ 1
| #define __STDC_WANT_IEC_60559_DFP_EXT__ 1
| #define __STDC_WANT_IEC_60559_EXT__ 1
| #define __STDC_WANT_IEC_60559_FUNCS_EXT__ 1
| #define __STDC_WANT_IEC_60559_TYPES_EXT__ 1
| #define __STDC_WANT_LIB_EXT2__ 1
| #define __STDC_WANT_MATH_SPEC_FUNCS__ 1
| #define _TANDEM_SOURCE 1
| #define __EXTENSIONS__ 1
| #define HAVE___ATTRIBUTE__ /**/
| #define HAVE_FORK 1
| #define HAVE_VFORK 1
| #define HAVE_VPRINTF 1
| #define HAVE_DECL_STRERROR_R 1
| #define HAVE_UNSIGNED_LONG_LONG_INT 1
| #define HAVE_VSNPRINTF 1
| #define HAVE_SNPRINTF 1
| #define DIR_SEP '/'
| #define HAVE_READLINE_READLINE_H 1
| #define HAVE_HISTEDIT_H 1
| #define HAVE_READLINE_HISTORY_H 1
| #define EL_INIT_ARGS 4
| #define HAVE_READLINE_HISTORY 1
| #define HAVE_WORKING_VFORK 1
| #define HAVE_WORKING_FORK 1
| #define HAVE_ALLOCA_H 1
| #define HAVE_ALLOCA 1
| #define HAVE_STRERROR_R 1
| #define STRERROR_R_CHAR_P 1
| #define HAVE_CLOCK_GETRES 1
| #define HAVE_CLOCK_GETTIME 1
| #define HAVE_CLOCK_SETTIME 1
| #define HAVE_TIMEGM 1
| #define HAVE_STRLCPY 1
| #define HAVE_STRLCAT 1
| #define HAVE_ERRNO_H 1
| #define HAVE_SYS_SOCKET_H 1
| #define HAVE_SYS_TYPES_H 1
| #define HAVE_TIME_H 1
| #define HAVE_NET_IF_H 1
| #define HAVE_LINUX_IF_ADDR_H 1
| #define NEED_EARLY_FORK 1
| #define HAVE_ARPA_NAMESER_H 1
| #define HAVE_SYS_PARAM_H 1
| #define HAVE_SYS_TIME_H 1
| #define HAVE_NETINET_IN_SYSTM_H 1
| #define HAVE_NETINET_IN_H 1
| #define HAVE_RESOLV_H 1
| #define HAVE_NETINET_IP_H 1
| #define HAVE_RECVMSG 1
| #define HAVE_INLINE 1
| #define SIZEOF_TIME_T 8
| #define SIZEOF_SIGNED_CHAR 1
| #define HAVE_LONG_LONG 1
| #define SIZEOF_SHORT 2
| #define SIZEOF_INT 4
| #define SIZEOF_LONG 8
| #define SIZEOF_LONG_LONG 8
| #define NEED_S_CHAR_TYPEDEF 1
| #define DEBUG 1
| #define HAVE_SEMAPHORE_H 1
| #define HAVE_SOCKETPAIR 1
| #define HAVE_PTHREAD_H 1
| #define HAVE_PTHREADS 10
| #define HAVE_SCHED_H 1
| #define HAVE_SCHED_YIELD 1
| #define HAVE_PTHREAD_KILL 1
| #define HAVE_PTHREAD_RWLOCK_DESTROY 1
| #define HAVE_PTHREAD_DETACH 1
| #define HAVE_PTHREAD_SETCONCURRENCY 1
| #define HAVE_PTHREAD_GETCONCURRENCY 1
| #define HAVE_YIELDING_SELECT 1
| #define REENTRANT 1
| #define _REENTRANT 1
| #define THREAD_SAFE 1
| #define _THREAD_SAFE 1
| #define THREADSAFE 1
| #define _THREADSAFE 1
| #define _SGI_MP_SOURCE 1
| #define LDAP_API_FEATURE_X_OPENLDAP_THREAD_SAFE 1
| #define HAVE_SEM_TIMEDWAIT 1
| #define SIZEOF_PTHREAD_T 8
| #define ISC_PLATFORM_USETHREADS 1
| #define HAVE_SIGWAIT 1
| #define HAVE_PTHREAD_ATTR_GETSTACKSIZE 1
| #define HAVE_PTHREAD_ATTR_SETSTACKSIZE 1
| #define HAVE_SYSCONF 1
| #define HAVE_LINUXTHREADS 1
| #define VSNPRINTF_PERCENT_M 1
| #define HAVE_SYS_CAPABILITY_H 1
| #define HAVE_SYS_PRCTL_H 1
| #define HAVE_LINUX_CAPABILITIES 1
| #define HAVE_DROPROOT 1
| /* end confdefs.h.  */
| 
| /* Override any GCC internal prototype to avoid an error.
|    Use char because int might match the return type of a GCC
|    builtin and then its argument prototype would still apply.
|    The 'extern "C"' is for builds by C++ compilers;
|    although this is not generally supported in C code supporting it here
|    has little cost and some practical benefit (sr 110532).  */
| #ifdef __cplusplus
| extern "C"
| #endif
| char res_init (void);
| int
| main (void)
| {
| return res_init ();
|   ;
|   return 0;
| }
configure:16215: cc -o conftest -march=x86-64 -mtune=generic -O2 -pipe -fno-plt -fexceptions         -Wp,-D_FORTIFY_SOURCE=3 -Wformat -Werror=format-security         -fstack-clash-protection -fcf-protection         -fno-omit-frame-pointer -mno-omit-leaf-frame-pointer -Wno-incompatible-pointer-types -g -ffile-prefix-map=/home/esteban/Escritorio/hack_the_box/machines/administrator/tools/ntpdate/src=/usr/src/debug/ntpdate -flto=auto  -Wl,-O1 -Wl,--sort-common -Wl,--as-needed -Wl,-z,relro -Wl,-z,now          -Wl,-z,pack-relative-relocs -flto=auto conftest.c -lresolv   -lcap >&5
/usr/bin/ld: /tmp/cc9BkCFL.ltrans0.ltrans.o: in function `main':
/usr/src/debug/ntpdate/ntp-4.2.8p18/sntp/conftest.c:139:(.text.startup+0xa): undefined reference to `res_init'
collect2: error: ld returned 1 exit status
configure:16215: $? = 1
configure: failed program was:
| /* confdefs.h */
| #define PACKAGE_NAME "sntp"
| #define PACKAGE_TARNAME "sntp"
| #define PACKAGE_VERSION "4.2.8p18"
| #define PACKAGE_STRING "sntp 4.2.8p18"
| #define PACKAGE_BUGREPORT "https://bugs.ntp.org/"
| #define PACKAGE_URL "https://www.ntp.org/"
| #define PACKAGE "sntp"
| #define VERSION "4.2.8p18"
| #define STR_SYSTEM "x86_64-pc-linux-gnu"
| #define HAVE_STDIO_H 1
| #define HAVE_STDLIB_H 1
| #define HAVE_STRING_H 1
| #define HAVE_INTTYPES_H 1
| #define HAVE_STDINT_H 1
| #define HAVE_STRINGS_H 1
| #define HAVE_SYS_STAT_H 1
| #define HAVE_SYS_TYPES_H 1
| #define HAVE_UNISTD_H 1
| #define HAVE_WCHAR_H 1
| #define HAVE_STDARG_H 1
| #define STDC_HEADERS 1
| #define _ALL_SOURCE 1
| #define _DARWIN_C_SOURCE 1
| #define _GNU_SOURCE 1
| #define _HPUX_ALT_XOPEN_SOCKET_API 1
| #define _NETBSD_SOURCE 1
| #define _OPENBSD_SOURCE 1
| #define _POSIX_PTHREAD_SEMANTICS 1
| #define __STDC_WANT_IEC_60559_ATTRIBS_EXT__ 1
| #define __STDC_WANT_IEC_60559_BFP_EXT__ 1
| #define __STDC_WANT_IEC_60559_DFP_EXT__ 1
| #define __STDC_WANT_IEC_60559_EXT__ 1
| #define __STDC_WANT_IEC_60559_FUNCS_EXT__ 1
| #define __STDC_WANT_IEC_60559_TYPES_EXT__ 1
| #define __STDC_WANT_LIB_EXT2__ 1
| #define __STDC_WANT_MATH_SPEC_FUNCS__ 1
| #define _TANDEM_SOURCE 1
| #define __EXTENSIONS__ 1
| #define HAVE___ATTRIBUTE__ /**/
| #define HAVE_FORK 1
| #define HAVE_VFORK 1
| #define HAVE_VPRINTF 1
| #define HAVE_DECL_STRERROR_R 1
| #define HAVE_UNSIGNED_LONG_LONG_INT 1
| #define HAVE_VSNPRINTF 1
| #define HAVE_SNPRINTF 1
| #define DIR_SEP '/'
| #define HAVE_READLINE_READLINE_H 1
| #define HAVE_HISTEDIT_H 1
| #define HAVE_READLINE_HISTORY_H 1
| #define EL_INIT_ARGS 4
| #define HAVE_READLINE_HISTORY 1
| #define HAVE_WORKING_VFORK 1
| #define HAVE_WORKING_FORK 1
| #define HAVE_ALLOCA_H 1
| #define HAVE_ALLOCA 1
| #define HAVE_STRERROR_R 1
| #define STRERROR_R_CHAR_P 1
| #define HAVE_CLOCK_GETRES 1
| #define HAVE_CLOCK_GETTIME 1
| #define HAVE_CLOCK_SETTIME 1
| #define HAVE_TIMEGM 1
| #define HAVE_STRLCPY 1
| #define HAVE_STRLCAT 1
| #define HAVE_ERRNO_H 1
| #define HAVE_SYS_SOCKET_H 1
| #define HAVE_SYS_TYPES_H 1
| #define HAVE_TIME_H 1
| #define HAVE_NET_IF_H 1
| #define HAVE_LINUX_IF_ADDR_H 1
| #define NEED_EARLY_FORK 1
| #define HAVE_ARPA_NAMESER_H 1
| #define HAVE_SYS_PARAM_H 1
| #define HAVE_SYS_TIME_H 1
| #define HAVE_NETINET_IN_SYSTM_H 1
| #define HAVE_NETINET_IN_H 1
| #define HAVE_RESOLV_H 1
| #define HAVE_NETINET_IP_H 1
| #define HAVE_RECVMSG 1
| #define HAVE_INLINE 1
| #define SIZEOF_TIME_T 8
| #define SIZEOF_SIGNED_CHAR 1
| #define HAVE_LONG_LONG 1
| #define SIZEOF_SHORT 2
| #define SIZEOF_INT 4
| #define SIZEOF_LONG 8
| #define SIZEOF_LONG_LONG 8
| #define NEED_S_CHAR_TYPEDEF 1
| #define DEBUG 1
| #define HAVE_SEMAPHORE_H 1
| #define HAVE_SOCKETPAIR 1
| #define HAVE_PTHREAD_H 1
| #define HAVE_PTHREADS 10
| #define HAVE_SCHED_H 1
| #define HAVE_SCHED_YIELD 1
| #define HAVE_PTHREAD_KILL 1
| #define HAVE_PTHREAD_RWLOCK_DESTROY 1
| #define HAVE_PTHREAD_DETACH 1
| #define HAVE_PTHREAD_SETCONCURRENCY 1
| #define HAVE_PTHREAD_GETCONCURRENCY 1
| #define HAVE_YIELDING_SELECT 1
| #define REENTRANT 1
| #define _REENTRANT 1
| #define THREAD_SAFE 1
| #define _THREAD_SAFE 1
| #define THREADSAFE 1
| #define _THREADSAFE 1
| #define _SGI_MP_SOURCE 1
| #define LDAP_API_FEATURE_X_OPENLDAP_THREAD_SAFE 1
| #define HAVE_SEM_TIMEDWAIT 1
| #define SIZEOF_PTHREAD_T 8
| #define ISC_PLATFORM_USETHREADS 1
| #define HAVE_SIGWAIT 1
| #define HAVE_PTHREAD_ATTR_GETSTACKSIZE 1
| #define HAVE_PTHREAD_ATTR_SETSTACKSIZE 1
| #define HAVE_SYSCONF 1
| #define HAVE_LINUXTHREADS 1
| #define VSNPRINTF_PERCENT_M 1
| #define HAVE_SYS_CAPABILITY_H 1
| #define HAVE_SYS_PRCTL_H 1
| #define HAVE_LINUX_CAPABILITIES 1
| #define HAVE_DROPROOT 1
| /* end confdefs.h.  */
| 
| /* Override any GCC internal prototype to avoid an error.
|    Use char because int might match the return type of a GCC
|    builtin and then its argument prototype would still apply.
|    The 'extern "C"' is for builds by C++ compilers;
|    although this is not generally supported in C code supporting it here
|    has little cost and some practical benefit (sr 110532).  */
| #ifdef __cplusplus
| extern "C"
| #endif
| char res_init (void);
| int
| main (void)
| {
| return res_init ();
|   ;
|   return 0;
| }
configure:16237: result: no
configure:16248: checking for sys/types.h
configure:16248: result: yes
configure:16266: checking for netinet/in.h
configure:16266: result: yes
configure:16284: checking for arpa/nameser.h
configure:16284: result: yes
configure:16302: checking for netdb.h
configure:16302: cc -c -march=x86-64 -mtune=generic -O2 -pipe -fno-plt -fexceptions         -Wp,-D_FORTIFY_SOURCE=3 -Wformat -Werror=format-security         -fstack-clash-protection -fcf-protection         -fno-omit-frame-pointer -mno-omit-leaf-frame-pointer -Wno-incompatible-pointer-types -g -ffile-prefix-map=/home/esteban/Escritorio/hack_the_box/machines/administrator/tools/ntpdate/src=/usr/src/debug/ntpdate -flto=auto  conftest.c >&5
configure:16302: $? = 0
configure:16302: result: yes
configure:16320: checking for resolv.h
configure:16320: result: yes
configure:16344: checking for res_init
configure:16344: cc -o conftest -march=x86-64 -mtune=generic -O2 -pipe -fno-plt -fexceptions         -Wp,-D_FORTIFY_SOURCE=3 -Wformat -Werror=format-security         -fstack-clash-protection -fcf-protection         -fno-omit-frame-pointer -mno-omit-leaf-frame-pointer -Wno-incompatible-pointer-types -g -ffile-prefix-map=/home/esteban/Escritorio/hack_the_box/machines/administrator/tools/ntpdate/src=/usr/src/debug/ntpdate -flto=auto  -Wl,-O1 -Wl,--sort-common -Wl,--as-needed -Wl,-z,relro -Wl,-z,now          -Wl,-z,pack-relative-relocs -flto=auto conftest.c  -lcap >&5
/usr/bin/ld: /tmp/ccvh2VDj.ltrans0.ltrans.o: in function `main':
/usr/src/debug/ntpdate/ntp-4.2.8p18/sntp/conftest.c:157:(.text.startup+0xa): undefined reference to `res_init'
collect2: error: ld returned 1 exit status
configure:16344: $? = 1
configure: failed program was:
| /* confdefs.h */
| #define PACKAGE_NAME "sntp"
| #define PACKAGE_TARNAME "sntp"
| #define PACKAGE_VERSION "4.2.8p18"
| #define PACKAGE_STRING "sntp 4.2.8p18"
| #define PACKAGE_BUGREPORT "https://bugs.ntp.org/"
| #define PACKAGE_URL "https://www.ntp.org/"
| #define PACKAGE "sntp"
| #define VERSION "4.2.8p18"
| #define STR_SYSTEM "x86_64-pc-linux-gnu"
| #define HAVE_STDIO_H 1
| #define HAVE_STDLIB_H 1
| #define HAVE_STRING_H 1
| #define HAVE_INTTYPES_H 1
| #define HAVE_STDINT_H 1
| #define HAVE_STRINGS_H 1
| #define HAVE_SYS_STAT_H 1
| #define HAVE_SYS_TYPES_H 1
| #define HAVE_UNISTD_H 1
| #define HAVE_WCHAR_H 1
| #define HAVE_STDARG_H 1
| #define STDC_HEADERS 1
| #define _ALL_SOURCE 1
| #define _DARWIN_C_SOURCE 1
| #define _GNU_SOURCE 1
| #define _HPUX_ALT_XOPEN_SOCKET_API 1
| #define _NETBSD_SOURCE 1
| #define _OPENBSD_SOURCE 1
| #define _POSIX_PTHREAD_SEMANTICS 1
| #define __STDC_WANT_IEC_60559_ATTRIBS_EXT__ 1
| #define __STDC_WANT_IEC_60559_BFP_EXT__ 1
| #define __STDC_WANT_IEC_60559_DFP_EXT__ 1
| #define __STDC_WANT_IEC_60559_EXT__ 1
| #define __STDC_WANT_IEC_60559_FUNCS_EXT__ 1
| #define __STDC_WANT_IEC_60559_TYPES_EXT__ 1
| #define __STDC_WANT_LIB_EXT2__ 1
| #define __STDC_WANT_MATH_SPEC_FUNCS__ 1
| #define _TANDEM_SOURCE 1
| #define __EXTENSIONS__ 1
| #define HAVE___ATTRIBUTE__ /**/
| #define HAVE_FORK 1
| #define HAVE_VFORK 1
| #define HAVE_VPRINTF 1
| #define HAVE_DECL_STRERROR_R 1
| #define HAVE_UNSIGNED_LONG_LONG_INT 1
| #define HAVE_VSNPRINTF 1
| #define HAVE_SNPRINTF 1
| #define DIR_SEP '/'
| #define HAVE_READLINE_READLINE_H 1
| #define HAVE_HISTEDIT_H 1
| #define HAVE_READLINE_HISTORY_H 1
| #define EL_INIT_ARGS 4
| #define HAVE_READLINE_HISTORY 1
| #define HAVE_WORKING_VFORK 1
| #define HAVE_WORKING_FORK 1
| #define HAVE_ALLOCA_H 1
| #define HAVE_ALLOCA 1
| #define HAVE_STRERROR_R 1
| #define STRERROR_R_CHAR_P 1
| #define HAVE_CLOCK_GETRES 1
| #define HAVE_CLOCK_GETTIME 1
| #define HAVE_CLOCK_SETTIME 1
| #define HAVE_TIMEGM 1
| #define HAVE_STRLCPY 1
| #define HAVE_STRLCAT 1
| #define HAVE_ERRNO_H 1
| #define HAVE_SYS_SOCKET_H 1
| #define HAVE_SYS_TYPES_H 1
| #define HAVE_TIME_H 1
| #define HAVE_NET_IF_H 1
| #define HAVE_LINUX_IF_ADDR_H 1
| #define NEED_EARLY_FORK 1
| #define HAVE_ARPA_NAMESER_H 1
| #define HAVE_SYS_PARAM_H 1
| #define HAVE_SYS_TIME_H 1
| #define HAVE_NETINET_IN_SYSTM_H 1
| #define HAVE_NETINET_IN_H 1
| #define HAVE_RESOLV_H 1
| #define HAVE_NETINET_IP_H 1
| #define HAVE_RECVMSG 1
| #define HAVE_INLINE 1
| #define SIZEOF_TIME_T 8
| #define SIZEOF_SIGNED_CHAR 1
| #define HAVE_LONG_LONG 1
| #define SIZEOF_SHORT 2
| #define SIZEOF_INT 4
| #define SIZEOF_LONG 8
| #define SIZEOF_LONG_LONG 8
| #define NEED_S_CHAR_TYPEDEF 1
| #define DEBUG 1
| #define HAVE_SEMAPHORE_H 1
| #define HAVE_SOCKETPAIR 1
| #define HAVE_PTHREAD_H 1
| #define HAVE_PTHREADS 10
| #define HAVE_SCHED_H 1
| #define HAVE_SCHED_YIELD 1
| #define HAVE_PTHREAD_KILL 1
| #define HAVE_PTHREAD_RWLOCK_DESTROY 1
| #define HAVE_PTHREAD_DETACH 1
| #define HAVE_PTHREAD_SETCONCURRENCY 1
| #define HAVE_PTHREAD_GETCONCURRENCY 1
| #define HAVE_YIELDING_SELECT 1
| #define REENTRANT 1
| #define _REENTRANT 1
| #define THREAD_SAFE 1
| #define _THREAD_SAFE 1
| #define THREADSAFE 1
| #define _THREADSAFE 1
| #define _SGI_MP_SOURCE 1
| #define LDAP_API_FEATURE_X_OPENLDAP_THREAD_SAFE 1
| #define HAVE_SEM_TIMEDWAIT 1
| #define SIZEOF_PTHREAD_T 8
| #define ISC_PLATFORM_USETHREADS 1
| #define HAVE_SIGWAIT 1
| #define HAVE_PTHREAD_ATTR_GETSTACKSIZE 1
| #define HAVE_PTHREAD_ATTR_SETSTACKSIZE 1
| #define HAVE_SYSCONF 1
| #define HAVE_LINUXTHREADS 1
| #define VSNPRINTF_PERCENT_M 1
| #define HAVE_SYS_CAPABILITY_H 1
| #define HAVE_SYS_PRCTL_H 1
| #define HAVE_LINUX_CAPABILITIES 1
| #define HAVE_DROPROOT 1
| #define HAVE_SYS_TYPES_H 1
| #define HAVE_NETINET_IN_H 1
| #define HAVE_ARPA_NAMESER_H 1
| #define HAVE_NETDB_H 1
| #define HAVE_RESOLV_H 1
| /* end confdefs.h.  */
| /* Define res_init to an innocuous variant, in case <limits.h> declares res_init.
|    For example, HP-UX 11i <limits.h> declares gettimeofday.  */
| #define res_init innocuous_res_init
| 
| /* System header to define __stub macros and hopefully few prototypes,
|    which can conflict with char res_init (void); below.  */
| 
| #include <limits.h>
| #undef res_init
| 
| /* Override any GCC internal prototype to avoid an error.
|    Use char because int might match the return type of a GCC
|    builtin and then its argument prototype would still apply.  */
| #ifdef __cplusplus
| extern "C"
| #endif
| char res_init (void);
| /* The GNU C library defines this for functions which it implements
|     to always fail with ENOSYS.  Some functions are actually named
|     something starting with __ and the normal name is an alias.  */
| #if defined __stub_res_init || defined __stub___res_init
| choke me
| #endif
| 
| int
| main (void)
| {
| return res_init ();
|   ;
|   return 0;
| }
configure:16344: result: no
configure:16350: checking for __res_init
configure:16350: cc -o conftest -march=x86-64 -mtune=generic -O2 -pipe -fno-plt -fexceptions         -Wp,-D_FORTIFY_SOURCE=3 -Wformat -Werror=format-security         -fstack-clash-protection -fcf-protection         -fno-omit-frame-pointer -mno-omit-leaf-frame-pointer -Wno-incompatible-pointer-types -g -ffile-prefix-map=/home/esteban/Escritorio/hack_the_box/machines/administrator/tools/ntpdate/src=/usr/src/debug/ntpdate -flto=auto  -Wl,-O1 -Wl,--sort-common -Wl,--as-needed -Wl,-z,relro -Wl,-z,now          -Wl,-z,pack-relative-relocs -flto=auto conftest.c  -lcap >&5
configure:16350: $? = 0
configure:16350: result: yes
configure:16363: checking for inet_ntop
configure:16363: cc -o conftest -march=x86-64 -mtune=generic -O2 -pipe -fno-plt -fexceptions         -Wp,-D_FORTIFY_SOURCE=3 -Wformat -Werror=format-security         -fstack-clash-protection -fcf-protection         -fno-omit-frame-pointer -mno-omit-leaf-frame-pointer -Wno-incompatible-pointer-types -g -ffile-prefix-map=/home/esteban/Escritorio/hack_the_box/machines/administrator/tools/ntpdate/src=/usr/src/debug/ntpdate -flto=auto  -Wl,-O1 -Wl,--sort-common -Wl,--as-needed -Wl,-z,relro -Wl,-z,now          -Wl,-z,pack-relative-relocs -flto=auto conftest.c  -lcap >&5
configure:16363: $? = 0
configure:16363: result: yes
configure:16374: checking for inet_pton
configure:16374: cc -o conftest -march=x86-64 -mtune=generic -O2 -pipe -fno-plt -fexceptions         -Wp,-D_FORTIFY_SOURCE=3 -Wformat -Werror=format-security         -fstack-clash-protection -fcf-protection         -fno-omit-frame-pointer -mno-omit-leaf-frame-pointer -Wno-incompatible-pointer-types -g -ffile-prefix-map=/home/esteban/Escritorio/hack_the_box/machines/administrator/tools/ntpdate/src=/usr/src/debug/ntpdate -flto=auto  -Wl,-O1 -Wl,--sort-common -Wl,--as-needed -Wl,-z,relro -Wl,-z,now          -Wl,-z,pack-relative-relocs -flto=auto conftest.c  -lcap >&5
configure:16374: $? = 0
configure:16374: result: yes
configure:16386: checking for uintptr_t
configure:16386: cc -c -march=x86-64 -mtune=generic -O2 -pipe -fno-plt -fexceptions         -Wp,-D_FORTIFY_SOURCE=3 -Wformat -Werror=format-security         -fstack-clash-protection -fcf-protection         -fno-omit-frame-pointer -mno-omit-leaf-frame-pointer -Wno-incompatible-pointer-types -g -ffile-prefix-map=/home/esteban/Escritorio/hack_the_box/machines/administrator/tools/ntpdate/src=/usr/src/debug/ntpdate -flto=auto  conftest.c >&5
configure:16386: $? = 0
configure:16386: cc -c -march=x86-64 -mtune=generic -O2 -pipe -fno-plt -fexceptions         -Wp,-D_FORTIFY_SOURCE=3 -Wformat -Werror=format-security         -fstack-clash-protection -fcf-protection         -fno-omit-frame-pointer -mno-omit-leaf-frame-pointer -Wno-incompatible-pointer-types -g -ffile-prefix-map=/home/esteban/Escritorio/hack_the_box/machines/administrator/tools/ntpdate/src=/usr/src/debug/ntpdate -flto=auto  conftest.c >&5
conftest.c: In function 'main':
conftest.c:162:24: error: expected expression before ')' token
  162 | if (sizeof ((uintptr_t)))
      |                        ^
configure:16386: $? = 1
configure: failed program was:
| /* confdefs.h */
| #define PACKAGE_NAME "sntp"
| #define PACKAGE_TARNAME "sntp"
| #define PACKAGE_VERSION "4.2.8p18"
| #define PACKAGE_STRING "sntp 4.2.8p18"
| #define PACKAGE_BUGREPORT "https://bugs.ntp.org/"
| #define PACKAGE_URL "https://www.ntp.org/"
| #define PACKAGE "sntp"
| #define VERSION "4.2.8p18"
| #define STR_SYSTEM "x86_64-pc-linux-gnu"
| #define HAVE_STDIO_H 1
| #define HAVE_STDLIB_H 1
| #define HAVE_STRING_H 1
| #define HAVE_INTTYPES_H 1
| #define HAVE_STDINT_H 1
| #define HAVE_STRINGS_H 1
| #define HAVE_SYS_STAT_H 1
| #define HAVE_SYS_TYPES_H 1
| #define HAVE_UNISTD_H 1
| #define HAVE_WCHAR_H 1
| #define HAVE_STDARG_H 1
| #define STDC_HEADERS 1
| #define _ALL_SOURCE 1
| #define _DARWIN_C_SOURCE 1
| #define _GNU_SOURCE 1
| #define _HPUX_ALT_XOPEN_SOCKET_API 1
| #define _NETBSD_SOURCE 1
| #define _OPENBSD_SOURCE 1
| #define _POSIX_PTHREAD_SEMANTICS 1
| #define __STDC_WANT_IEC_60559_ATTRIBS_EXT__ 1
| #define __STDC_WANT_IEC_60559_BFP_EXT__ 1
| #define __STDC_WANT_IEC_60559_DFP_EXT__ 1
| #define __STDC_WANT_IEC_60559_EXT__ 1
| #define __STDC_WANT_IEC_60559_FUNCS_EXT__ 1
| #define __STDC_WANT_IEC_60559_TYPES_EXT__ 1
| #define __STDC_WANT_LIB_EXT2__ 1
| #define __STDC_WANT_MATH_SPEC_FUNCS__ 1
| #define _TANDEM_SOURCE 1
| #define __EXTENSIONS__ 1
| #define HAVE___ATTRIBUTE__ /**/
| #define HAVE_FORK 1
| #define HAVE_VFORK 1
| #define HAVE_VPRINTF 1
| #define HAVE_DECL_STRERROR_R 1
| #define HAVE_UNSIGNED_LONG_LONG_INT 1
| #define HAVE_VSNPRINTF 1
| #define HAVE_SNPRINTF 1
| #define DIR_SEP '/'
| #define HAVE_READLINE_READLINE_H 1
| #define HAVE_HISTEDIT_H 1
| #define HAVE_READLINE_HISTORY_H 1
| #define EL_INIT_ARGS 4
| #define HAVE_READLINE_HISTORY 1
| #define HAVE_WORKING_VFORK 1
| #define HAVE_WORKING_FORK 1
| #define HAVE_ALLOCA_H 1
| #define HAVE_ALLOCA 1
| #define HAVE_STRERROR_R 1
| #define STRERROR_R_CHAR_P 1
| #define HAVE_CLOCK_GETRES 1
| #define HAVE_CLOCK_GETTIME 1
| #define HAVE_CLOCK_SETTIME 1
| #define HAVE_TIMEGM 1
| #define HAVE_STRLCPY 1
| #define HAVE_STRLCAT 1
| #define HAVE_ERRNO_H 1
| #define HAVE_SYS_SOCKET_H 1
| #define HAVE_SYS_TYPES_H 1
| #define HAVE_TIME_H 1
| #define HAVE_NET_IF_H 1
| #define HAVE_LINUX_IF_ADDR_H 1
| #define NEED_EARLY_FORK 1
| #define HAVE_ARPA_NAMESER_H 1
| #define HAVE_SYS_PARAM_H 1
| #define HAVE_SYS_TIME_H 1
| #define HAVE_NETINET_IN_SYSTM_H 1
| #define HAVE_NETINET_IN_H 1
| #define HAVE_RESOLV_H 1
| #define HAVE_NETINET_IP_H 1
| #define HAVE_RECVMSG 1
| #define HAVE_INLINE 1
| #define SIZEOF_TIME_T 8
| #define SIZEOF_SIGNED_CHAR 1
| #define HAVE_LONG_LONG 1
| #define SIZEOF_SHORT 2
| #define SIZEOF_INT 4
| #define SIZEOF_LONG 8
| #define SIZEOF_LONG_LONG 8
| #define NEED_S_CHAR_TYPEDEF 1
| #define DEBUG 1
| #define HAVE_SEMAPHORE_H 1
| #define HAVE_SOCKETPAIR 1
| #define HAVE_PTHREAD_H 1
| #define HAVE_PTHREADS 10
| #define HAVE_SCHED_H 1
| #define HAVE_SCHED_YIELD 1
| #define HAVE_PTHREAD_KILL 1
| #define HAVE_PTHREAD_RWLOCK_DESTROY 1
| #define HAVE_PTHREAD_DETACH 1
| #define HAVE_PTHREAD_SETCONCURRENCY 1
| #define HAVE_PTHREAD_GETCONCURRENCY 1
| #define HAVE_YIELDING_SELECT 1
| #define REENTRANT 1
| #define _REENTRANT 1
| #define THREAD_SAFE 1
| #define _THREAD_SAFE 1
| #define THREADSAFE 1
| #define _THREADSAFE 1
| #define _SGI_MP_SOURCE 1
| #define LDAP_API_FEATURE_X_OPENLDAP_THREAD_SAFE 1
| #define HAVE_SEM_TIMEDWAIT 1
| #define SIZEOF_PTHREAD_T 8
| #define ISC_PLATFORM_USETHREADS 1
| #define HAVE_SIGWAIT 1
| #define HAVE_PTHREAD_ATTR_GETSTACKSIZE 1
| #define HAVE_PTHREAD_ATTR_SETSTACKSIZE 1
| #define HAVE_SYSCONF 1
| #define HAVE_LINUXTHREADS 1
| #define VSNPRINTF_PERCENT_M 1
| #define HAVE_SYS_CAPABILITY_H 1
| #define HAVE_SYS_PRCTL_H 1
| #define HAVE_LINUX_CAPABILITIES 1
| #define HAVE_DROPROOT 1
| #define HAVE_SYS_TYPES_H 1
| #define HAVE_NETINET_IN_H 1
| #define HAVE_ARPA_NAMESER_H 1
| #define HAVE_NETDB_H 1
| #define HAVE_RESOLV_H 1
| #define HAVE___RES_INIT 1
| /* end confdefs.h.  */
| #include <stddef.h>
| #ifdef HAVE_STDIO_H
| # include <stdio.h>
| #endif
| #ifdef HAVE_STDLIB_H
| # include <stdlib.h>
| #endif
| #ifdef HAVE_STRING_H
| # include <string.h>
| #endif
| #ifdef HAVE_INTTYPES_H
| # include <inttypes.h>
| #endif
| #ifdef HAVE_STDINT_H
| # include <stdint.h>
| #endif
| #ifdef HAVE_STRINGS_H
| # include <strings.h>
| #endif
| #ifdef HAVE_SYS_TYPES_H
| # include <sys/types.h>
| #endif
| #ifdef HAVE_SYS_STAT_H
| # include <sys/stat.h>
| #endif
| #ifdef HAVE_UNISTD_H
| # include <unistd.h>
| #endif
| int
| main (void)
| {
| if (sizeof ((uintptr_t)))
| 	    return 0;
|   ;
|   return 0;
| }
configure:16386: result: yes
configure:16394: checking for int32
configure:16394: cc -c -march=x86-64 -mtune=generic -O2 -pipe -fno-plt -fexceptions         -Wp,-D_FORTIFY_SOURCE=3 -Wformat -Werror=format-security         -fstack-clash-protection -fcf-protection         -fno-omit-frame-pointer -mno-omit-leaf-frame-pointer -Wno-incompatible-pointer-types -g -ffile-prefix-map=/home/esteban/Escritorio/hack_the_box/machines/administrator/tools/ntpdate/src=/usr/src/debug/ntpdate -flto=auto  conftest.c >&5
conftest.c: In function 'main':
conftest.c:163:13: error: 'int32' undeclared (first use in this function); did you mean 'int32_t'?
  163 | if (sizeof (int32))
      |             ^~~~~
      |             int32_t
conftest.c:163:13: note: each undeclared identifier is reported only once for each function it appears in
configure:16394: $? = 1
configure: failed program was:
| /* confdefs.h */
| #define PACKAGE_NAME "sntp"
| #define PACKAGE_TARNAME "sntp"
| #define PACKAGE_VERSION "4.2.8p18"
| #define PACKAGE_STRING "sntp 4.2.8p18"
| #define PACKAGE_BUGREPORT "https://bugs.ntp.org/"
| #define PACKAGE_URL "https://www.ntp.org/"
| #define PACKAGE "sntp"
| #define VERSION "4.2.8p18"
| #define STR_SYSTEM "x86_64-pc-linux-gnu"
| #define HAVE_STDIO_H 1
| #define HAVE_STDLIB_H 1
| #define HAVE_STRING_H 1
| #define HAVE_INTTYPES_H 1
| #define HAVE_STDINT_H 1
| #define HAVE_STRINGS_H 1
| #define HAVE_SYS_STAT_H 1
| #define HAVE_SYS_TYPES_H 1
| #define HAVE_UNISTD_H 1
| #define HAVE_WCHAR_H 1
| #define HAVE_STDARG_H 1
| #define STDC_HEADERS 1
| #define _ALL_SOURCE 1
| #define _DARWIN_C_SOURCE 1
| #define _GNU_SOURCE 1
| #define _HPUX_ALT_XOPEN_SOCKET_API 1
| #define _NETBSD_SOURCE 1
| #define _OPENBSD_SOURCE 1
| #define _POSIX_PTHREAD_SEMANTICS 1
| #define __STDC_WANT_IEC_60559_ATTRIBS_EXT__ 1
| #define __STDC_WANT_IEC_60559_BFP_EXT__ 1
| #define __STDC_WANT_IEC_60559_DFP_EXT__ 1
| #define __STDC_WANT_IEC_60559_EXT__ 1
| #define __STDC_WANT_IEC_60559_FUNCS_EXT__ 1
| #define __STDC_WANT_IEC_60559_TYPES_EXT__ 1
| #define __STDC_WANT_LIB_EXT2__ 1
| #define __STDC_WANT_MATH_SPEC_FUNCS__ 1
| #define _TANDEM_SOURCE 1
| #define __EXTENSIONS__ 1
| #define HAVE___ATTRIBUTE__ /**/
| #define HAVE_FORK 1
| #define HAVE_VFORK 1
| #define HAVE_VPRINTF 1
| #define HAVE_DECL_STRERROR_R 1
| #define HAVE_UNSIGNED_LONG_LONG_INT 1
| #define HAVE_VSNPRINTF 1
| #define HAVE_SNPRINTF 1
| #define DIR_SEP '/'
| #define HAVE_READLINE_READLINE_H 1
| #define HAVE_HISTEDIT_H 1
| #define HAVE_READLINE_HISTORY_H 1
| #define EL_INIT_ARGS 4
| #define HAVE_READLINE_HISTORY 1
| #define HAVE_WORKING_VFORK 1
| #define HAVE_WORKING_FORK 1
| #define HAVE_ALLOCA_H 1
| #define HAVE_ALLOCA 1
| #define HAVE_STRERROR_R 1
| #define STRERROR_R_CHAR_P 1
| #define HAVE_CLOCK_GETRES 1
| #define HAVE_CLOCK_GETTIME 1
| #define HAVE_CLOCK_SETTIME 1
| #define HAVE_TIMEGM 1
| #define HAVE_STRLCPY 1
| #define HAVE_STRLCAT 1
| #define HAVE_ERRNO_H 1
| #define HAVE_SYS_SOCKET_H 1
| #define HAVE_SYS_TYPES_H 1
| #define HAVE_TIME_H 1
| #define HAVE_NET_IF_H 1
| #define HAVE_LINUX_IF_ADDR_H 1
| #define NEED_EARLY_FORK 1
| #define HAVE_ARPA_NAMESER_H 1
| #define HAVE_SYS_PARAM_H 1
| #define HAVE_SYS_TIME_H 1
| #define HAVE_NETINET_IN_SYSTM_H 1
| #define HAVE_NETINET_IN_H 1
| #define HAVE_RESOLV_H 1
| #define HAVE_NETINET_IP_H 1
| #define HAVE_RECVMSG 1
| #define HAVE_INLINE 1
| #define SIZEOF_TIME_T 8
| #define SIZEOF_SIGNED_CHAR 1
| #define HAVE_LONG_LONG 1
| #define SIZEOF_SHORT 2
| #define SIZEOF_INT 4
| #define SIZEOF_LONG 8
| #define SIZEOF_LONG_LONG 8
| #define NEED_S_CHAR_TYPEDEF 1
| #define DEBUG 1
| #define HAVE_SEMAPHORE_H 1
| #define HAVE_SOCKETPAIR 1
| #define HAVE_PTHREAD_H 1
| #define HAVE_PTHREADS 10
| #define HAVE_SCHED_H 1
| #define HAVE_SCHED_YIELD 1
| #define HAVE_PTHREAD_KILL 1
| #define HAVE_PTHREAD_RWLOCK_DESTROY 1
| #define HAVE_PTHREAD_DETACH 1
| #define HAVE_PTHREAD_SETCONCURRENCY 1
| #define HAVE_PTHREAD_GETCONCURRENCY 1
| #define HAVE_YIELDING_SELECT 1
| #define REENTRANT 1
| #define _REENTRANT 1
| #define THREAD_SAFE 1
| #define _THREAD_SAFE 1
| #define THREADSAFE 1
| #define _THREADSAFE 1
| #define _SGI_MP_SOURCE 1
| #define LDAP_API_FEATURE_X_OPENLDAP_THREAD_SAFE 1
| #define HAVE_SEM_TIMEDWAIT 1
| #define SIZEOF_PTHREAD_T 8
| #define ISC_PLATFORM_USETHREADS 1
| #define HAVE_SIGWAIT 1
| #define HAVE_PTHREAD_ATTR_GETSTACKSIZE 1
| #define HAVE_PTHREAD_ATTR_SETSTACKSIZE 1
| #define HAVE_SYSCONF 1
| #define HAVE_LINUXTHREADS 1
| #define VSNPRINTF_PERCENT_M 1
| #define HAVE_SYS_CAPABILITY_H 1
| #define HAVE_SYS_PRCTL_H 1
| #define HAVE_LINUX_CAPABILITIES 1
| #define HAVE_DROPROOT 1
| #define HAVE_SYS_TYPES_H 1
| #define HAVE_NETINET_IN_H 1
| #define HAVE_ARPA_NAMESER_H 1
| #define HAVE_NETDB_H 1
| #define HAVE_RESOLV_H 1
| #define HAVE___RES_INIT 1
| #define HAVE_UINTPTR_T 1
| /* end confdefs.h.  */
| #include <stddef.h>
| #ifdef HAVE_STDIO_H
| # include <stdio.h>
| #endif
| #ifdef HAVE_STDLIB_H
| # include <stdlib.h>
| #endif
| #ifdef HAVE_STRING_H
| # include <string.h>
| #endif
| #ifdef HAVE_INTTYPES_H
| # include <inttypes.h>
| #endif
| #ifdef HAVE_STDINT_H
| # include <stdint.h>
| #endif
| #ifdef HAVE_STRINGS_H
| # include <strings.h>
| #endif
| #ifdef HAVE_SYS_TYPES_H
| # include <sys/types.h>
| #endif
| #ifdef HAVE_SYS_STAT_H
| # include <sys/stat.h>
| #endif
| #ifdef HAVE_UNISTD_H
| # include <unistd.h>
| #endif
| int
| main (void)
| {
| if (sizeof (int32))
| 	 return 0;
|   ;
|   return 0;
| }
configure:16394: result: no
configure:16402: checking for u_int32
configure:16402: cc -c -march=x86-64 -mtune=generic -O2 -pipe -fno-plt -fexceptions         -Wp,-D_FORTIFY_SOURCE=3 -Wformat -Werror=format-security         -fstack-clash-protection -fcf-protection         -fno-omit-frame-pointer -mno-omit-leaf-frame-pointer -Wno-incompatible-pointer-types -g -ffile-prefix-map=/home/esteban/Escritorio/hack_the_box/machines/administrator/tools/ntpdate/src=/usr/src/debug/ntpdate -flto=auto  conftest.c >&5
conftest.c: In function 'main':
conftest.c:163:13: error: 'u_int32' undeclared (first use in this function); did you mean 'u_int32_t'?
  163 | if (sizeof (u_int32))
      |             ^~~~~~~
      |             u_int32_t
conftest.c:163:13: note: each undeclared identifier is reported only once for each function it appears in
configure:16402: $? = 1
configure: failed program was:
| /* confdefs.h */
| #define PACKAGE_NAME "sntp"
| #define PACKAGE_TARNAME "sntp"
| #define PACKAGE_VERSION "4.2.8p18"
| #define PACKAGE_STRING "sntp 4.2.8p18"
| #define PACKAGE_BUGREPORT "https://bugs.ntp.org/"
| #define PACKAGE_URL "https://www.ntp.org/"
| #define PACKAGE "sntp"
| #define VERSION "4.2.8p18"
| #define STR_SYSTEM "x86_64-pc-linux-gnu"
| #define HAVE_STDIO_H 1
| #define HAVE_STDLIB_H 1
| #define HAVE_STRING_H 1
| #define HAVE_INTTYPES_H 1
| #define HAVE_STDINT_H 1
| #define HAVE_STRINGS_H 1
| #define HAVE_SYS_STAT_H 1
| #define HAVE_SYS_TYPES_H 1
| #define HAVE_UNISTD_H 1
| #define HAVE_WCHAR_H 1
| #define HAVE_STDARG_H 1
| #define STDC_HEADERS 1
| #define _ALL_SOURCE 1
| #define _DARWIN_C_SOURCE 1
| #define _GNU_SOURCE 1
| #define _HPUX_ALT_XOPEN_SOCKET_API 1
| #define _NETBSD_SOURCE 1
| #define _OPENBSD_SOURCE 1
| #define _POSIX_PTHREAD_SEMANTICS 1
| #define __STDC_WANT_IEC_60559_ATTRIBS_EXT__ 1
| #define __STDC_WANT_IEC_60559_BFP_EXT__ 1
| #define __STDC_WANT_IEC_60559_DFP_EXT__ 1
| #define __STDC_WANT_IEC_60559_EXT__ 1
| #define __STDC_WANT_IEC_60559_FUNCS_EXT__ 1
| #define __STDC_WANT_IEC_60559_TYPES_EXT__ 1
| #define __STDC_WANT_LIB_EXT2__ 1
| #define __STDC_WANT_MATH_SPEC_FUNCS__ 1
| #define _TANDEM_SOURCE 1
| #define __EXTENSIONS__ 1
| #define HAVE___ATTRIBUTE__ /**/
| #define HAVE_FORK 1
| #define HAVE_VFORK 1
| #define HAVE_VPRINTF 1
| #define HAVE_DECL_STRERROR_R 1
| #define HAVE_UNSIGNED_LONG_LONG_INT 1
| #define HAVE_VSNPRINTF 1
| #define HAVE_SNPRINTF 1
| #define DIR_SEP '/'
| #define HAVE_READLINE_READLINE_H 1
| #define HAVE_HISTEDIT_H 1
| #define HAVE_READLINE_HISTORY_H 1
| #define EL_INIT_ARGS 4
| #define HAVE_READLINE_HISTORY 1
| #define HAVE_WORKING_VFORK 1
| #define HAVE_WORKING_FORK 1
| #define HAVE_ALLOCA_H 1
| #define HAVE_ALLOCA 1
| #define HAVE_STRERROR_R 1
| #define STRERROR_R_CHAR_P 1
| #define HAVE_CLOCK_GETRES 1
| #define HAVE_CLOCK_GETTIME 1
| #define HAVE_CLOCK_SETTIME 1
| #define HAVE_TIMEGM 1
| #define HAVE_STRLCPY 1
| #define HAVE_STRLCAT 1
| #define HAVE_ERRNO_H 1
| #define HAVE_SYS_SOCKET_H 1
| #define HAVE_SYS_TYPES_H 1
| #define HAVE_TIME_H 1
| #define HAVE_NET_IF_H 1
| #define HAVE_LINUX_IF_ADDR_H 1
| #define NEED_EARLY_FORK 1
| #define HAVE_ARPA_NAMESER_H 1
| #define HAVE_SYS_PARAM_H 1
| #define HAVE_SYS_TIME_H 1
| #define HAVE_NETINET_IN_SYSTM_H 1
| #define HAVE_NETINET_IN_H 1
| #define HAVE_RESOLV_H 1
| #define HAVE_NETINET_IP_H 1
| #define HAVE_RECVMSG 1
| #define HAVE_INLINE 1
| #define SIZEOF_TIME_T 8
| #define SIZEOF_SIGNED_CHAR 1
| #define HAVE_LONG_LONG 1
| #define SIZEOF_SHORT 2
| #define SIZEOF_INT 4
| #define SIZEOF_LONG 8
| #define SIZEOF_LONG_LONG 8
| #define NEED_S_CHAR_TYPEDEF 1
| #define DEBUG 1
| #define HAVE_SEMAPHORE_H 1
| #define HAVE_SOCKETPAIR 1
| #define HAVE_PTHREAD_H 1
| #define HAVE_PTHREADS 10
| #define HAVE_SCHED_H 1
| #define HAVE_SCHED_YIELD 1
| #define HAVE_PTHREAD_KILL 1
| #define HAVE_PTHREAD_RWLOCK_DESTROY 1
| #define HAVE_PTHREAD_DETACH 1
| #define HAVE_PTHREAD_SETCONCURRENCY 1
| #define HAVE_PTHREAD_GETCONCURRENCY 1
| #define HAVE_YIELDING_SELECT 1
| #define REENTRANT 1
| #define _REENTRANT 1
| #define THREAD_SAFE 1
| #define _THREAD_SAFE 1
| #define THREADSAFE 1
| #define _THREADSAFE 1
| #define _SGI_MP_SOURCE 1
| #define LDAP_API_FEATURE_X_OPENLDAP_THREAD_SAFE 1
| #define HAVE_SEM_TIMEDWAIT 1
| #define SIZEOF_PTHREAD_T 8
| #define ISC_PLATFORM_USETHREADS 1
| #define HAVE_SIGWAIT 1
| #define HAVE_PTHREAD_ATTR_GETSTACKSIZE 1
| #define HAVE_PTHREAD_ATTR_SETSTACKSIZE 1
| #define HAVE_SYSCONF 1
| #define HAVE_LINUXTHREADS 1
| #define VSNPRINTF_PERCENT_M 1
| #define HAVE_SYS_CAPABILITY_H 1
| #define HAVE_SYS_PRCTL_H 1
| #define HAVE_LINUX_CAPABILITIES 1
| #define HAVE_DROPROOT 1
| #define HAVE_SYS_TYPES_H 1
| #define HAVE_NETINET_IN_H 1
| #define HAVE_ARPA_NAMESER_H 1
| #define HAVE_NETDB_H 1
| #define HAVE_RESOLV_H 1
| #define HAVE___RES_INIT 1
| #define HAVE_UINTPTR_T 1
| /* end confdefs.h.  */
| #include <stddef.h>
| #ifdef HAVE_STDIO_H
| # include <stdio.h>
| #endif
| #ifdef HAVE_STDLIB_H
| # include <stdlib.h>
| #endif
| #ifdef HAVE_STRING_H
| # include <string.h>
| #endif
| #ifdef HAVE_INTTYPES_H
| # include <inttypes.h>
| #endif
| #ifdef HAVE_STDINT_H
| # include <stdint.h>
| #endif
| #ifdef HAVE_STRINGS_H
| # include <strings.h>
| #endif
| #ifdef HAVE_SYS_TYPES_H
| # include <sys/types.h>
| #endif
| #ifdef HAVE_SYS_STAT_H
| # include <sys/stat.h>
| #endif
| #ifdef HAVE_UNISTD_H
| # include <unistd.h>
| #endif
| int
| main (void)
| {
| if (sizeof (u_int32))
| 	 return 0;
|   ;
|   return 0;
| }
configure:16402: result: no
configure:16414: checking for sys/timepps.h
configure:16414: cc -c -march=x86-64 -mtune=generic -O2 -pipe -fno-plt -fexceptions         -Wp,-D_FORTIFY_SOURCE=3 -Wformat -Werror=format-security         -fstack-clash-protection -fcf-protection         -fno-omit-frame-pointer -mno-omit-leaf-frame-pointer -Wno-incompatible-pointer-types -g -ffile-prefix-map=/home/esteban/Escritorio/hack_the_box/machines/administrator/tools/ntpdate/src=/usr/src/debug/ntpdate -flto=auto  conftest.c >&5
conftest.c:142:10: fatal error: sys/timepps.h: No such file or directory
  142 | #include <sys/timepps.h>
      |          ^~~~~~~~~~~~~~~
compilation terminated.
configure:16414: $? = 1
configure: failed program was:
| /* confdefs.h */
| #define PACKAGE_NAME "sntp"
| #define PACKAGE_TARNAME "sntp"
| #define PACKAGE_VERSION "4.2.8p18"
| #define PACKAGE_STRING "sntp 4.2.8p18"
| #define PACKAGE_BUGREPORT "https://bugs.ntp.org/"
| #define PACKAGE_URL "https://www.ntp.org/"
| #define PACKAGE "sntp"
| #define VERSION "4.2.8p18"
| #define STR_SYSTEM "x86_64-pc-linux-gnu"
| #define HAVE_STDIO_H 1
| #define HAVE_STDLIB_H 1
| #define HAVE_STRING_H 1
| #define HAVE_INTTYPES_H 1
| #define HAVE_STDINT_H 1
| #define HAVE_STRINGS_H 1
| #define HAVE_SYS_STAT_H 1
| #define HAVE_SYS_TYPES_H 1
| #define HAVE_UNISTD_H 1
| #define HAVE_WCHAR_H 1
| #define HAVE_STDARG_H 1
| #define STDC_HEADERS 1
| #define _ALL_SOURCE 1
| #define _DARWIN_C_SOURCE 1
| #define _GNU_SOURCE 1
| #define _HPUX_ALT_XOPEN_SOCKET_API 1
| #define _NETBSD_SOURCE 1
| #define _OPENBSD_SOURCE 1
| #define _POSIX_PTHREAD_SEMANTICS 1
| #define __STDC_WANT_IEC_60559_ATTRIBS_EXT__ 1
| #define __STDC_WANT_IEC_60559_BFP_EXT__ 1
| #define __STDC_WANT_IEC_60559_DFP_EXT__ 1
| #define __STDC_WANT_IEC_60559_EXT__ 1
| #define __STDC_WANT_IEC_60559_FUNCS_EXT__ 1
| #define __STDC_WANT_IEC_60559_TYPES_EXT__ 1
| #define __STDC_WANT_LIB_EXT2__ 1
| #define __STDC_WANT_MATH_SPEC_FUNCS__ 1
| #define _TANDEM_SOURCE 1
| #define __EXTENSIONS__ 1
| #define HAVE___ATTRIBUTE__ /**/
| #define HAVE_FORK 1
| #define HAVE_VFORK 1
| #define HAVE_VPRINTF 1
| #define HAVE_DECL_STRERROR_R 1
| #define HAVE_UNSIGNED_LONG_LONG_INT 1
| #define HAVE_VSNPRINTF 1
| #define HAVE_SNPRINTF 1
| #define DIR_SEP '/'
| #define HAVE_READLINE_READLINE_H 1
| #define HAVE_HISTEDIT_H 1
| #define HAVE_READLINE_HISTORY_H 1
| #define EL_INIT_ARGS 4
| #define HAVE_READLINE_HISTORY 1
| #define HAVE_WORKING_VFORK 1
| #define HAVE_WORKING_FORK 1
| #define HAVE_ALLOCA_H 1
| #define HAVE_ALLOCA 1
| #define HAVE_STRERROR_R 1
| #define STRERROR_R_CHAR_P 1
| #define HAVE_CLOCK_GETRES 1
| #define HAVE_CLOCK_GETTIME 1
| #define HAVE_CLOCK_SETTIME 1
| #define HAVE_TIMEGM 1
| #define HAVE_STRLCPY 1
| #define HAVE_STRLCAT 1
| #define HAVE_ERRNO_H 1
| #define HAVE_SYS_SOCKET_H 1
| #define HAVE_SYS_TYPES_H 1
| #define HAVE_TIME_H 1
| #define HAVE_NET_IF_H 1
| #define HAVE_LINUX_IF_ADDR_H 1
| #define NEED_EARLY_FORK 1
| #define HAVE_ARPA_NAMESER_H 1
| #define HAVE_SYS_PARAM_H 1
| #define HAVE_SYS_TIME_H 1
| #define HAVE_NETINET_IN_SYSTM_H 1
| #define HAVE_NETINET_IN_H 1
| #define HAVE_RESOLV_H 1
| #define HAVE_NETINET_IP_H 1
| #define HAVE_RECVMSG 1
| #define HAVE_INLINE 1
| #define SIZEOF_TIME_T 8
| #define SIZEOF_SIGNED_CHAR 1
| #define HAVE_LONG_LONG 1
| #define SIZEOF_SHORT 2
| #define SIZEOF_INT 4
| #define SIZEOF_LONG 8
| #define SIZEOF_LONG_LONG 8
| #define NEED_S_CHAR_TYPEDEF 1
| #define DEBUG 1
| #define HAVE_SEMAPHORE_H 1
| #define HAVE_SOCKETPAIR 1
| #define HAVE_PTHREAD_H 1
| #define HAVE_PTHREADS 10
| #define HAVE_SCHED_H 1
| #define HAVE_SCHED_YIELD 1
| #define HAVE_PTHREAD_KILL 1
| #define HAVE_PTHREAD_RWLOCK_DESTROY 1
| #define HAVE_PTHREAD_DETACH 1
| #define HAVE_PTHREAD_SETCONCURRENCY 1
| #define HAVE_PTHREAD_GETCONCURRENCY 1
| #define HAVE_YIELDING_SELECT 1
| #define REENTRANT 1
| #define _REENTRANT 1
| #define THREAD_SAFE 1
| #define _THREAD_SAFE 1
| #define THREADSAFE 1
| #define _THREADSAFE 1
| #define _SGI_MP_SOURCE 1
| #define LDAP_API_FEATURE_X_OPENLDAP_THREAD_SAFE 1
| #define HAVE_SEM_TIMEDWAIT 1
| #define SIZEOF_PTHREAD_T 8
| #define ISC_PLATFORM_USETHREADS 1
| #define HAVE_SIGWAIT 1
| #define HAVE_PTHREAD_ATTR_GETSTACKSIZE 1
| #define HAVE_PTHREAD_ATTR_SETSTACKSIZE 1
| #define HAVE_SYSCONF 1
| #define HAVE_LINUXTHREADS 1
| #define VSNPRINTF_PERCENT_M 1
| #define HAVE_SYS_CAPABILITY_H 1
| #define HAVE_SYS_PRCTL_H 1
| #define HAVE_LINUX_CAPABILITIES 1
| #define HAVE_DROPROOT 1
| #define HAVE_SYS_TYPES_H 1
| #define HAVE_NETINET_IN_H 1
| #define HAVE_ARPA_NAMESER_H 1
| #define HAVE_NETDB_H 1
| #define HAVE_RESOLV_H 1
| #define HAVE___RES_INIT 1
| #define HAVE_UINTPTR_T 1
| /* end confdefs.h.  */
| 
| 	#ifdef HAVE_SYS_TIME_H
| 	# include <sys/time.h>
| 	#endif
| 	#ifdef HAVE_ERRNO_H
| 	# include <errno.h>
| 	#endif
| 
| 
| 
| #include <sys/timepps.h>
configure:16414: result: no
configure:16431: checking for struct timespec
configure:16462: cc -c -march=x86-64 -mtune=generic -O2 -pipe -fno-plt -fexceptions         -Wp,-D_FORTIFY_SOURCE=3 -Wformat -Werror=format-security         -fstack-clash-protection -fcf-protection         -fno-omit-frame-pointer -mno-omit-leaf-frame-pointer -Wno-incompatible-pointer-types -g -ffile-prefix-map=/home/esteban/Escritorio/hack_the_box/machines/administrator/tools/ntpdate/src=/usr/src/debug/ntpdate -flto=auto  conftest.c >&5
configure:16462: $? = 0
configure:16474: result: yes
configure:16483: checking for struct ntptimeval
configure:16506: cc -c -march=x86-64 -mtune=generic -O2 -pipe -fno-plt -fexceptions         -Wp,-D_FORTIFY_SOURCE=3 -Wformat -Werror=format-security         -fstack-clash-protection -fcf-protection         -fno-omit-frame-pointer -mno-omit-leaf-frame-pointer -Wno-incompatible-pointer-types -g -ffile-prefix-map=/home/esteban/Escritorio/hack_the_box/machines/administrator/tools/ntpdate/src=/usr/src/debug/ntpdate -flto=auto  conftest.c >&5
configure:16506: $? = 0
configure:16518: result: yes
configure:16527: checking for md5.h
configure:16527: cc -c -march=x86-64 -mtune=generic -O2 -pipe -fno-plt -fexceptions         -Wp,-D_FORTIFY_SOURCE=3 -Wformat -Werror=format-security         -fstack-clash-protection -fcf-protection         -fno-omit-frame-pointer -mno-omit-leaf-frame-pointer -Wno-incompatible-pointer-types -g -ffile-prefix-map=/home/esteban/Escritorio/hack_the_box/machines/administrator/tools/ntpdate/src=/usr/src/debug/ntpdate -flto=auto  conftest.c >&5
configure:16527: $? = 0
configure:16527: result: yes
configure:16541: checking for library containing MD5Init
configure:16577: cc -o conftest -march=x86-64 -mtune=generic -O2 -pipe -fno-plt -fexceptions         -Wp,-D_FORTIFY_SOURCE=3 -Wformat -Werror=format-security         -fstack-clash-protection -fcf-protection         -fno-omit-frame-pointer -mno-omit-leaf-frame-pointer -Wno-incompatible-pointer-types -g -ffile-prefix-map=/home/esteban/Escritorio/hack_the_box/machines/administrator/tools/ntpdate/src=/usr/src/debug/ntpdate -flto=auto  -Wl,-O1 -Wl,--sort-common -Wl,--as-needed -Wl,-z,relro -Wl,-z,now          -Wl,-z,pack-relative-relocs -flto=auto conftest.c  -lcap >&5
/usr/bin/ld: /tmp/cccfSuiS.ltrans0.ltrans.o: in function `main':
/usr/src/debug/ntpdate/ntp-4.2.8p18/sntp/conftest.c:149:(.text.startup+0xa): undefined reference to `MD5Init'
collect2: error: ld returned 1 exit status
configure:16577: $? = 1
configure: failed program was:
| /* confdefs.h */
| #define PACKAGE_NAME "sntp"
| #define PACKAGE_TARNAME "sntp"
| #define PACKAGE_VERSION "4.2.8p18"
| #define PACKAGE_STRING "sntp 4.2.8p18"
| #define PACKAGE_BUGREPORT "https://bugs.ntp.org/"
| #define PACKAGE_URL "https://www.ntp.org/"
| #define PACKAGE "sntp"
| #define VERSION "4.2.8p18"
| #define STR_SYSTEM "x86_64-pc-linux-gnu"
| #define HAVE_STDIO_H 1
| #define HAVE_STDLIB_H 1
| #define HAVE_STRING_H 1
| #define HAVE_INTTYPES_H 1
| #define HAVE_STDINT_H 1
| #define HAVE_STRINGS_H 1
| #define HAVE_SYS_STAT_H 1
| #define HAVE_SYS_TYPES_H 1
| #define HAVE_UNISTD_H 1
| #define HAVE_WCHAR_H 1
| #define HAVE_STDARG_H 1
| #define STDC_HEADERS 1
| #define _ALL_SOURCE 1
| #define _DARWIN_C_SOURCE 1
| #define _GNU_SOURCE 1
| #define _HPUX_ALT_XOPEN_SOCKET_API 1
| #define _NETBSD_SOURCE 1
| #define _OPENBSD_SOURCE 1
| #define _POSIX_PTHREAD_SEMANTICS 1
| #define __STDC_WANT_IEC_60559_ATTRIBS_EXT__ 1
| #define __STDC_WANT_IEC_60559_BFP_EXT__ 1
| #define __STDC_WANT_IEC_60559_DFP_EXT__ 1
| #define __STDC_WANT_IEC_60559_EXT__ 1
| #define __STDC_WANT_IEC_60559_FUNCS_EXT__ 1
| #define __STDC_WANT_IEC_60559_TYPES_EXT__ 1
| #define __STDC_WANT_LIB_EXT2__ 1
| #define __STDC_WANT_MATH_SPEC_FUNCS__ 1
| #define _TANDEM_SOURCE 1
| #define __EXTENSIONS__ 1
| #define HAVE___ATTRIBUTE__ /**/
| #define HAVE_FORK 1
| #define HAVE_VFORK 1
| #define HAVE_VPRINTF 1
| #define HAVE_DECL_STRERROR_R 1
| #define HAVE_UNSIGNED_LONG_LONG_INT 1
| #define HAVE_VSNPRINTF 1
| #define HAVE_SNPRINTF 1
| #define DIR_SEP '/'
| #define HAVE_READLINE_READLINE_H 1
| #define HAVE_HISTEDIT_H 1
| #define HAVE_READLINE_HISTORY_H 1
| #define EL_INIT_ARGS 4
| #define HAVE_READLINE_HISTORY 1
| #define HAVE_WORKING_VFORK 1
| #define HAVE_WORKING_FORK 1
| #define HAVE_ALLOCA_H 1
| #define HAVE_ALLOCA 1
| #define HAVE_STRERROR_R 1
| #define STRERROR_R_CHAR_P 1
| #define HAVE_CLOCK_GETRES 1
| #define HAVE_CLOCK_GETTIME 1
| #define HAVE_CLOCK_SETTIME 1
| #define HAVE_TIMEGM 1
| #define HAVE_STRLCPY 1
| #define HAVE_STRLCAT 1
| #define HAVE_ERRNO_H 1
| #define HAVE_SYS_SOCKET_H 1
| #define HAVE_SYS_TYPES_H 1
| #define HAVE_TIME_H 1
| #define HAVE_NET_IF_H 1
| #define HAVE_LINUX_IF_ADDR_H 1
| #define NEED_EARLY_FORK 1
| #define HAVE_ARPA_NAMESER_H 1
| #define HAVE_SYS_PARAM_H 1
| #define HAVE_SYS_TIME_H 1
| #define HAVE_NETINET_IN_SYSTM_H 1
| #define HAVE_NETINET_IN_H 1
| #define HAVE_RESOLV_H 1
| #define HAVE_NETINET_IP_H 1
| #define HAVE_RECVMSG 1
| #define HAVE_INLINE 1
| #define SIZEOF_TIME_T 8
| #define SIZEOF_SIGNED_CHAR 1
| #define HAVE_LONG_LONG 1
| #define SIZEOF_SHORT 2
| #define SIZEOF_INT 4
| #define SIZEOF_LONG 8
| #define SIZEOF_LONG_LONG 8
| #define NEED_S_CHAR_TYPEDEF 1
| #define DEBUG 1
| #define HAVE_SEMAPHORE_H 1
| #define HAVE_SOCKETPAIR 1
| #define HAVE_PTHREAD_H 1
| #define HAVE_PTHREADS 10
| #define HAVE_SCHED_H 1
| #define HAVE_SCHED_YIELD 1
| #define HAVE_PTHREAD_KILL 1
| #define HAVE_PTHREAD_RWLOCK_DESTROY 1
| #define HAVE_PTHREAD_DETACH 1
| #define HAVE_PTHREAD_SETCONCURRENCY 1
| #define HAVE_PTHREAD_GETCONCURRENCY 1
| #define HAVE_YIELDING_SELECT 1
| #define REENTRANT 1
| #define _REENTRANT 1
| #define THREAD_SAFE 1
| #define _THREAD_SAFE 1
| #define THREADSAFE 1
| #define _THREADSAFE 1
| #define _SGI_MP_SOURCE 1
| #define LDAP_API_FEATURE_X_OPENLDAP_THREAD_SAFE 1
| #define HAVE_SEM_TIMEDWAIT 1
| #define SIZEOF_PTHREAD_T 8
| #define ISC_PLATFORM_USETHREADS 1
| #define HAVE_SIGWAIT 1
| #define HAVE_PTHREAD_ATTR_GETSTACKSIZE 1
| #define HAVE_PTHREAD_ATTR_SETSTACKSIZE 1
| #define HAVE_SYSCONF 1
| #define HAVE_LINUXTHREADS 1
| #define VSNPRINTF_PERCENT_M 1
| #define HAVE_SYS_CAPABILITY_H 1
| #define HAVE_SYS_PRCTL_H 1
| #define HAVE_LINUX_CAPABILITIES 1
| #define HAVE_DROPROOT 1
| #define HAVE_SYS_TYPES_H 1
| #define HAVE_NETINET_IN_H 1
| #define HAVE_ARPA_NAMESER_H 1
| #define HAVE_NETDB_H 1
| #define HAVE_RESOLV_H 1
| #define HAVE___RES_INIT 1
| #define HAVE_UINTPTR_T 1
| #define HAVE_STRUCT_TIMESPEC 1
| #define HAVE_STRUCT_NTPTIMEVAL 1
| #define HAVE_MD5_H 1
| /* end confdefs.h.  */
| 
| /* Override any GCC internal prototype to avoid an error.
|    Use char because int might match the return type of a GCC
|    builtin and then its argument prototype would still apply.
|    The 'extern "C"' is for builds by C++ compilers;
|    although this is not generally supported in C code supporting it here
|    has little cost and some practical benefit (sr 110532).  */
| #ifdef __cplusplus
| extern "C"
| #endif
| char MD5Init (void);
| int
| main (void)
| {
| return MD5Init ();
|   ;
|   return 0;
| }
configure:16577: cc -o conftest -march=x86-64 -mtune=generic -O2 -pipe -fno-plt -fexceptions         -Wp,-D_FORTIFY_SOURCE=3 -Wformat -Werror=format-security         -fstack-clash-protection -fcf-protection         -fno-omit-frame-pointer -mno-omit-leaf-frame-pointer -Wno-incompatible-pointer-types -g -ffile-prefix-map=/home/esteban/Escritorio/hack_the_box/machines/administrator/tools/ntpdate/src=/usr/src/debug/ntpdate -flto=auto  -Wl,-O1 -Wl,--sort-common -Wl,--as-needed -Wl,-z,relro -Wl,-z,now          -Wl,-z,pack-relative-relocs -flto=auto conftest.c -lmd5   -lcap >&5
/usr/bin/ld: cannot find -lmd5: No such file or directory
collect2: error: ld returned 1 exit status
configure:16577: $? = 1
configure: failed program was:
| /* confdefs.h */
| #define PACKAGE_NAME "sntp"
| #define PACKAGE_TARNAME "sntp"
| #define PACKAGE_VERSION "4.2.8p18"
| #define PACKAGE_STRING "sntp 4.2.8p18"
| #define PACKAGE_BUGREPORT "https://bugs.ntp.org/"
| #define PACKAGE_URL "https://www.ntp.org/"
| #define PACKAGE "sntp"
| #define VERSION "4.2.8p18"
| #define STR_SYSTEM "x86_64-pc-linux-gnu"
| #define HAVE_STDIO_H 1
| #define HAVE_STDLIB_H 1
| #define HAVE_STRING_H 1
| #define HAVE_INTTYPES_H 1
| #define HAVE_STDINT_H 1
| #define HAVE_STRINGS_H 1
| #define HAVE_SYS_STAT_H 1
| #define HAVE_SYS_TYPES_H 1
| #define HAVE_UNISTD_H 1
| #define HAVE_WCHAR_H 1
| #define HAVE_STDARG_H 1
| #define STDC_HEADERS 1
| #define _ALL_SOURCE 1
| #define _DARWIN_C_SOURCE 1
| #define _GNU_SOURCE 1
| #define _HPUX_ALT_XOPEN_SOCKET_API 1
| #define _NETBSD_SOURCE 1
| #define _OPENBSD_SOURCE 1
| #define _POSIX_PTHREAD_SEMANTICS 1
| #define __STDC_WANT_IEC_60559_ATTRIBS_EXT__ 1
| #define __STDC_WANT_IEC_60559_BFP_EXT__ 1
| #define __STDC_WANT_IEC_60559_DFP_EXT__ 1
| #define __STDC_WANT_IEC_60559_EXT__ 1
| #define __STDC_WANT_IEC_60559_FUNCS_EXT__ 1
| #define __STDC_WANT_IEC_60559_TYPES_EXT__ 1
| #define __STDC_WANT_LIB_EXT2__ 1
| #define __STDC_WANT_MATH_SPEC_FUNCS__ 1
| #define _TANDEM_SOURCE 1
| #define __EXTENSIONS__ 1
| #define HAVE___ATTRIBUTE__ /**/
| #define HAVE_FORK 1
| #define HAVE_VFORK 1
| #define HAVE_VPRINTF 1
| #define HAVE_DECL_STRERROR_R 1
| #define HAVE_UNSIGNED_LONG_LONG_INT 1
| #define HAVE_VSNPRINTF 1
| #define HAVE_SNPRINTF 1
| #define DIR_SEP '/'
| #define HAVE_READLINE_READLINE_H 1
| #define HAVE_HISTEDIT_H 1
| #define HAVE_READLINE_HISTORY_H 1
| #define EL_INIT_ARGS 4
| #define HAVE_READLINE_HISTORY 1
| #define HAVE_WORKING_VFORK 1
| #define HAVE_WORKING_FORK 1
| #define HAVE_ALLOCA_H 1
| #define HAVE_ALLOCA 1
| #define HAVE_STRERROR_R 1
| #define STRERROR_R_CHAR_P 1
| #define HAVE_CLOCK_GETRES 1
| #define HAVE_CLOCK_GETTIME 1
| #define HAVE_CLOCK_SETTIME 1
| #define HAVE_TIMEGM 1
| #define HAVE_STRLCPY 1
| #define HAVE_STRLCAT 1
| #define HAVE_ERRNO_H 1
| #define HAVE_SYS_SOCKET_H 1
| #define HAVE_SYS_TYPES_H 1
| #define HAVE_TIME_H 1
| #define HAVE_NET_IF_H 1
| #define HAVE_LINUX_IF_ADDR_H 1
| #define NEED_EARLY_FORK 1
| #define HAVE_ARPA_NAMESER_H 1
| #define HAVE_SYS_PARAM_H 1
| #define HAVE_SYS_TIME_H 1
| #define HAVE_NETINET_IN_SYSTM_H 1
| #define HAVE_NETINET_IN_H 1
| #define HAVE_RESOLV_H 1
| #define HAVE_NETINET_IP_H 1
| #define HAVE_RECVMSG 1
| #define HAVE_INLINE 1
| #define SIZEOF_TIME_T 8
| #define SIZEOF_SIGNED_CHAR 1
| #define HAVE_LONG_LONG 1
| #define SIZEOF_SHORT 2
| #define SIZEOF_INT 4
| #define SIZEOF_LONG 8
| #define SIZEOF_LONG_LONG 8
| #define NEED_S_CHAR_TYPEDEF 1
| #define DEBUG 1
| #define HAVE_SEMAPHORE_H 1
| #define HAVE_SOCKETPAIR 1
| #define HAVE_PTHREAD_H 1
| #define HAVE_PTHREADS 10
| #define HAVE_SCHED_H 1
| #define HAVE_SCHED_YIELD 1
| #define HAVE_PTHREAD_KILL 1
| #define HAVE_PTHREAD_RWLOCK_DESTROY 1
| #define HAVE_PTHREAD_DETACH 1
| #define HAVE_PTHREAD_SETCONCURRENCY 1
| #define HAVE_PTHREAD_GETCONCURRENCY 1
| #define HAVE_YIELDING_SELECT 1
| #define REENTRANT 1
| #define _REENTRANT 1
| #define THREAD_SAFE 1
| #define _THREAD_SAFE 1
| #define THREADSAFE 1
| #define _THREADSAFE 1
| #define _SGI_MP_SOURCE 1
| #define LDAP_API_FEATURE_X_OPENLDAP_THREAD_SAFE 1
| #define HAVE_SEM_TIMEDWAIT 1
| #define SIZEOF_PTHREAD_T 8
| #define ISC_PLATFORM_USETHREADS 1
| #define HAVE_SIGWAIT 1
| #define HAVE_PTHREAD_ATTR_GETSTACKSIZE 1
| #define HAVE_PTHREAD_ATTR_SETSTACKSIZE 1
| #define HAVE_SYSCONF 1
| #define HAVE_LINUXTHREADS 1
| #define VSNPRINTF_PERCENT_M 1
| #define HAVE_SYS_CAPABILITY_H 1
| #define HAVE_SYS_PRCTL_H 1
| #define HAVE_LINUX_CAPABILITIES 1
| #define HAVE_DROPROOT 1
| #define HAVE_SYS_TYPES_H 1
| #define HAVE_NETINET_IN_H 1
| #define HAVE_ARPA_NAMESER_H 1
| #define HAVE_NETDB_H 1
| #define HAVE_RESOLV_H 1
| #define HAVE___RES_INIT 1
| #define HAVE_UINTPTR_T 1
| #define HAVE_STRUCT_TIMESPEC 1
| #define HAVE_STRUCT_NTPTIMEVAL 1
| #define HAVE_MD5_H 1
| /* end confdefs.h.  */
| 
| /* Override any GCC internal prototype to avoid an error.
|    Use char because int might match the return type of a GCC
|    builtin and then its argument prototype would still apply.
|    The 'extern "C"' is for builds by C++ compilers;
|    although this is not generally supported in C code supporting it here
|    has little cost and some practical benefit (sr 110532).  */
| #ifdef __cplusplus
| extern "C"
| #endif
| char MD5Init (void);
| int
| main (void)
| {
| return MD5Init ();
|   ;
|   return 0;
| }
configure:16577: cc -o conftest -march=x86-64 -mtune=generic -O2 -pipe -fno-plt -fexceptions         -Wp,-D_FORTIFY_SOURCE=3 -Wformat -Werror=format-security         -fstack-clash-protection -fcf-protection         -fno-omit-frame-pointer -mno-omit-leaf-frame-pointer -Wno-incompatible-pointer-types -g -ffile-prefix-map=/home/esteban/Escritorio/hack_the_box/machines/administrator/tools/ntpdate/src=/usr/src/debug/ntpdate -flto=auto  -Wl,-O1 -Wl,--sort-common -Wl,--as-needed -Wl,-z,relro -Wl,-z,now          -Wl,-z,pack-relative-relocs -flto=auto conftest.c -lmd   -lcap >&5
configure:16577: $? = 0
configure:16599: result: -lmd
configure:16608: checking for MD5Init
configure:16608: cc -o conftest -march=x86-64 -mtune=generic -O2 -pipe -fno-plt -fexceptions         -Wp,-D_FORTIFY_SOURCE=3 -Wformat -Werror=format-security         -fstack-clash-protection -fcf-protection         -fno-omit-frame-pointer -mno-omit-leaf-frame-pointer -Wno-incompatible-pointer-types -g -ffile-prefix-map=/home/esteban/Escritorio/hack_the_box/machines/administrator/tools/ntpdate/src=/usr/src/debug/ntpdate -flto=auto  -Wl,-O1 -Wl,--sort-common -Wl,--as-needed -Wl,-z,relro -Wl,-z,now          -Wl,-z,pack-relative-relocs -flto=auto conftest.c -lmd  -lcap >&5
configure:16608: $? = 0
configure:16608: result: yes
configure:16614: checking for sysconf
configure:16614: result: yes
configure:16620: checking for getdtablesize
configure:16620: cc -o conftest -march=x86-64 -mtune=generic -O2 -pipe -fno-plt -fexceptions         -Wp,-D_FORTIFY_SOURCE=3 -Wformat -Werror=format-security         -fstack-clash-protection -fcf-protection         -fno-omit-frame-pointer -mno-omit-leaf-frame-pointer -Wno-incompatible-pointer-types -g -ffile-prefix-map=/home/esteban/Escritorio/hack_the_box/machines/administrator/tools/ntpdate/src=/usr/src/debug/ntpdate -flto=auto  -Wl,-O1 -Wl,--sort-common -Wl,--as-needed -Wl,-z,relro -Wl,-z,now          -Wl,-z,pack-relative-relocs -flto=auto conftest.c -lmd  -lcap >&5
configure:16620: $? = 0
configure:16620: result: yes
configure:16626: checking for sigaction
configure:16626: cc -o conftest -march=x86-64 -mtune=generic -O2 -pipe -fno-plt -fexceptions         -Wp,-D_FORTIFY_SOURCE=3 -Wformat -Werror=format-security         -fstack-clash-protection -fcf-protection         -fno-omit-frame-pointer -mno-omit-leaf-frame-pointer -Wno-incompatible-pointer-types -g -ffile-prefix-map=/home/esteban/Escritorio/hack_the_box/machines/administrator/tools/ntpdate/src=/usr/src/debug/ntpdate -flto=auto  -Wl,-O1 -Wl,--sort-common -Wl,--as-needed -Wl,-z,relro -Wl,-z,now          -Wl,-z,pack-relative-relocs -flto=auto conftest.c -lmd  -lcap >&5
configure:16626: $? = 0
configure:16626: result: yes
configure:16632: checking for sigset
configure:16632: cc -o conftest -march=x86-64 -mtune=generic -O2 -pipe -fno-plt -fexceptions         -Wp,-D_FORTIFY_SOURCE=3 -Wformat -Werror=format-security         -fstack-clash-protection -fcf-protection         -fno-omit-frame-pointer -mno-omit-leaf-frame-pointer -Wno-incompatible-pointer-types -g -ffile-prefix-map=/home/esteban/Escritorio/hack_the_box/machines/administrator/tools/ntpdate/src=/usr/src/debug/ntpdate -flto=auto  -Wl,-O1 -Wl,--sort-common -Wl,--as-needed -Wl,-z,relro -Wl,-z,now          -Wl,-z,pack-relative-relocs -flto=auto conftest.c -lmd  -lcap >&5
configure:16632: $? = 0
configure:16632: result: yes
configure:16638: checking for sigvec
configure:16638: cc -o conftest -march=x86-64 -mtune=generic -O2 -pipe -fno-plt -fexceptions         -Wp,-D_FORTIFY_SOURCE=3 -Wformat -Werror=format-security         -fstack-clash-protection -fcf-protection         -fno-omit-frame-pointer -mno-omit-leaf-frame-pointer -Wno-incompatible-pointer-types -g -ffile-prefix-map=/home/esteban/Escritorio/hack_the_box/machines/administrator/tools/ntpdate/src=/usr/src/debug/ntpdate -flto=auto  -Wl,-O1 -Wl,--sort-common -Wl,--as-needed -Wl,-z,relro -Wl,-z,now          -Wl,-z,pack-relative-relocs -flto=auto conftest.c -lmd  -lcap >&5
/usr/bin/ld: /tmp/ccdTCeVV.ltrans0.ltrans.o: in function `main':
/usr/src/debug/ntpdate/ntp-4.2.8p18/sntp/conftest.c:167:(.text.startup+0xa): undefined reference to `sigvec'
collect2: error: ld returned 1 exit status
configure:16638: $? = 1
configure: failed program was:
| /* confdefs.h */
| #define PACKAGE_NAME "sntp"
| #define PACKAGE_TARNAME "sntp"
| #define PACKAGE_VERSION "4.2.8p18"
| #define PACKAGE_STRING "sntp 4.2.8p18"
| #define PACKAGE_BUGREPORT "https://bugs.ntp.org/"
| #define PACKAGE_URL "https://www.ntp.org/"
| #define PACKAGE "sntp"
| #define VERSION "4.2.8p18"
| #define STR_SYSTEM "x86_64-pc-linux-gnu"
| #define HAVE_STDIO_H 1
| #define HAVE_STDLIB_H 1
| #define HAVE_STRING_H 1
| #define HAVE_INTTYPES_H 1
| #define HAVE_STDINT_H 1
| #define HAVE_STRINGS_H 1
| #define HAVE_SYS_STAT_H 1
| #define HAVE_SYS_TYPES_H 1
| #define HAVE_UNISTD_H 1
| #define HAVE_WCHAR_H 1
| #define HAVE_STDARG_H 1
| #define STDC_HEADERS 1
| #define _ALL_SOURCE 1
| #define _DARWIN_C_SOURCE 1
| #define _GNU_SOURCE 1
| #define _HPUX_ALT_XOPEN_SOCKET_API 1
| #define _NETBSD_SOURCE 1
| #define _OPENBSD_SOURCE 1
| #define _POSIX_PTHREAD_SEMANTICS 1
| #define __STDC_WANT_IEC_60559_ATTRIBS_EXT__ 1
| #define __STDC_WANT_IEC_60559_BFP_EXT__ 1
| #define __STDC_WANT_IEC_60559_DFP_EXT__ 1
| #define __STDC_WANT_IEC_60559_EXT__ 1
| #define __STDC_WANT_IEC_60559_FUNCS_EXT__ 1
| #define __STDC_WANT_IEC_60559_TYPES_EXT__ 1
| #define __STDC_WANT_LIB_EXT2__ 1
| #define __STDC_WANT_MATH_SPEC_FUNCS__ 1
| #define _TANDEM_SOURCE 1
| #define __EXTENSIONS__ 1
| #define HAVE___ATTRIBUTE__ /**/
| #define HAVE_FORK 1
| #define HAVE_VFORK 1
| #define HAVE_VPRINTF 1
| #define HAVE_DECL_STRERROR_R 1
| #define HAVE_UNSIGNED_LONG_LONG_INT 1
| #define HAVE_VSNPRINTF 1
| #define HAVE_SNPRINTF 1
| #define DIR_SEP '/'
| #define HAVE_READLINE_READLINE_H 1
| #define HAVE_HISTEDIT_H 1
| #define HAVE_READLINE_HISTORY_H 1
| #define EL_INIT_ARGS 4
| #define HAVE_READLINE_HISTORY 1
| #define HAVE_WORKING_VFORK 1
| #define HAVE_WORKING_FORK 1
| #define HAVE_ALLOCA_H 1
| #define HAVE_ALLOCA 1
| #define HAVE_STRERROR_R 1
| #define STRERROR_R_CHAR_P 1
| #define HAVE_CLOCK_GETRES 1
| #define HAVE_CLOCK_GETTIME 1
| #define HAVE_CLOCK_SETTIME 1
| #define HAVE_TIMEGM 1
| #define HAVE_STRLCPY 1
| #define HAVE_STRLCAT 1
| #define HAVE_ERRNO_H 1
| #define HAVE_SYS_SOCKET_H 1
| #define HAVE_SYS_TYPES_H 1
| #define HAVE_TIME_H 1
| #define HAVE_NET_IF_H 1
| #define HAVE_LINUX_IF_ADDR_H 1
| #define NEED_EARLY_FORK 1
| #define HAVE_ARPA_NAMESER_H 1
| #define HAVE_SYS_PARAM_H 1
| #define HAVE_SYS_TIME_H 1
| #define HAVE_NETINET_IN_SYSTM_H 1
| #define HAVE_NETINET_IN_H 1
| #define HAVE_RESOLV_H 1
| #define HAVE_NETINET_IP_H 1
| #define HAVE_RECVMSG 1
| #define HAVE_INLINE 1
| #define SIZEOF_TIME_T 8
| #define SIZEOF_SIGNED_CHAR 1
| #define HAVE_LONG_LONG 1
| #define SIZEOF_SHORT 2
| #define SIZEOF_INT 4
| #define SIZEOF_LONG 8
| #define SIZEOF_LONG_LONG 8
| #define NEED_S_CHAR_TYPEDEF 1
| #define DEBUG 1
| #define HAVE_SEMAPHORE_H 1
| #define HAVE_SOCKETPAIR 1
| #define HAVE_PTHREAD_H 1
| #define HAVE_PTHREADS 10
| #define HAVE_SCHED_H 1
| #define HAVE_SCHED_YIELD 1
| #define HAVE_PTHREAD_KILL 1
| #define HAVE_PTHREAD_RWLOCK_DESTROY 1
| #define HAVE_PTHREAD_DETACH 1
| #define HAVE_PTHREAD_SETCONCURRENCY 1
| #define HAVE_PTHREAD_GETCONCURRENCY 1
| #define HAVE_YIELDING_SELECT 1
| #define REENTRANT 1
| #define _REENTRANT 1
| #define THREAD_SAFE 1
| #define _THREAD_SAFE 1
| #define THREADSAFE 1
| #define _THREADSAFE 1
| #define _SGI_MP_SOURCE 1
| #define LDAP_API_FEATURE_X_OPENLDAP_THREAD_SAFE 1
| #define HAVE_SEM_TIMEDWAIT 1
| #define SIZEOF_PTHREAD_T 8
| #define ISC_PLATFORM_USETHREADS 1
| #define HAVE_SIGWAIT 1
| #define HAVE_PTHREAD_ATTR_GETSTACKSIZE 1
| #define HAVE_PTHREAD_ATTR_SETSTACKSIZE 1
| #define HAVE_SYSCONF 1
| #define HAVE_LINUXTHREADS 1
| #define VSNPRINTF_PERCENT_M 1
| #define HAVE_SYS_CAPABILITY_H 1
| #define HAVE_SYS_PRCTL_H 1
| #define HAVE_LINUX_CAPABILITIES 1
| #define HAVE_DROPROOT 1
| #define HAVE_SYS_TYPES_H 1
| #define HAVE_NETINET_IN_H 1
| #define HAVE_ARPA_NAMESER_H 1
| #define HAVE_NETDB_H 1
| #define HAVE_RESOLV_H 1
| #define HAVE___RES_INIT 1
| #define HAVE_UINTPTR_T 1
| #define HAVE_STRUCT_TIMESPEC 1
| #define HAVE_STRUCT_NTPTIMEVAL 1
| #define HAVE_MD5_H 1
| #define HAVE_MD5INIT 1
| #define HAVE_SYSCONF 1
| #define HAVE_GETDTABLESIZE 1
| #define HAVE_SIGACTION 1
| #define HAVE_SIGSET 1
| /* end confdefs.h.  */
| /* Define sigvec to an innocuous variant, in case <limits.h> declares sigvec.
|    For example, HP-UX 11i <limits.h> declares gettimeofday.  */
| #define sigvec innocuous_sigvec
| 
| /* System header to define __stub macros and hopefully few prototypes,
|    which can conflict with char sigvec (void); below.  */
| 
| #include <limits.h>
| #undef sigvec
| 
| /* Override any GCC internal prototype to avoid an error.
|    Use char because int might match the return type of a GCC
|    builtin and then its argument prototype would still apply.  */
| #ifdef __cplusplus
| extern "C"
| #endif
| char sigvec (void);
| /* The GNU C library defines this for functions which it implements
|     to always fail with ENOSYS.  Some functions are actually named
|     something starting with __ and the normal name is an alias.  */
| #if defined __stub_sigvec || defined __stub___sigvec
| choke me
| #endif
| 
| int
| main (void)
| {
| return sigvec ();
|   ;
|   return 0;
| }
configure:16638: result: no
configure:16658: checking for SIGIO
configure:16674: cc -E  conftest.c
configure:16674: $? = 0
configure:16686: result: yes
configure:16689: checking if we want to use SIGIO
configure:16755: result: Possible for x86_64-pc-linux-gnu but disabled because of reported problems
configure:16758: checking for SIGPOLL
configure:16774: cc -E  conftest.c
configure:16774: $? = 0
configure:16786: result: yes
configure:16789: checking if we can use SIGPOLL for UDP I/O
configure:16852: result: no
configure:16855: checking if we can use SIGPOLL for TTY I/O
configure:16915: result: no
configure:16918: checking number of arguments to gettimeofday()
configure:16941: cc -c -march=x86-64 -mtune=generic -O2 -pipe -fno-plt -fexceptions         -Wp,-D_FORTIFY_SOURCE=3 -Wformat -Werror=format-security         -fstack-clash-protection -fcf-protection         -fno-omit-frame-pointer -mno-omit-leaf-frame-pointer -Wno-incompatible-pointer-types -g -ffile-prefix-map=/home/esteban/Escritorio/hack_the_box/machines/administrator/tools/ntpdate/src=/usr/src/debug/ntpdate -flto=auto  conftest.c >&5
conftest.c: In function 'main':
conftest.c:147:17: warning: argument 1 null where non-null expected [-Wnonnull]
  147 |                 gettimeofday(0, 0);
      |                 ^~~~~~~~~~~~
In file included from conftest.c:141:
/usr/include/sys/time.h:67:12: note: in a call to function 'gettimeofday' declared 'nonnull'
   67 | extern int gettimeofday (struct timeval *__restrict __tv,
      |            ^~~~~~~~~~~~
configure:16941: $? = 0
configure:16953: result: 2
configure:16965: checking for settimeofday
configure:16965: cc -o conftest -march=x86-64 -mtune=generic -O2 -pipe -fno-plt -fexceptions         -Wp,-D_FORTIFY_SOURCE=3 -Wformat -Werror=format-security         -fstack-clash-protection -fcf-protection         -fno-omit-frame-pointer -mno-omit-leaf-frame-pointer -Wno-incompatible-pointer-types -g -ffile-prefix-map=/home/esteban/Escritorio/hack_the_box/machines/administrator/tools/ntpdate/src=/usr/src/debug/ntpdate -flto=auto  -Wl,-O1 -Wl,--sort-common -Wl,--as-needed -Wl,-z,relro -Wl,-z,now          -Wl,-z,pack-relative-relocs -flto=auto conftest.c -lmd  -lcap >&5
configure:16965: $? = 0
configure:16965: result: yes
configure:16981: checking if we'll use clock_settime or settimeofday or stime
configure:17004: result: clock_settime()
configure:17082: checking for openssl
configure:17105: found /usr/bin/openssl
configure:17118: result: /usr/bin/openssl
configure:17253: checking pkg-config for openssl
configure:17283: result: yes, version 3.6.0
configure:17554: Searching for openssl/evp.h without -I
configure:17557: checking for openssl/evp.h
configure:17557: cc -c -march=x86-64 -mtune=generic -O2 -pipe -fno-plt -fexceptions         -Wp,-D_FORTIFY_SOURCE=3 -Wformat -Werror=format-security         -fstack-clash-protection -fcf-protection         -fno-omit-frame-pointer -mno-omit-leaf-frame-pointer -Wno-incompatible-pointer-types -g -ffile-prefix-map=/home/esteban/Escritorio/hack_the_box/machines/administrator/tools/ntpdate/src=/usr/src/debug/ntpdate -flto=auto  conftest.c >&5
configure:17557: $? = 0
configure:17557: result: yes
configure:17954: checking If cc supports -Werror
configure:17971: cc -c   -Werror   conftest.c >&5
configure:17971: $? = 0
configure:17983: result: yes
configure:18052: checking if we will link to ssl library
configure:18054: result: yes
configure:18062: checking for openssl/cmac.h
configure:18062: cc -c   -Werror   conftest.c >&5
configure:18062: $? = 0
configure:18062: result: yes
configure:18087: checking for EVP_MD_do_all_sorted
configure:18087: cc -o conftest -march=x86-64 -mtune=generic -O2 -pipe -fno-plt -fexceptions         -Wp,-D_FORTIFY_SOURCE=3 -Wformat -Werror=format-security         -fstack-clash-protection -fcf-protection         -fno-omit-frame-pointer -mno-omit-leaf-frame-pointer -Wno-incompatible-pointer-types -g -ffile-prefix-map=/home/esteban/Escritorio/hack_the_box/machines/administrator/tools/ntpdate/src=/usr/src/debug/ntpdate -flto=auto    -Wl,-O1 -Wl,--sort-common -Wl,--as-needed -Wl,-z,relro -Wl,-z,now          -Wl,-z,pack-relative-relocs -flto=auto conftest.c  -lssl -lcrypto -lmd  -lcap >&5
configure:18087: $? = 0
configure:18087: result: yes
configure:18164: checking if we want to use SSL library's secure random numbers
configure:18176: result: yes
configure:18182: checking for RAND_bytes
configure:18182: cc -o conftest -march=x86-64 -mtune=generic -O2 -pipe -fno-plt -fexceptions         -Wp,-D_FORTIFY_SOURCE=3 -Wformat -Werror=format-security         -fstack-clash-protection -fcf-protection         -fno-omit-frame-pointer -mno-omit-leaf-frame-pointer -Wno-incompatible-pointer-types -g -ffile-prefix-map=/home/esteban/Escritorio/hack_the_box/machines/administrator/tools/ntpdate/src=/usr/src/debug/ntpdate -flto=auto  -Wl,-O1 -Wl,--sort-common -Wl,--as-needed -Wl,-z,relro -Wl,-z,now          -Wl,-z,pack-relative-relocs -flto=auto conftest.c -lmd  -lcap  -lssl -lcrypto  >&5
configure:18182: $? = 0
configure:18182: result: yes
configure:18188: checking for RAND_poll
configure:18188: cc -o conftest -march=x86-64 -mtune=generic -O2 -pipe -fno-plt -fexceptions         -Wp,-D_FORTIFY_SOURCE=3 -Wformat -Werror=format-security         -fstack-clash-protection -fcf-protection         -fno-omit-frame-pointer -mno-omit-leaf-frame-pointer -Wno-incompatible-pointer-types -g -ffile-prefix-map=/home/esteban/Escritorio/hack_the_box/machines/administrator/tools/ntpdate/src=/usr/src/debug/ntpdate -flto=auto  -Wl,-O1 -Wl,--sort-common -Wl,--as-needed -Wl,-z,relro -Wl,-z,now          -Wl,-z,pack-relative-relocs -flto=auto conftest.c -lmd  -lcap  -lssl -lcrypto  >&5
configure:18188: $? = 0
configure:18188: result: yes
configure:18198: Using SSL library's secure random number generator
configure:18282: checking for BSD- or MS-compatible name lister (nm)
configure:18338: result: /usr/bin/nm -B
configure:18480: checking the name lister (/usr/bin/nm -B) interface
configure:18488: cc -c -march=x86-64 -mtune=generic -O2 -pipe -fno-plt -fexceptions         -Wp,-D_FORTIFY_SOURCE=3 -Wformat -Werror=format-security         -fstack-clash-protection -fcf-protection         -fno-omit-frame-pointer -mno-omit-leaf-frame-pointer -Wno-incompatible-pointer-types -g -ffile-prefix-map=/home/esteban/Escritorio/hack_the_box/machines/administrator/tools/ntpdate/src=/usr/src/debug/ntpdate -flto=auto  conftest.c >&5
configure:18491: /usr/bin/nm -B "conftest.o"
configure:18494: output
00000000 B some_variable
configure:18502: result: BSD nm
configure:18505: checking whether ln -s works
configure:18509: result: yes
configure:18517: checking the maximum length of command line arguments
configure:18650: result: 1572864
configure:18698: checking how to convert x86_64-pc-linux-gnu file names to x86_64-pc-linux-gnu format
configure:18740: result: func_convert_file_noop
configure:18747: checking how to convert x86_64-pc-linux-gnu file names to toolchain format
configure:18769: result: func_convert_file_noop
configure:18847: checking for /usr/bin/ld option to reload object files
configure:18856: result: -r
configure:18889: checking for file
configure:18910: found /usr/bin/file
configure:18923: result: file
configure:18986: checking for objdump
configure:19007: found /usr/bin/objdump
configure:19019: result: objdump
configure:19051: checking how to recognize dependent libraries
configure:19260: result: pass_all
configure:19351: checking for dlltool
configure:19387: result: no
configure:19417: checking how to associate runtime and link libraries
configure:19446: result: printf %s\n
configure:19506: checking for ranlib
configure:19527: found /usr/bin/ranlib
configure:19539: result: ranlib
configure:19702: checking for archiver @FILE support
configure:19720: cc -c -march=x86-64 -mtune=generic -O2 -pipe -fno-plt -fexceptions         -Wp,-D_FORTIFY_SOURCE=3 -Wformat -Werror=format-security         -fstack-clash-protection -fcf-protection         -fno-omit-frame-pointer -mno-omit-leaf-frame-pointer -Wno-incompatible-pointer-types -g -ffile-prefix-map=/home/esteban/Escritorio/hack_the_box/machines/administrator/tools/ntpdate/src=/usr/src/debug/ntpdate -flto=auto  conftest.c >&5
configure:19720: $? = 0
configure:19724: ar cr libconftest.a @conftest.lst >&5
configure:19727: $? = 0
configure:19732: ar cr libconftest.a @conftest.lst >&5
ar: conftest.o: No such file or directory
configure:19735: $? = 1
configure:19748: result: @
configure:19812: checking for strip
configure:19833: found /usr/bin/strip
configure:19845: result: strip
configure:19948: checking command to parse /usr/bin/nm -B output from cc object
configure:20104: cc -c -march=x86-64 -mtune=generic -O2 -pipe -fno-plt -fexceptions         -Wp,-D_FORTIFY_SOURCE=3 -Wformat -Werror=format-security         -fstack-clash-protection -fcf-protection         -fno-omit-frame-pointer -mno-omit-leaf-frame-pointer -Wno-incompatible-pointer-types -g -ffile-prefix-map=/home/esteban/Escritorio/hack_the_box/machines/administrator/tools/ntpdate/src=/usr/src/debug/ntpdate -flto=auto  conftest.c >&5
configure:20107: $? = 0
configure:20111: /usr/bin/nm -B conftest.o | /usr/bin/sed -n -e 's/^.*[	 ]\([ABCDGIRSTW][ABCDGIRSTW]*\)[	 ][	 ]*\([_A-Za-z][_A-Za-z0-9]*\)$/\1 \2 \2/p' | /usr/bin/sed '/ __gnu_lto/d' > conftest.nm
configure:20177: cc -o conftest -march=x86-64 -mtune=generic -O2 -pipe -fno-plt -fexceptions         -Wp,-D_FORTIFY_SOURCE=3 -Wformat -Werror=format-security         -fstack-clash-protection -fcf-protection         -fno-omit-frame-pointer -mno-omit-leaf-frame-pointer -Wno-incompatible-pointer-types -g -ffile-prefix-map=/home/esteban/Escritorio/hack_the_box/machines/administrator/tools/ntpdate/src=/usr/src/debug/ntpdate -flto=auto  -Wl,-O1 -Wl,--sort-common -Wl,--as-needed -Wl,-z,relro -Wl,-z,now          -Wl,-z,pack-relative-relocs -flto=auto conftest.c conftstm.o >&5
configure:20180: $? = 0
configure:20219: result: ok
configure:20266: checking for sysroot
configure:20300: result: no
configure:20307: checking for a working dd
configure:20352: result: /usr/bin/dd
configure:20356: checking how to truncate binary pipes
configure:20373: result: /usr/bin/dd bs=4096 count=1
configure:20510: cc -c -march=x86-64 -mtune=generic -O2 -pipe -fno-plt -fexceptions         -Wp,-D_FORTIFY_SOURCE=3 -Wformat -Werror=format-security         -fstack-clash-protection -fcf-protection         -fno-omit-frame-pointer -mno-omit-leaf-frame-pointer -Wno-incompatible-pointer-types -g -ffile-prefix-map=/home/esteban/Escritorio/hack_the_box/machines/administrator/tools/ntpdate/src=/usr/src/debug/ntpdate -flto=auto  conftest.c >&5
configure:20513: $? = 0
configure:20713: checking for mt
configure:20749: result: no
configure:20769: checking if : is a manifest tool
configure:20776: : '-?'
configure:20785: result: no
configure:21578: checking for dlfcn.h
configure:21578: cc -c -march=x86-64 -mtune=generic -O2 -pipe -fno-plt -fexceptions         -Wp,-D_FORTIFY_SOURCE=3 -Wformat -Werror=format-security         -fstack-clash-protection -fcf-protection         -fno-omit-frame-pointer -mno-omit-leaf-frame-pointer -Wno-incompatible-pointer-types -g -ffile-prefix-map=/home/esteban/Escritorio/hack_the_box/machines/administrator/tools/ntpdate/src=/usr/src/debug/ntpdate -flto=auto  conftest.c >&5
configure:21578: $? = 0
configure:21578: result: yes
configure:21863: checking which variant of shared library versioning to provide
configure:21866: result: (default) aix
configure:21934: checking for objdir
configure:21951: result: .libs
configure:22217: checking if cc supports -fno-rtti -fno-exceptions
configure:22236: cc -c -march=x86-64 -mtune=generic -O2 -pipe -fno-plt -fexceptions         -Wp,-D_FORTIFY_SOURCE=3 -Wformat -Werror=format-security         -fstack-clash-protection -fcf-protection         -fno-omit-frame-pointer -mno-omit-leaf-frame-pointer -Wno-incompatible-pointer-types -g -ffile-prefix-map=/home/esteban/Escritorio/hack_the_box/machines/administrator/tools/ntpdate/src=/usr/src/debug/ntpdate -flto=auto  -fno-rtti -fno-exceptions conftest.c >&5
cc1: warning: command-line option '-fno-rtti' is valid for C++/D/ObjC++ but not for C
configure:22240: $? = 0
configure:22254: result: no
configure:22627: checking for cc option to produce PIC
configure:22636: result: -fPIC -DPIC
configure:22644: checking if cc PIC flag -fPIC -DPIC works
configure:22663: cc -c -march=x86-64 -mtune=generic -O2 -pipe -fno-plt -fexceptions         -Wp,-D_FORTIFY_SOURCE=3 -Wformat -Werror=format-security         -fstack-clash-protection -fcf-protection         -fno-omit-frame-pointer -mno-omit-leaf-frame-pointer -Wno-incompatible-pointer-types -g -ffile-prefix-map=/home/esteban/Escritorio/hack_the_box/machines/administrator/tools/ntpdate/src=/usr/src/debug/ntpdate -flto=auto  -fPIC -DPIC -DPIC conftest.c >&5
configure:22667: $? = 0
configure:22681: result: yes
configure:22710: checking if cc static flag -static works
configure:22740: result: yes
configure:22755: checking if cc supports -c -o file.o
configure:22777: cc -c -march=x86-64 -mtune=generic -O2 -pipe -fno-plt -fexceptions         -Wp,-D_FORTIFY_SOURCE=3 -Wformat -Werror=format-security         -fstack-clash-protection -fcf-protection         -fno-omit-frame-pointer -mno-omit-leaf-frame-pointer -Wno-incompatible-pointer-types -g -ffile-prefix-map=/home/esteban/Escritorio/hack_the_box/machines/administrator/tools/ntpdate/src=/usr/src/debug/ntpdate -flto=auto  -o out/conftest2.o conftest.c >&5
configure:22781: $? = 0
configure:22804: result: yes
configure:22812: checking if cc supports -c -o file.o
configure:22861: result: yes
configure:22894: checking whether the cc linker (/usr/bin/ld -m elf_x86_64) supports shared libraries
configure:24184: result: yes
configure:24426: checking dynamic linker characteristics
configure:25057: cc -o conftest -march=x86-64 -mtune=generic -O2 -pipe -fno-plt -fexceptions         -Wp,-D_FORTIFY_SOURCE=3 -Wformat -Werror=format-security         -fstack-clash-protection -fcf-protection         -fno-omit-frame-pointer -mno-omit-leaf-frame-pointer -Wno-incompatible-pointer-types -g -ffile-prefix-map=/home/esteban/Escritorio/hack_the_box/machines/administrator/tools/ntpdate/src=/usr/src/debug/ntpdate -flto=auto  -Wl,-O1 -Wl,--sort-common -Wl,--as-needed -Wl,-z,relro -Wl,-z,now          -Wl,-z,pack-relative-relocs -flto=auto -Wl,-rpath -Wl,/foo conftest.c  >&5
configure:25057: $? = 0
configure:25814: result: GNU/Linux ld.so
configure:25936: checking how to hardcode library paths into programs
configure:25961: result: immediate
configure:26561: checking whether stripping libraries is possible
configure:26570: result: yes
configure:26612: checking if libtool supports shared libraries
configure:26614: result: yes
configure:26617: checking whether to build shared libraries
configure:26642: result: no
configure:26645: checking whether to build static libraries
configure:26649: result: yes
configure:26697: checking if sntp will be built
configure:26727: result: yes
configure:26759: checking for egrep
configure:26829: result: /usr/bin/grep -E
configure:26843: checking for dirent.h that defines DIR
configure:26863: cc -c -march=x86-64 -mtune=generic -O2 -pipe -fno-plt -fexceptions         -Wp,-D_FORTIFY_SOURCE=3 -Wformat -Werror=format-security         -fstack-clash-protection -fcf-protection         -fno-omit-frame-pointer -mno-omit-leaf-frame-pointer -Wno-incompatible-pointer-types -g -ffile-prefix-map=/home/esteban/Escritorio/hack_the_box/machines/administrator/tools/ntpdate/src=/usr/src/debug/ntpdate -flto=auto  conftest.c >&5
configure:26863: $? = 0
configure:26874: result: yes
configure:26888: checking for library containing opendir
configure:26924: cc -o conftest -march=x86-64 -mtune=generic -O2 -pipe -fno-plt -fexceptions         -Wp,-D_FORTIFY_SOURCE=3 -Wformat -Werror=format-security         -fstack-clash-protection -fcf-protection         -fno-omit-frame-pointer -mno-omit-leaf-frame-pointer -Wno-incompatible-pointer-types -g -ffile-prefix-map=/home/esteban/Escritorio/hack_the_box/machines/administrator/tools/ntpdate/src=/usr/src/debug/ntpdate -flto=auto  -Wl,-O1 -Wl,--sort-common -Wl,--as-needed -Wl,-z,relro -Wl,-z,now          -Wl,-z,pack-relative-relocs -flto=auto conftest.c  >&5
configure:26924: $? = 0
configure:26946: result: none required
configure:27029: checking for sys/mman.h
configure:27029: cc -c -march=x86-64 -mtune=generic -O2 -pipe -fno-plt -fexceptions         -Wp,-D_FORTIFY_SOURCE=3 -Wformat -Werror=format-security         -fstack-clash-protection -fcf-protection         -fno-omit-frame-pointer -mno-omit-leaf-frame-pointer -Wno-incompatible-pointer-types -g -ffile-prefix-map=/home/esteban/Escritorio/hack_the_box/machines/administrator/tools/ntpdate/src=/usr/src/debug/ntpdate -flto=auto  conftest.c >&5
configure:27029: $? = 0
configure:27029: result: yes
configure:27035: checking for sys/param.h
configure:27035: result: yes
configure:27041: checking for sys/poll.h
configure:27041: cc -c -march=x86-64 -mtune=generic -O2 -pipe -fno-plt -fexceptions         -Wp,-D_FORTIFY_SOURCE=3 -Wformat -Werror=format-security         -fstack-clash-protection -fcf-protection         -fno-omit-frame-pointer -mno-omit-leaf-frame-pointer -Wno-incompatible-pointer-types -g -ffile-prefix-map=/home/esteban/Escritorio/hack_the_box/machines/administrator/tools/ntpdate/src=/usr/src/debug/ntpdate -flto=auto  conftest.c >&5
configure:27041: $? = 0
configure:27041: result: yes
configure:27047: checking for sys/procset.h
configure:27047: cc -c -march=x86-64 -mtune=generic -O2 -pipe -fno-plt -fexceptions         -Wp,-D_FORTIFY_SOURCE=3 -Wformat -Werror=format-security         -fstack-clash-protection -fcf-protection         -fno-omit-frame-pointer -mno-omit-leaf-frame-pointer -Wno-incompatible-pointer-types -g -ffile-prefix-map=/home/esteban/Escritorio/hack_the_box/machines/administrator/tools/ntpdate/src=/usr/src/debug/ntpdate -flto=auto  conftest.c >&5
conftest.c:183:10: fatal error: sys/procset.h: No such file or directory
  183 | #include <sys/procset.h>
      |          ^~~~~~~~~~~~~~~
compilation terminated.
configure:27047: $? = 1
configure: failed program was:
| /* confdefs.h */
| #define PACKAGE_NAME "sntp"
| #define PACKAGE_TARNAME "sntp"
| #define PACKAGE_VERSION "4.2.8p18"
| #define PACKAGE_STRING "sntp 4.2.8p18"
| #define PACKAGE_BUGREPORT "https://bugs.ntp.org/"
| #define PACKAGE_URL "https://www.ntp.org/"
| #define PACKAGE "sntp"
| #define VERSION "4.2.8p18"
| #define STR_SYSTEM "x86_64-pc-linux-gnu"
| #define HAVE_STDIO_H 1
| #define HAVE_STDLIB_H 1
| #define HAVE_STRING_H 1
| #define HAVE_INTTYPES_H 1
| #define HAVE_STDINT_H 1
| #define HAVE_STRINGS_H 1
| #define HAVE_SYS_STAT_H 1
| #define HAVE_SYS_TYPES_H 1
| #define HAVE_UNISTD_H 1
| #define HAVE_WCHAR_H 1
| #define HAVE_STDARG_H 1
| #define STDC_HEADERS 1
| #define _ALL_SOURCE 1
| #define _DARWIN_C_SOURCE 1
| #define _GNU_SOURCE 1
| #define _HPUX_ALT_XOPEN_SOCKET_API 1
| #define _NETBSD_SOURCE 1
| #define _OPENBSD_SOURCE 1
| #define _POSIX_PTHREAD_SEMANTICS 1
| #define __STDC_WANT_IEC_60559_ATTRIBS_EXT__ 1
| #define __STDC_WANT_IEC_60559_BFP_EXT__ 1
| #define __STDC_WANT_IEC_60559_DFP_EXT__ 1
| #define __STDC_WANT_IEC_60559_EXT__ 1
| #define __STDC_WANT_IEC_60559_FUNCS_EXT__ 1
| #define __STDC_WANT_IEC_60559_TYPES_EXT__ 1
| #define __STDC_WANT_LIB_EXT2__ 1
| #define __STDC_WANT_MATH_SPEC_FUNCS__ 1
| #define _TANDEM_SOURCE 1
| #define __EXTENSIONS__ 1
| #define HAVE___ATTRIBUTE__ /**/
| #define HAVE_FORK 1
| #define HAVE_VFORK 1
| #define HAVE_VPRINTF 1
| #define HAVE_DECL_STRERROR_R 1
| #define HAVE_UNSIGNED_LONG_LONG_INT 1
| #define HAVE_VSNPRINTF 1
| #define HAVE_SNPRINTF 1
| #define DIR_SEP '/'
| #define HAVE_READLINE_READLINE_H 1
| #define HAVE_HISTEDIT_H 1
| #define HAVE_READLINE_HISTORY_H 1
| #define EL_INIT_ARGS 4
| #define HAVE_READLINE_HISTORY 1
| #define HAVE_WORKING_VFORK 1
| #define HAVE_WORKING_FORK 1
| #define HAVE_ALLOCA_H 1
| #define HAVE_ALLOCA 1
| #define HAVE_STRERROR_R 1
| #define STRERROR_R_CHAR_P 1
| #define HAVE_CLOCK_GETRES 1
| #define HAVE_CLOCK_GETTIME 1
| #define HAVE_CLOCK_SETTIME 1
| #define HAVE_TIMEGM 1
| #define HAVE_STRLCPY 1
| #define HAVE_STRLCAT 1
| #define HAVE_ERRNO_H 1
| #define HAVE_SYS_SOCKET_H 1
| #define HAVE_SYS_TYPES_H 1
| #define HAVE_TIME_H 1
| #define HAVE_NET_IF_H 1
| #define HAVE_LINUX_IF_ADDR_H 1
| #define NEED_EARLY_FORK 1
| #define HAVE_ARPA_NAMESER_H 1
| #define HAVE_SYS_PARAM_H 1
| #define HAVE_SYS_TIME_H 1
| #define HAVE_NETINET_IN_SYSTM_H 1
| #define HAVE_NETINET_IN_H 1
| #define HAVE_RESOLV_H 1
| #define HAVE_NETINET_IP_H 1
| #define HAVE_RECVMSG 1
| #define HAVE_INLINE 1
| #define SIZEOF_TIME_T 8
| #define SIZEOF_SIGNED_CHAR 1
| #define HAVE_LONG_LONG 1
| #define SIZEOF_SHORT 2
| #define SIZEOF_INT 4
| #define SIZEOF_LONG 8
| #define SIZEOF_LONG_LONG 8
| #define NEED_S_CHAR_TYPEDEF 1
| #define DEBUG 1
| #define HAVE_SEMAPHORE_H 1
| #define HAVE_SOCKETPAIR 1
| #define HAVE_PTHREAD_H 1
| #define HAVE_PTHREADS 10
| #define HAVE_SCHED_H 1
| #define HAVE_SCHED_YIELD 1
| #define HAVE_PTHREAD_KILL 1
| #define HAVE_PTHREAD_RWLOCK_DESTROY 1
| #define HAVE_PTHREAD_DETACH 1
| #define HAVE_PTHREAD_SETCONCURRENCY 1
| #define HAVE_PTHREAD_GETCONCURRENCY 1
| #define HAVE_YIELDING_SELECT 1
| #define REENTRANT 1
| #define _REENTRANT 1
| #define THREAD_SAFE 1
| #define _THREAD_SAFE 1
| #define THREADSAFE 1
| #define _THREADSAFE 1
| #define _SGI_MP_SOURCE 1
| #define LDAP_API_FEATURE_X_OPENLDAP_THREAD_SAFE 1
| #define HAVE_SEM_TIMEDWAIT 1
| #define SIZEOF_PTHREAD_T 8
| #define ISC_PLATFORM_USETHREADS 1
| #define HAVE_SIGWAIT 1
| #define HAVE_PTHREAD_ATTR_GETSTACKSIZE 1
| #define HAVE_PTHREAD_ATTR_SETSTACKSIZE 1
| #define HAVE_SYSCONF 1
| #define HAVE_LINUXTHREADS 1
| #define VSNPRINTF_PERCENT_M 1
| #define HAVE_SYS_CAPABILITY_H 1
| #define HAVE_SYS_PRCTL_H 1
| #define HAVE_LINUX_CAPABILITIES 1
| #define HAVE_DROPROOT 1
| #define HAVE_SYS_TYPES_H 1
| #define HAVE_NETINET_IN_H 1
| #define HAVE_ARPA_NAMESER_H 1
| #define HAVE_NETDB_H 1
| #define HAVE_RESOLV_H 1
| #define HAVE___RES_INIT 1
| #define HAVE_UINTPTR_T 1
| #define HAVE_STRUCT_TIMESPEC 1
| #define HAVE_STRUCT_NTPTIMEVAL 1
| #define HAVE_MD5_H 1
| #define HAVE_MD5INIT 1
| #define HAVE_SYSCONF 1
| #define HAVE_GETDTABLESIZE 1
| #define HAVE_SIGACTION 1
| #define HAVE_SIGSET 1
| #define HAVE_SETTIMEOFDAY 1
| #define HAVE_OPENSSL_CMAC_H 1
| #define ENABLE_CMAC 1
| #define OPENSSL /**/
| #define OPENSSL_SUPPRESS_DEPRECATED 1
| #define HAVE_EVP_MD_DO_ALL_SORTED 1
| #define HAVE_RAND_BYTES 1
| #define HAVE_RAND_POLL 1
| #define USE_OPENSSL_CRYPTO_RAND 1
| #define HAVE_DLFCN_H 1
| #define LT_OBJDIR ".libs/"
| #define HAVE_DIRENT_H 1
| #define HAVE_SYS_MMAN_H 1
| #define HAVE_SYS_PARAM_H 1
| #define HAVE_SYS_POLL_H 1
| /* end confdefs.h.  */
| #include <stddef.h>
| #ifdef HAVE_STDIO_H
| # include <stdio.h>
| #endif
| #ifdef HAVE_STDLIB_H
| # include <stdlib.h>
| #endif
| #ifdef HAVE_STRING_H
| # include <string.h>
| #endif
| #ifdef HAVE_INTTYPES_H
| # include <inttypes.h>
| #endif
| #ifdef HAVE_STDINT_H
| # include <stdint.h>
| #endif
| #ifdef HAVE_STRINGS_H
| # include <strings.h>
| #endif
| #ifdef HAVE_SYS_TYPES_H
| # include <sys/types.h>
| #endif
| #ifdef HAVE_SYS_STAT_H
| # include <sys/stat.h>
| #endif
| #ifdef HAVE_UNISTD_H
| # include <unistd.h>
| #endif
| #include <sys/procset.h>
configure:27047: result: no
configure:27053: checking for sys/select.h
configure:27053: cc -c -march=x86-64 -mtune=generic -O2 -pipe -fno-plt -fexceptions         -Wp,-D_FORTIFY_SOURCE=3 -Wformat -Werror=format-security         -fstack-clash-protection -fcf-protection         -fno-omit-frame-pointer -mno-omit-leaf-frame-pointer -Wno-incompatible-pointer-types -g -ffile-prefix-map=/home/esteban/Escritorio/hack_the_box/machines/administrator/tools/ntpdate/src=/usr/src/debug/ntpdate -flto=auto  conftest.c >&5
configure:27053: $? = 0
configure:27053: result: yes
configure:27059: checking for sys/socket.h
configure:27059: result: yes
configure:27065: checking for sys/stropts.h
configure:27065: cc -c -march=x86-64 -mtune=generic -O2 -pipe -fno-plt -fexceptions         -Wp,-D_FORTIFY_SOURCE=3 -Wformat -Werror=format-security         -fstack-clash-protection -fcf-protection         -fno-omit-frame-pointer -mno-omit-leaf-frame-pointer -Wno-incompatible-pointer-types -g -ffile-prefix-map=/home/esteban/Escritorio/hack_the_box/machines/administrator/tools/ntpdate/src=/usr/src/debug/ntpdate -flto=auto  conftest.c >&5
conftest.c:185:10: fatal error: sys/stropts.h: No such file or directory
  185 | #include <sys/stropts.h>
      |          ^~~~~~~~~~~~~~~
compilation terminated.
configure:27065: $? = 1
configure: failed program was:
| /* confdefs.h */
| #define PACKAGE_NAME "sntp"
| #define PACKAGE_TARNAME "sntp"
| #define PACKAGE_VERSION "4.2.8p18"
| #define PACKAGE_STRING "sntp 4.2.8p18"
| #define PACKAGE_BUGREPORT "https://bugs.ntp.org/"
| #define PACKAGE_URL "https://www.ntp.org/"
| #define PACKAGE "sntp"
| #define VERSION "4.2.8p18"
| #define STR_SYSTEM "x86_64-pc-linux-gnu"
| #define HAVE_STDIO_H 1
| #define HAVE_STDLIB_H 1
| #define HAVE_STRING_H 1
| #define HAVE_INTTYPES_H 1
| #define HAVE_STDINT_H 1
| #define HAVE_STRINGS_H 1
| #define HAVE_SYS_STAT_H 1
| #define HAVE_SYS_TYPES_H 1
| #define HAVE_UNISTD_H 1
| #define HAVE_WCHAR_H 1
| #define HAVE_STDARG_H 1
| #define STDC_HEADERS 1
| #define _ALL_SOURCE 1
| #define _DARWIN_C_SOURCE 1
| #define _GNU_SOURCE 1
| #define _HPUX_ALT_XOPEN_SOCKET_API 1
| #define _NETBSD_SOURCE 1
| #define _OPENBSD_SOURCE 1
| #define _POSIX_PTHREAD_SEMANTICS 1
| #define __STDC_WANT_IEC_60559_ATTRIBS_EXT__ 1
| #define __STDC_WANT_IEC_60559_BFP_EXT__ 1
| #define __STDC_WANT_IEC_60559_DFP_EXT__ 1
| #define __STDC_WANT_IEC_60559_EXT__ 1
| #define __STDC_WANT_IEC_60559_FUNCS_EXT__ 1
| #define __STDC_WANT_IEC_60559_TYPES_EXT__ 1
| #define __STDC_WANT_LIB_EXT2__ 1
| #define __STDC_WANT_MATH_SPEC_FUNCS__ 1
| #define _TANDEM_SOURCE 1
| #define __EXTENSIONS__ 1
| #define HAVE___ATTRIBUTE__ /**/
| #define HAVE_FORK 1
| #define HAVE_VFORK 1
| #define HAVE_VPRINTF 1
| #define HAVE_DECL_STRERROR_R 1
| #define HAVE_UNSIGNED_LONG_LONG_INT 1
| #define HAVE_VSNPRINTF 1
| #define HAVE_SNPRINTF 1
| #define DIR_SEP '/'
| #define HAVE_READLINE_READLINE_H 1
| #define HAVE_HISTEDIT_H 1
| #define HAVE_READLINE_HISTORY_H 1
| #define EL_INIT_ARGS 4
| #define HAVE_READLINE_HISTORY 1
| #define HAVE_WORKING_VFORK 1
| #define HAVE_WORKING_FORK 1
| #define HAVE_ALLOCA_H 1
| #define HAVE_ALLOCA 1
| #define HAVE_STRERROR_R 1
| #define STRERROR_R_CHAR_P 1
| #define HAVE_CLOCK_GETRES 1
| #define HAVE_CLOCK_GETTIME 1
| #define HAVE_CLOCK_SETTIME 1
| #define HAVE_TIMEGM 1
| #define HAVE_STRLCPY 1
| #define HAVE_STRLCAT 1
| #define HAVE_ERRNO_H 1
| #define HAVE_SYS_SOCKET_H 1
| #define HAVE_SYS_TYPES_H 1
| #define HAVE_TIME_H 1
| #define HAVE_NET_IF_H 1
| #define HAVE_LINUX_IF_ADDR_H 1
| #define NEED_EARLY_FORK 1
| #define HAVE_ARPA_NAMESER_H 1
| #define HAVE_SYS_PARAM_H 1
| #define HAVE_SYS_TIME_H 1
| #define HAVE_NETINET_IN_SYSTM_H 1
| #define HAVE_NETINET_IN_H 1
| #define HAVE_RESOLV_H 1
| #define HAVE_NETINET_IP_H 1
| #define HAVE_RECVMSG 1
| #define HAVE_INLINE 1
| #define SIZEOF_TIME_T 8
| #define SIZEOF_SIGNED_CHAR 1
| #define HAVE_LONG_LONG 1
| #define SIZEOF_SHORT 2
| #define SIZEOF_INT 4
| #define SIZEOF_LONG 8
| #define SIZEOF_LONG_LONG 8
| #define NEED_S_CHAR_TYPEDEF 1
| #define DEBUG 1
| #define HAVE_SEMAPHORE_H 1
| #define HAVE_SOCKETPAIR 1
| #define HAVE_PTHREAD_H 1
| #define HAVE_PTHREADS 10
| #define HAVE_SCHED_H 1
| #define HAVE_SCHED_YIELD 1
| #define HAVE_PTHREAD_KILL 1
| #define HAVE_PTHREAD_RWLOCK_DESTROY 1
| #define HAVE_PTHREAD_DETACH 1
| #define HAVE_PTHREAD_SETCONCURRENCY 1
| #define HAVE_PTHREAD_GETCONCURRENCY 1
| #define HAVE_YIELDING_SELECT 1
| #define REENTRANT 1
| #define _REENTRANT 1
| #define THREAD_SAFE 1
| #define _THREAD_SAFE 1
| #define THREADSAFE 1
| #define _THREADSAFE 1
| #define _SGI_MP_SOURCE 1
| #define LDAP_API_FEATURE_X_OPENLDAP_THREAD_SAFE 1
| #define HAVE_SEM_TIMEDWAIT 1
| #define SIZEOF_PTHREAD_T 8
| #define ISC_PLATFORM_USETHREADS 1
| #define HAVE_SIGWAIT 1
| #define HAVE_PTHREAD_ATTR_GETSTACKSIZE 1
| #define HAVE_PTHREAD_ATTR_SETSTACKSIZE 1
| #define HAVE_SYSCONF 1
| #define HAVE_LINUXTHREADS 1
| #define VSNPRINTF_PERCENT_M 1
| #define HAVE_SYS_CAPABILITY_H 1
| #define HAVE_SYS_PRCTL_H 1
| #define HAVE_LINUX_CAPABILITIES 1
| #define HAVE_DROPROOT 1
| #define HAVE_SYS_TYPES_H 1
| #define HAVE_NETINET_IN_H 1
| #define HAVE_ARPA_NAMESER_H 1
| #define HAVE_NETDB_H 1
| #define HAVE_RESOLV_H 1
| #define HAVE___RES_INIT 1
| #define HAVE_UINTPTR_T 1
| #define HAVE_STRUCT_TIMESPEC 1
| #define HAVE_STRUCT_NTPTIMEVAL 1
| #define HAVE_MD5_H 1
| #define HAVE_MD5INIT 1
| #define HAVE_SYSCONF 1
| #define HAVE_GETDTABLESIZE 1
| #define HAVE_SIGACTION 1
| #define HAVE_SIGSET 1
| #define HAVE_SETTIMEOFDAY 1
| #define HAVE_OPENSSL_CMAC_H 1
| #define ENABLE_CMAC 1
| #define OPENSSL /**/
| #define OPENSSL_SUPPRESS_DEPRECATED 1
| #define HAVE_EVP_MD_DO_ALL_SORTED 1
| #define HAVE_RAND_BYTES 1
| #define HAVE_RAND_POLL 1
| #define USE_OPENSSL_CRYPTO_RAND 1
| #define HAVE_DLFCN_H 1
| #define LT_OBJDIR ".libs/"
| #define HAVE_DIRENT_H 1
| #define HAVE_SYS_MMAN_H 1
| #define HAVE_SYS_PARAM_H 1
| #define HAVE_SYS_POLL_H 1
| #define HAVE_SYS_SELECT_H 1
| #define HAVE_SYS_SOCKET_H 1
| /* end confdefs.h.  */
| #include <stddef.h>
| #ifdef HAVE_STDIO_H
| # include <stdio.h>
| #endif
| #ifdef HAVE_STDLIB_H
| # include <stdlib.h>
| #endif
| #ifdef HAVE_STRING_H
| # include <string.h>
| #endif
| #ifdef HAVE_INTTYPES_H
| # include <inttypes.h>
| #endif
| #ifdef HAVE_STDINT_H
| # include <stdint.h>
| #endif
| #ifdef HAVE_STRINGS_H
| # include <strings.h>
| #endif
| #ifdef HAVE_SYS_TYPES_H
| # include <sys/types.h>
| #endif
| #ifdef HAVE_SYS_STAT_H
| # include <sys/stat.h>
| #endif
| #ifdef HAVE_UNISTD_H
| # include <unistd.h>
| #endif
| #include <sys/stropts.h>
configure:27065: result: no
configure:27071: checking for sys/time.h
configure:27071: result: yes
configure:27077: checking for sys/un.h
configure:27077: cc -c -march=x86-64 -mtune=generic -O2 -pipe -fno-plt -fexceptions         -Wp,-D_FORTIFY_SOURCE=3 -Wformat -Werror=format-security         -fstack-clash-protection -fcf-protection         -fno-omit-frame-pointer -mno-omit-leaf-frame-pointer -Wno-incompatible-pointer-types -g -ffile-prefix-map=/home/esteban/Escritorio/hack_the_box/machines/administrator/tools/ntpdate/src=/usr/src/debug/ntpdate -flto=auto  conftest.c >&5
configure:27077: $? = 0
configure:27077: result: yes
configure:27083: checking for sys/wait.h
configure:27083: cc -c -march=x86-64 -mtune=generic -O2 -pipe -fno-plt -fexceptions         -Wp,-D_FORTIFY_SOURCE=3 -Wformat -Werror=format-security         -fstack-clash-protection -fcf-protection         -fno-omit-frame-pointer -mno-omit-leaf-frame-pointer -Wno-incompatible-pointer-types -g -ffile-prefix-map=/home/esteban/Escritorio/hack_the_box/machines/administrator/tools/ntpdate/src=/usr/src/debug/ntpdate -flto=auto  conftest.c >&5
configure:27083: $? = 0
configure:27083: result: yes
configure:27089: checking for dlfcn.h
configure:27089: result: yes
configure:27095: checking for errno.h
configure:27095: result: yes
configure:27101: checking for fcntl.h
configure:27101: cc -c -march=x86-64 -mtune=generic -O2 -pipe -fno-plt -fexceptions         -Wp,-D_FORTIFY_SOURCE=3 -Wformat -Werror=format-security         -fstack-clash-protection -fcf-protection         -fno-omit-frame-pointer -mno-omit-leaf-frame-pointer -Wno-incompatible-pointer-types -g -ffile-prefix-map=/home/esteban/Escritorio/hack_the_box/machines/administrator/tools/ntpdate/src=/usr/src/debug/ntpdate -flto=auto  conftest.c >&5
configure:27101: $? = 0
configure:27101: result: yes
configure:27107: checking for libgen.h
configure:27107: cc -c -march=x86-64 -mtune=generic -O2 -pipe -fno-plt -fexceptions         -Wp,-D_FORTIFY_SOURCE=3 -Wformat -Werror=format-security         -fstack-clash-protection -fcf-protection         -fno-omit-frame-pointer -mno-omit-leaf-frame-pointer -Wno-incompatible-pointer-types -g -ffile-prefix-map=/home/esteban/Escritorio/hack_the_box/machines/administrator/tools/ntpdate/src=/usr/src/debug/ntpdate -flto=auto  conftest.c >&5
configure:27107: $? = 0
configure:27107: result: yes
configure:27113: checking for libintl.h
configure:27113: cc -c -march=x86-64 -mtune=generic -O2 -pipe -fno-plt -fexceptions         -Wp,-D_FORTIFY_SOURCE=3 -Wformat -Werror=format-security         -fstack-clash-protection -fcf-protection         -fno-omit-frame-pointer -mno-omit-leaf-frame-pointer -Wno-incompatible-pointer-types -g -ffile-prefix-map=/home/esteban/Escritorio/hack_the_box/machines/administrator/tools/ntpdate/src=/usr/src/debug/ntpdate -flto=auto  conftest.c >&5
configure:27113: $? = 0
configure:27113: result: yes
configure:27119: checking for memory.h
configure:27119: cc -c -march=x86-64 -mtune=generic -O2 -pipe -fno-plt -fexceptions         -Wp,-D_FORTIFY_SOURCE=3 -Wformat -Werror=format-security         -fstack-clash-protection -fcf-protection         -fno-omit-frame-pointer -mno-omit-leaf-frame-pointer -Wno-incompatible-pointer-types -g -ffile-prefix-map=/home/esteban/Escritorio/hack_the_box/machines/administrator/tools/ntpdate/src=/usr/src/debug/ntpdate -flto=auto  conftest.c >&5
configure:27119: $? = 0
configure:27119: result: yes
configure:27125: checking for netinet/in.h
configure:27125: result: yes
configure:27131: checking for setjmp.h
configure:27131: cc -c -march=x86-64 -mtune=generic -O2 -pipe -fno-plt -fexceptions         -Wp,-D_FORTIFY_SOURCE=3 -Wformat -Werror=format-security         -fstack-clash-protection -fcf-protection         -fno-omit-frame-pointer -mno-omit-leaf-frame-pointer -Wno-incompatible-pointer-types -g -ffile-prefix-map=/home/esteban/Escritorio/hack_the_box/machines/administrator/tools/ntpdate/src=/usr/src/debug/ntpdate -flto=auto  conftest.c >&5
configure:27131: $? = 0
configure:27131: result: yes
configure:27137: checking for stdbool.h
configure:27137: cc -c -march=x86-64 -mtune=generic -O2 -pipe -fno-plt -fexceptions         -Wp,-D_FORTIFY_SOURCE=3 -Wformat -Werror=format-security         -fstack-clash-protection -fcf-protection         -fno-omit-frame-pointer -mno-omit-leaf-frame-pointer -Wno-incompatible-pointer-types -g -ffile-prefix-map=/home/esteban/Escritorio/hack_the_box/machines/administrator/tools/ntpdate/src=/usr/src/debug/ntpdate -flto=auto  conftest.c >&5
configure:27137: $? = 0
configure:27137: result: yes
configure:27143: checking for sysexits.h
configure:27143: cc -c -march=x86-64 -mtune=generic -O2 -pipe -fno-plt -fexceptions         -Wp,-D_FORTIFY_SOURCE=3 -Wformat -Werror=format-security         -fstack-clash-protection -fcf-protection         -fno-omit-frame-pointer -mno-omit-leaf-frame-pointer -Wno-incompatible-pointer-types -g -ffile-prefix-map=/home/esteban/Escritorio/hack_the_box/machines/administrator/tools/ntpdate/src=/usr/src/debug/ntpdate -flto=auto  conftest.c >&5
configure:27143: $? = 0
configure:27143: result: yes
configure:27149: checking for unistd.h
configure:27149: result: yes
configure:27155: checking for utime.h
configure:27155: cc -c -march=x86-64 -mtune=generic -O2 -pipe -fno-plt -fexceptions         -Wp,-D_FORTIFY_SOURCE=3 -Wformat -Werror=format-security         -fstack-clash-protection -fcf-protection         -fno-omit-frame-pointer -mno-omit-leaf-frame-pointer -Wno-incompatible-pointer-types -g -ffile-prefix-map=/home/esteban/Escritorio/hack_the_box/machines/administrator/tools/ntpdate/src=/usr/src/debug/ntpdate -flto=auto  conftest.c >&5
configure:27155: $? = 0
configure:27155: result: yes
configure:27166: checking for stdarg.h
configure:27166: result: yes
configure:27183: checking for string.h
configure:27183: result: yes
configure:27200: checking for limits.h
configure:27200: cc -c -march=x86-64 -mtune=generic -O2 -pipe -fno-plt -fexceptions         -Wp,-D_FORTIFY_SOURCE=3 -Wformat -Werror=format-security         -fstack-clash-protection -fcf-protection         -fno-omit-frame-pointer -mno-omit-leaf-frame-pointer -Wno-incompatible-pointer-types -g -ffile-prefix-map=/home/esteban/Escritorio/hack_the_box/machines/administrator/tools/ntpdate/src=/usr/src/debug/ntpdate -flto=auto  conftest.c >&5
configure:27200: $? = 0
configure:27200: result: yes
configure:27217: checking for inttypes.h
configure:27217: result: yes
configure:27237: checking for working stdnoreturn.h
configure:27268: cc -c -march=x86-64 -mtune=generic -O2 -pipe -fno-plt -fexceptions         -Wp,-D_FORTIFY_SOURCE=3 -Wformat -Werror=format-security         -fstack-clash-protection -fcf-protection         -fno-omit-frame-pointer -mno-omit-leaf-frame-pointer -Wno-incompatible-pointer-types -g -ffile-prefix-map=/home/esteban/Escritorio/hack_the_box/machines/administrator/tools/ntpdate/src=/usr/src/debug/ntpdate -flto=auto  conftest.c >&5
configure:27268: $? = 0
configure:27278: result: yes
configure:27302: checking for runetype.h
configure:27302: cc -c -march=x86-64 -mtune=generic -O2 -pipe -fno-plt -fexceptions         -Wp,-D_FORTIFY_SOURCE=3 -Wformat -Werror=format-security         -fstack-clash-protection -fcf-protection         -fno-omit-frame-pointer -mno-omit-leaf-frame-pointer -Wno-incompatible-pointer-types -g -ffile-prefix-map=/home/esteban/Escritorio/hack_the_box/machines/administrator/tools/ntpdate/src=/usr/src/debug/ntpdate -flto=auto  conftest.c >&5
conftest.c:210:10: fatal error: runetype.h: No such file or directory
  210 | #include <runetype.h>
      |          ^~~~~~~~~~~~
compilation terminated.
configure:27302: $? = 1
configure: failed program was:
| /* confdefs.h */
| #define PACKAGE_NAME "sntp"
| #define PACKAGE_TARNAME "sntp"
| #define PACKAGE_VERSION "4.2.8p18"
| #define PACKAGE_STRING "sntp 4.2.8p18"
| #define PACKAGE_BUGREPORT "https://bugs.ntp.org/"
| #define PACKAGE_URL "https://www.ntp.org/"
| #define PACKAGE "sntp"
| #define VERSION "4.2.8p18"
| #define STR_SYSTEM "x86_64-pc-linux-gnu"
| #define HAVE_STDIO_H 1
| #define HAVE_STDLIB_H 1
| #define HAVE_STRING_H 1
| #define HAVE_INTTYPES_H 1
| #define HAVE_STDINT_H 1
| #define HAVE_STRINGS_H 1
| #define HAVE_SYS_STAT_H 1
| #define HAVE_SYS_TYPES_H 1
| #define HAVE_UNISTD_H 1
| #define HAVE_WCHAR_H 1
| #define HAVE_STDARG_H 1
| #define STDC_HEADERS 1
| #define _ALL_SOURCE 1
| #define _DARWIN_C_SOURCE 1
| #define _GNU_SOURCE 1
| #define _HPUX_ALT_XOPEN_SOCKET_API 1
| #define _NETBSD_SOURCE 1
| #define _OPENBSD_SOURCE 1
| #define _POSIX_PTHREAD_SEMANTICS 1
| #define __STDC_WANT_IEC_60559_ATTRIBS_EXT__ 1
| #define __STDC_WANT_IEC_60559_BFP_EXT__ 1
| #define __STDC_WANT_IEC_60559_DFP_EXT__ 1
| #define __STDC_WANT_IEC_60559_EXT__ 1
| #define __STDC_WANT_IEC_60559_FUNCS_EXT__ 1
| #define __STDC_WANT_IEC_60559_TYPES_EXT__ 1
| #define __STDC_WANT_LIB_EXT2__ 1
| #define __STDC_WANT_MATH_SPEC_FUNCS__ 1
| #define _TANDEM_SOURCE 1
| #define __EXTENSIONS__ 1
| #define HAVE___ATTRIBUTE__ /**/
| #define HAVE_FORK 1
| #define HAVE_VFORK 1
| #define HAVE_VPRINTF 1
| #define HAVE_DECL_STRERROR_R 1
| #define HAVE_UNSIGNED_LONG_LONG_INT 1
| #define HAVE_VSNPRINTF 1
| #define HAVE_SNPRINTF 1
| #define DIR_SEP '/'
| #define HAVE_READLINE_READLINE_H 1
| #define HAVE_HISTEDIT_H 1
| #define HAVE_READLINE_HISTORY_H 1
| #define EL_INIT_ARGS 4
| #define HAVE_READLINE_HISTORY 1
| #define HAVE_WORKING_VFORK 1
| #define HAVE_WORKING_FORK 1
| #define HAVE_ALLOCA_H 1
| #define HAVE_ALLOCA 1
| #define HAVE_STRERROR_R 1
| #define STRERROR_R_CHAR_P 1
| #define HAVE_CLOCK_GETRES 1
| #define HAVE_CLOCK_GETTIME 1
| #define HAVE_CLOCK_SETTIME 1
| #define HAVE_TIMEGM 1
| #define HAVE_STRLCPY 1
| #define HAVE_STRLCAT 1
| #define HAVE_ERRNO_H 1
| #define HAVE_SYS_SOCKET_H 1
| #define HAVE_SYS_TYPES_H 1
| #define HAVE_TIME_H 1
| #define HAVE_NET_IF_H 1
| #define HAVE_LINUX_IF_ADDR_H 1
| #define NEED_EARLY_FORK 1
| #define HAVE_ARPA_NAMESER_H 1
| #define HAVE_SYS_PARAM_H 1
| #define HAVE_SYS_TIME_H 1
| #define HAVE_NETINET_IN_SYSTM_H 1
| #define HAVE_NETINET_IN_H 1
| #define HAVE_RESOLV_H 1
| #define HAVE_NETINET_IP_H 1
| #define HAVE_RECVMSG 1
| #define HAVE_INLINE 1
| #define SIZEOF_TIME_T 8
| #define SIZEOF_SIGNED_CHAR 1
| #define HAVE_LONG_LONG 1
| #define SIZEOF_SHORT 2
| #define SIZEOF_INT 4
| #define SIZEOF_LONG 8
| #define SIZEOF_LONG_LONG 8
| #define NEED_S_CHAR_TYPEDEF 1
| #define DEBUG 1
| #define HAVE_SEMAPHORE_H 1
| #define HAVE_SOCKETPAIR 1
| #define HAVE_PTHREAD_H 1
| #define HAVE_PTHREADS 10
| #define HAVE_SCHED_H 1
| #define HAVE_SCHED_YIELD 1
| #define HAVE_PTHREAD_KILL 1
| #define HAVE_PTHREAD_RWLOCK_DESTROY 1
| #define HAVE_PTHREAD_DETACH 1
| #define HAVE_PTHREAD_SETCONCURRENCY 1
| #define HAVE_PTHREAD_GETCONCURRENCY 1
| #define HAVE_YIELDING_SELECT 1
| #define REENTRANT 1
| #define _REENTRANT 1
| #define THREAD_SAFE 1
| #define _THREAD_SAFE 1
| #define THREADSAFE 1
| #define _THREADSAFE 1
| #define _SGI_MP_SOURCE 1
| #define LDAP_API_FEATURE_X_OPENLDAP_THREAD_SAFE 1
| #define HAVE_SEM_TIMEDWAIT 1
| #define SIZEOF_PTHREAD_T 8
| #define ISC_PLATFORM_USETHREADS 1
| #define HAVE_SIGWAIT 1
| #define HAVE_PTHREAD_ATTR_GETSTACKSIZE 1
| #define HAVE_PTHREAD_ATTR_SETSTACKSIZE 1
| #define HAVE_SYSCONF 1
| #define HAVE_LINUXTHREADS 1
| #define VSNPRINTF_PERCENT_M 1
| #define HAVE_SYS_CAPABILITY_H 1
| #define HAVE_SYS_PRCTL_H 1
| #define HAVE_LINUX_CAPABILITIES 1
| #define HAVE_DROPROOT 1
| #define HAVE_SYS_TYPES_H 1
| #define HAVE_NETINET_IN_H 1
| #define HAVE_ARPA_NAMESER_H 1
| #define HAVE_NETDB_H 1
| #define HAVE_RESOLV_H 1
| #define HAVE___RES_INIT 1
| #define HAVE_UINTPTR_T 1
| #define HAVE_STRUCT_TIMESPEC 1
| #define HAVE_STRUCT_NTPTIMEVAL 1
| #define HAVE_MD5_H 1
| #define HAVE_MD5INIT 1
| #define HAVE_SYSCONF 1
| #define HAVE_GETDTABLESIZE 1
| #define HAVE_SIGACTION 1
| #define HAVE_SIGSET 1
| #define HAVE_SETTIMEOFDAY 1
| #define HAVE_OPENSSL_CMAC_H 1
| #define ENABLE_CMAC 1
| #define OPENSSL /**/
| #define OPENSSL_SUPPRESS_DEPRECATED 1
| #define HAVE_EVP_MD_DO_ALL_SORTED 1
| #define HAVE_RAND_BYTES 1
| #define HAVE_RAND_POLL 1
| #define USE_OPENSSL_CRYPTO_RAND 1
| #define HAVE_DLFCN_H 1
| #define LT_OBJDIR ".libs/"
| #define HAVE_DIRENT_H 1
| #define HAVE_SYS_MMAN_H 1
| #define HAVE_SYS_PARAM_H 1
| #define HAVE_SYS_POLL_H 1
| #define HAVE_SYS_SELECT_H 1
| #define HAVE_SYS_SOCKET_H 1
| #define HAVE_SYS_TIME_H 1
| #define HAVE_SYS_UN_H 1
| #define HAVE_SYS_WAIT_H 1
| #define HAVE_DLFCN_H 1
| #define HAVE_ERRNO_H 1
| #define HAVE_FCNTL_H 1
| #define HAVE_LIBGEN_H 1
| #define HAVE_LIBINTL_H 1
| #define HAVE_MEMORY_H 1
| #define HAVE_NETINET_IN_H 1
| #define HAVE_SETJMP_H 1
| #define HAVE_STDBOOL_H 1
| #define HAVE_SYSEXITS_H 1
| #define HAVE_UNISTD_H 1
| #define HAVE_UTIME_H 1
| #define HAVE_STDARG_H 1
| #define HAVE_STRING_H 1
| #define HAVE_LIMITS_H 1
| #define HAVE_INTTYPES_H 1
| /* end confdefs.h.  */
| 
|   #include <stddef.h>
| #ifdef HAVE_STDIO_H
| # include <stdio.h>
| #endif
| #ifdef HAVE_STDLIB_H
| # include <stdlib.h>
| #endif
| #ifdef HAVE_STRING_H
| # include <string.h>
| #endif
| #ifdef HAVE_INTTYPES_H
| # include <inttypes.h>
| #endif
| #ifdef HAVE_STDINT_H
| # include <stdint.h>
| #endif
| #ifdef HAVE_STRINGS_H
| # include <strings.h>
| #endif
| #ifdef HAVE_SYS_TYPES_H
| # include <sys/types.h>
| #endif
| #ifdef HAVE_SYS_STAT_H
| # include <sys/stat.h>
| #endif
| #ifdef HAVE_UNISTD_H
| # include <unistd.h>
| #endif
|   #if HAVE_RUNETYPE_H
|   # include <runetype.h>
|   #endif
| 
| 
| #include <runetype.h>
configure:27302: result: no
configure:27314: checking for wchar.h
configure:27314: result: yes
configure:27370: checking for wchar_t
configure:27370: cc -c -march=x86-64 -mtune=generic -O2 -pipe -fno-plt -fexceptions         -Wp,-D_FORTIFY_SOURCE=3 -Wformat -Werror=format-security         -fstack-clash-protection -fcf-protection         -fno-omit-frame-pointer -mno-omit-leaf-frame-pointer -Wno-incompatible-pointer-types -g -ffile-prefix-map=/home/esteban/Escritorio/hack_the_box/machines/administrator/tools/ntpdate/src=/usr/src/debug/ntpdate -flto=auto  conftest.c >&5
configure:27370: $? = 0
configure:27370: cc -c -march=x86-64 -mtune=generic -O2 -pipe -fno-plt -fexceptions         -Wp,-D_FORTIFY_SOURCE=3 -Wformat -Werror=format-security         -fstack-clash-protection -fcf-protection         -fno-omit-frame-pointer -mno-omit-leaf-frame-pointer -Wno-incompatible-pointer-types -g -ffile-prefix-map=/home/esteban/Escritorio/hack_the_box/machines/administrator/tools/ntpdate/src=/usr/src/debug/ntpdate -flto=auto  conftest.c >&5
conftest.c: In function 'main':
conftest.c:208:22: error: expected expression before ')' token
  208 | if (sizeof ((wchar_t)))
      |                      ^
configure:27370: $? = 1
configure: failed program was:
| /* confdefs.h */
| #define PACKAGE_NAME "sntp"
| #define PACKAGE_TARNAME "sntp"
| #define PACKAGE_VERSION "4.2.8p18"
| #define PACKAGE_STRING "sntp 4.2.8p18"
| #define PACKAGE_BUGREPORT "https://bugs.ntp.org/"
| #define PACKAGE_URL "https://www.ntp.org/"
| #define PACKAGE "sntp"
| #define VERSION "4.2.8p18"
| #define STR_SYSTEM "x86_64-pc-linux-gnu"
| #define HAVE_STDIO_H 1
| #define HAVE_STDLIB_H 1
| #define HAVE_STRING_H 1
| #define HAVE_INTTYPES_H 1
| #define HAVE_STDINT_H 1
| #define HAVE_STRINGS_H 1
| #define HAVE_SYS_STAT_H 1
| #define HAVE_SYS_TYPES_H 1
| #define HAVE_UNISTD_H 1
| #define HAVE_WCHAR_H 1
| #define HAVE_STDARG_H 1
| #define STDC_HEADERS 1
| #define _ALL_SOURCE 1
| #define _DARWIN_C_SOURCE 1
| #define _GNU_SOURCE 1
| #define _HPUX_ALT_XOPEN_SOCKET_API 1
| #define _NETBSD_SOURCE 1
| #define _OPENBSD_SOURCE 1
| #define _POSIX_PTHREAD_SEMANTICS 1
| #define __STDC_WANT_IEC_60559_ATTRIBS_EXT__ 1
| #define __STDC_WANT_IEC_60559_BFP_EXT__ 1
| #define __STDC_WANT_IEC_60559_DFP_EXT__ 1
| #define __STDC_WANT_IEC_60559_EXT__ 1
| #define __STDC_WANT_IEC_60559_FUNCS_EXT__ 1
| #define __STDC_WANT_IEC_60559_TYPES_EXT__ 1
| #define __STDC_WANT_LIB_EXT2__ 1
| #define __STDC_WANT_MATH_SPEC_FUNCS__ 1
| #define _TANDEM_SOURCE 1
| #define __EXTENSIONS__ 1
| #define HAVE___ATTRIBUTE__ /**/
| #define HAVE_FORK 1
| #define HAVE_VFORK 1
| #define HAVE_VPRINTF 1
| #define HAVE_DECL_STRERROR_R 1
| #define HAVE_UNSIGNED_LONG_LONG_INT 1
| #define HAVE_VSNPRINTF 1
| #define HAVE_SNPRINTF 1
| #define DIR_SEP '/'
| #define HAVE_READLINE_READLINE_H 1
| #define HAVE_HISTEDIT_H 1
| #define HAVE_READLINE_HISTORY_H 1
| #define EL_INIT_ARGS 4
| #define HAVE_READLINE_HISTORY 1
| #define HAVE_WORKING_VFORK 1
| #define HAVE_WORKING_FORK 1
| #define HAVE_ALLOCA_H 1
| #define HAVE_ALLOCA 1
| #define HAVE_STRERROR_R 1
| #define STRERROR_R_CHAR_P 1
| #define HAVE_CLOCK_GETRES 1
| #define HAVE_CLOCK_GETTIME 1
| #define HAVE_CLOCK_SETTIME 1
| #define HAVE_TIMEGM 1
| #define HAVE_STRLCPY 1
| #define HAVE_STRLCAT 1
| #define HAVE_ERRNO_H 1
| #define HAVE_SYS_SOCKET_H 1
| #define HAVE_SYS_TYPES_H 1
| #define HAVE_TIME_H 1
| #define HAVE_NET_IF_H 1
| #define HAVE_LINUX_IF_ADDR_H 1
| #define NEED_EARLY_FORK 1
| #define HAVE_ARPA_NAMESER_H 1
| #define HAVE_SYS_PARAM_H 1
| #define HAVE_SYS_TIME_H 1
| #define HAVE_NETINET_IN_SYSTM_H 1
| #define HAVE_NETINET_IN_H 1
| #define HAVE_RESOLV_H 1
| #define HAVE_NETINET_IP_H 1
| #define HAVE_RECVMSG 1
| #define HAVE_INLINE 1
| #define SIZEOF_TIME_T 8
| #define SIZEOF_SIGNED_CHAR 1
| #define HAVE_LONG_LONG 1
| #define SIZEOF_SHORT 2
| #define SIZEOF_INT 4
| #define SIZEOF_LONG 8
| #define SIZEOF_LONG_LONG 8
| #define NEED_S_CHAR_TYPEDEF 1
| #define DEBUG 1
| #define HAVE_SEMAPHORE_H 1
| #define HAVE_SOCKETPAIR 1
| #define HAVE_PTHREAD_H 1
| #define HAVE_PTHREADS 10
| #define HAVE_SCHED_H 1
| #define HAVE_SCHED_YIELD 1
| #define HAVE_PTHREAD_KILL 1
| #define HAVE_PTHREAD_RWLOCK_DESTROY 1
| #define HAVE_PTHREAD_DETACH 1
| #define HAVE_PTHREAD_SETCONCURRENCY 1
| #define HAVE_PTHREAD_GETCONCURRENCY 1
| #define HAVE_YIELDING_SELECT 1
| #define REENTRANT 1
| #define _REENTRANT 1
| #define THREAD_SAFE 1
| #define _THREAD_SAFE 1
| #define THREADSAFE 1
| #define _THREADSAFE 1
| #define _SGI_MP_SOURCE 1
| #define LDAP_API_FEATURE_X_OPENLDAP_THREAD_SAFE 1
| #define HAVE_SEM_TIMEDWAIT 1
| #define SIZEOF_PTHREAD_T 8
| #define ISC_PLATFORM_USETHREADS 1
| #define HAVE_SIGWAIT 1
| #define HAVE_PTHREAD_ATTR_GETSTACKSIZE 1
| #define HAVE_PTHREAD_ATTR_SETSTACKSIZE 1
| #define HAVE_SYSCONF 1
| #define HAVE_LINUXTHREADS 1
| #define VSNPRINTF_PERCENT_M 1
| #define HAVE_SYS_CAPABILITY_H 1
| #define HAVE_SYS_PRCTL_H 1
| #define HAVE_LINUX_CAPABILITIES 1
| #define HAVE_DROPROOT 1
| #define HAVE_SYS_TYPES_H 1
| #define HAVE_NETINET_IN_H 1
| #define HAVE_ARPA_NAMESER_H 1
| #define HAVE_NETDB_H 1
| #define HAVE_RESOLV_H 1
| #define HAVE___RES_INIT 1
| #define HAVE_UINTPTR_T 1
| #define HAVE_STRUCT_TIMESPEC 1
| #define HAVE_STRUCT_NTPTIMEVAL 1
| #define HAVE_MD5_H 1
| #define HAVE_MD5INIT 1
| #define HAVE_SYSCONF 1
| #define HAVE_GETDTABLESIZE 1
| #define HAVE_SIGACTION 1
| #define HAVE_SIGSET 1
| #define HAVE_SETTIMEOFDAY 1
| #define HAVE_OPENSSL_CMAC_H 1
| #define ENABLE_CMAC 1
| #define OPENSSL /**/
| #define OPENSSL_SUPPRESS_DEPRECATED 1
| #define HAVE_EVP_MD_DO_ALL_SORTED 1
| #define HAVE_RAND_BYTES 1
| #define HAVE_RAND_POLL 1
| #define USE_OPENSSL_CRYPTO_RAND 1
| #define HAVE_DLFCN_H 1
| #define LT_OBJDIR ".libs/"
| #define HAVE_DIRENT_H 1
| #define HAVE_SYS_MMAN_H 1
| #define HAVE_SYS_PARAM_H 1
| #define HAVE_SYS_POLL_H 1
| #define HAVE_SYS_SELECT_H 1
| #define HAVE_SYS_SOCKET_H 1
| #define HAVE_SYS_TIME_H 1
| #define HAVE_SYS_UN_H 1
| #define HAVE_SYS_WAIT_H 1
| #define HAVE_DLFCN_H 1
| #define HAVE_ERRNO_H 1
| #define HAVE_FCNTL_H 1
| #define HAVE_LIBGEN_H 1
| #define HAVE_LIBINTL_H 1
| #define HAVE_MEMORY_H 1
| #define HAVE_NETINET_IN_H 1
| #define HAVE_SETJMP_H 1
| #define HAVE_STDBOOL_H 1
| #define HAVE_SYSEXITS_H 1
| #define HAVE_UNISTD_H 1
| #define HAVE_UTIME_H 1
| #define HAVE_STDARG_H 1
| #define HAVE_STRING_H 1
| #define HAVE_LIMITS_H 1
| #define HAVE_INTTYPES_H 1
| #define HAVE_WCHAR_H 1
| /* end confdefs.h.  */
| #include <stddef.h>
| #ifdef HAVE_STDIO_H
| # include <stdio.h>
| #endif
| #ifdef HAVE_STDLIB_H
| # include <stdlib.h>
| #endif
| #ifdef HAVE_STRING_H
| # include <string.h>
| #endif
| #ifdef HAVE_INTTYPES_H
| # include <inttypes.h>
| #endif
| #ifdef HAVE_STDINT_H
| # include <stdint.h>
| #endif
| #ifdef HAVE_STRINGS_H
| # include <strings.h>
| #endif
| #ifdef HAVE_SYS_TYPES_H
| # include <sys/types.h>
| #endif
| #ifdef HAVE_SYS_STAT_H
| # include <sys/stat.h>
| #endif
| #ifdef HAVE_UNISTD_H
| # include <unistd.h>
| #endif
| int
| main (void)
| {
| if (sizeof ((wchar_t)))
| 	    return 0;
|   ;
|   return 0;
| }
configure:27370: result: yes
configure:27379: checking for wint_t
configure:27379: cc -c -march=x86-64 -mtune=generic -O2 -pipe -fno-plt -fexceptions         -Wp,-D_FORTIFY_SOURCE=3 -Wformat -Werror=format-security         -fstack-clash-protection -fcf-protection         -fno-omit-frame-pointer -mno-omit-leaf-frame-pointer -Wno-incompatible-pointer-types -g -ffile-prefix-map=/home/esteban/Escritorio/hack_the_box/machines/administrator/tools/ntpdate/src=/usr/src/debug/ntpdate -flto=auto  conftest.c >&5
configure:27379: $? = 0
configure:27379: cc -c -march=x86-64 -mtune=generic -O2 -pipe -fno-plt -fexceptions         -Wp,-D_FORTIFY_SOURCE=3 -Wformat -Werror=format-security         -fstack-clash-protection -fcf-protection         -fno-omit-frame-pointer -mno-omit-leaf-frame-pointer -Wno-incompatible-pointer-types -g -ffile-prefix-map=/home/esteban/Escritorio/hack_the_box/machines/administrator/tools/ntpdate/src=/usr/src/debug/ntpdate -flto=auto  conftest.c >&5
conftest.c: In function 'main':
conftest.c:218:21: error: expected expression before ')' token
  218 | if (sizeof ((wint_t)))
      |                     ^
configure:27379: $? = 1
configure: failed program was:
| /* confdefs.h */
| #define PACKAGE_NAME "sntp"
| #define PACKAGE_TARNAME "sntp"
| #define PACKAGE_VERSION "4.2.8p18"
| #define PACKAGE_STRING "sntp 4.2.8p18"
| #define PACKAGE_BUGREPORT "https://bugs.ntp.org/"
| #define PACKAGE_URL "https://www.ntp.org/"
| #define PACKAGE "sntp"
| #define VERSION "4.2.8p18"
| #define STR_SYSTEM "x86_64-pc-linux-gnu"
| #define HAVE_STDIO_H 1
| #define HAVE_STDLIB_H 1
| #define HAVE_STRING_H 1
| #define HAVE_INTTYPES_H 1
| #define HAVE_STDINT_H 1
| #define HAVE_STRINGS_H 1
| #define HAVE_SYS_STAT_H 1
| #define HAVE_SYS_TYPES_H 1
| #define HAVE_UNISTD_H 1
| #define HAVE_WCHAR_H 1
| #define HAVE_STDARG_H 1
| #define STDC_HEADERS 1
| #define _ALL_SOURCE 1
| #define _DARWIN_C_SOURCE 1
| #define _GNU_SOURCE 1
| #define _HPUX_ALT_XOPEN_SOCKET_API 1
| #define _NETBSD_SOURCE 1
| #define _OPENBSD_SOURCE 1
| #define _POSIX_PTHREAD_SEMANTICS 1
| #define __STDC_WANT_IEC_60559_ATTRIBS_EXT__ 1
| #define __STDC_WANT_IEC_60559_BFP_EXT__ 1
| #define __STDC_WANT_IEC_60559_DFP_EXT__ 1
| #define __STDC_WANT_IEC_60559_EXT__ 1
| #define __STDC_WANT_IEC_60559_FUNCS_EXT__ 1
| #define __STDC_WANT_IEC_60559_TYPES_EXT__ 1
| #define __STDC_WANT_LIB_EXT2__ 1
| #define __STDC_WANT_MATH_SPEC_FUNCS__ 1
| #define _TANDEM_SOURCE 1
| #define __EXTENSIONS__ 1
| #define HAVE___ATTRIBUTE__ /**/
| #define HAVE_FORK 1
| #define HAVE_VFORK 1
| #define HAVE_VPRINTF 1
| #define HAVE_DECL_STRERROR_R 1
| #define HAVE_UNSIGNED_LONG_LONG_INT 1
| #define HAVE_VSNPRINTF 1
| #define HAVE_SNPRINTF 1
| #define DIR_SEP '/'
| #define HAVE_READLINE_READLINE_H 1
| #define HAVE_HISTEDIT_H 1
| #define HAVE_READLINE_HISTORY_H 1
| #define EL_INIT_ARGS 4
| #define HAVE_READLINE_HISTORY 1
| #define HAVE_WORKING_VFORK 1
| #define HAVE_WORKING_FORK 1
| #define HAVE_ALLOCA_H 1
| #define HAVE_ALLOCA 1
| #define HAVE_STRERROR_R 1
| #define STRERROR_R_CHAR_P 1
| #define HAVE_CLOCK_GETRES 1
| #define HAVE_CLOCK_GETTIME 1
| #define HAVE_CLOCK_SETTIME 1
| #define HAVE_TIMEGM 1
| #define HAVE_STRLCPY 1
| #define HAVE_STRLCAT 1
| #define HAVE_ERRNO_H 1
| #define HAVE_SYS_SOCKET_H 1
| #define HAVE_SYS_TYPES_H 1
| #define HAVE_TIME_H 1
| #define HAVE_NET_IF_H 1
| #define HAVE_LINUX_IF_ADDR_H 1
| #define NEED_EARLY_FORK 1
| #define HAVE_ARPA_NAMESER_H 1
| #define HAVE_SYS_PARAM_H 1
| #define HAVE_SYS_TIME_H 1
| #define HAVE_NETINET_IN_SYSTM_H 1
| #define HAVE_NETINET_IN_H 1
| #define HAVE_RESOLV_H 1
| #define HAVE_NETINET_IP_H 1
| #define HAVE_RECVMSG 1
| #define HAVE_INLINE 1
| #define SIZEOF_TIME_T 8
| #define SIZEOF_SIGNED_CHAR 1
| #define HAVE_LONG_LONG 1
| #define SIZEOF_SHORT 2
| #define SIZEOF_INT 4
| #define SIZEOF_LONG 8
| #define SIZEOF_LONG_LONG 8
| #define NEED_S_CHAR_TYPEDEF 1
| #define DEBUG 1
| #define HAVE_SEMAPHORE_H 1
| #define HAVE_SOCKETPAIR 1
| #define HAVE_PTHREAD_H 1
| #define HAVE_PTHREADS 10
| #define HAVE_SCHED_H 1
| #define HAVE_SCHED_YIELD 1
| #define HAVE_PTHREAD_KILL 1
| #define HAVE_PTHREAD_RWLOCK_DESTROY 1
| #define HAVE_PTHREAD_DETACH 1
| #define HAVE_PTHREAD_SETCONCURRENCY 1
| #define HAVE_PTHREAD_GETCONCURRENCY 1
| #define HAVE_YIELDING_SELECT 1
| #define REENTRANT 1
| #define _REENTRANT 1
| #define THREAD_SAFE 1
| #define _THREAD_SAFE 1
| #define THREADSAFE 1
| #define _THREADSAFE 1
| #define _SGI_MP_SOURCE 1
| #define LDAP_API_FEATURE_X_OPENLDAP_THREAD_SAFE 1
| #define HAVE_SEM_TIMEDWAIT 1
| #define SIZEOF_PTHREAD_T 8
| #define ISC_PLATFORM_USETHREADS 1
| #define HAVE_SIGWAIT 1
| #define HAVE_PTHREAD_ATTR_GETSTACKSIZE 1
| #define HAVE_PTHREAD_ATTR_SETSTACKSIZE 1
| #define HAVE_SYSCONF 1
| #define HAVE_LINUXTHREADS 1
| #define VSNPRINTF_PERCENT_M 1
| #define HAVE_SYS_CAPABILITY_H 1
| #define HAVE_SYS_PRCTL_H 1
| #define HAVE_LINUX_CAPABILITIES 1
| #define HAVE_DROPROOT 1
| #define HAVE_SYS_TYPES_H 1
| #define HAVE_NETINET_IN_H 1
| #define HAVE_ARPA_NAMESER_H 1
| #define HAVE_NETDB_H 1
| #define HAVE_RESOLV_H 1
| #define HAVE___RES_INIT 1
| #define HAVE_UINTPTR_T 1
| #define HAVE_STRUCT_TIMESPEC 1
| #define HAVE_STRUCT_NTPTIMEVAL 1
| #define HAVE_MD5_H 1
| #define HAVE_MD5INIT 1
| #define HAVE_SYSCONF 1
| #define HAVE_GETDTABLESIZE 1
| #define HAVE_SIGACTION 1
| #define HAVE_SIGSET 1
| #define HAVE_SETTIMEOFDAY 1
| #define HAVE_OPENSSL_CMAC_H 1
| #define ENABLE_CMAC 1
| #define OPENSSL /**/
| #define OPENSSL_SUPPRESS_DEPRECATED 1
| #define HAVE_EVP_MD_DO_ALL_SORTED 1
| #define HAVE_RAND_BYTES 1
| #define HAVE_RAND_POLL 1
| #define USE_OPENSSL_CRYPTO_RAND 1
| #define HAVE_DLFCN_H 1
| #define LT_OBJDIR ".libs/"
| #define HAVE_DIRENT_H 1
| #define HAVE_SYS_MMAN_H 1
| #define HAVE_SYS_PARAM_H 1
| #define HAVE_SYS_POLL_H 1
| #define HAVE_SYS_SELECT_H 1
| #define HAVE_SYS_SOCKET_H 1
| #define HAVE_SYS_TIME_H 1
| #define HAVE_SYS_UN_H 1
| #define HAVE_SYS_WAIT_H 1
| #define HAVE_DLFCN_H 1
| #define HAVE_ERRNO_H 1
| #define HAVE_FCNTL_H 1
| #define HAVE_LIBGEN_H 1
| #define HAVE_LIBINTL_H 1
| #define HAVE_MEMORY_H 1
| #define HAVE_NETINET_IN_H 1
| #define HAVE_SETJMP_H 1
| #define HAVE_STDBOOL_H 1
| #define HAVE_SYSEXITS_H 1
| #define HAVE_UNISTD_H 1
| #define HAVE_UTIME_H 1
| #define HAVE_STDARG_H 1
| #define HAVE_STRING_H 1
| #define HAVE_LIMITS_H 1
| #define HAVE_INTTYPES_H 1
| #define HAVE_WCHAR_H 1
| #define HAVE_WCHAR_T 1
| /* end confdefs.h.  */
| 
|     #include <stddef.h>
| #ifdef HAVE_STDIO_H
| # include <stdio.h>
| #endif
| #ifdef HAVE_STDLIB_H
| # include <stdlib.h>
| #endif
| #ifdef HAVE_STRING_H
| # include <string.h>
| #endif
| #ifdef HAVE_INTTYPES_H
| # include <inttypes.h>
| #endif
| #ifdef HAVE_STDINT_H
| # include <stdint.h>
| #endif
| #ifdef HAVE_STRINGS_H
| # include <strings.h>
| #endif
| #ifdef HAVE_SYS_TYPES_H
| # include <sys/types.h>
| #endif
| #ifdef HAVE_SYS_STAT_H
| # include <sys/stat.h>
| #endif
| #ifdef HAVE_UNISTD_H
| # include <unistd.h>
| #endif
|     #if HAVE_RUNETYPE_H
|     # include <runetype.h>
|     #endif
|     #if HAVE_WCHAR_H
|     # include <wchar.h>
|     #endif
| 
| 
| int
| main (void)
| {
| if (sizeof ((wint_t)))
| 	    return 0;
|   ;
|   return 0;
| }
configure:27379: result: yes
configure:27397: checking for int8_t
configure:27397: cc -c -march=x86-64 -mtune=generic -O2 -pipe -fno-plt -fexceptions         -Wp,-D_FORTIFY_SOURCE=3 -Wformat -Werror=format-security         -fstack-clash-protection -fcf-protection         -fno-omit-frame-pointer -mno-omit-leaf-frame-pointer -Wno-incompatible-pointer-types -g -ffile-prefix-map=/home/esteban/Escritorio/hack_the_box/machines/administrator/tools/ntpdate/src=/usr/src/debug/ntpdate -flto=auto  conftest.c >&5
configure:27397: $? = 0
configure:27397: cc -c -march=x86-64 -mtune=generic -O2 -pipe -fno-plt -fexceptions         -Wp,-D_FORTIFY_SOURCE=3 -Wformat -Werror=format-security         -fstack-clash-protection -fcf-protection         -fno-omit-frame-pointer -mno-omit-leaf-frame-pointer -Wno-incompatible-pointer-types -g -ffile-prefix-map=/home/esteban/Escritorio/hack_the_box/machines/administrator/tools/ntpdate/src=/usr/src/debug/ntpdate -flto=auto  conftest.c >&5
conftest.c: In function 'main':
conftest.c:210:21: error: expected expression before ')' token
  210 | if (sizeof ((int8_t)))
      |                     ^
configure:27397: $? = 1
configure: failed program was:
| /* confdefs.h */
| #define PACKAGE_NAME "sntp"
| #define PACKAGE_TARNAME "sntp"
| #define PACKAGE_VERSION "4.2.8p18"
| #define PACKAGE_STRING "sntp 4.2.8p18"
| #define PACKAGE_BUGREPORT "https://bugs.ntp.org/"
| #define PACKAGE_URL "https://www.ntp.org/"
| #define PACKAGE "sntp"
| #define VERSION "4.2.8p18"
| #define STR_SYSTEM "x86_64-pc-linux-gnu"
| #define HAVE_STDIO_H 1
| #define HAVE_STDLIB_H 1
| #define HAVE_STRING_H 1
| #define HAVE_INTTYPES_H 1
| #define HAVE_STDINT_H 1
| #define HAVE_STRINGS_H 1
| #define HAVE_SYS_STAT_H 1
| #define HAVE_SYS_TYPES_H 1
| #define HAVE_UNISTD_H 1
| #define HAVE_WCHAR_H 1
| #define HAVE_STDARG_H 1
| #define STDC_HEADERS 1
| #define _ALL_SOURCE 1
| #define _DARWIN_C_SOURCE 1
| #define _GNU_SOURCE 1
| #define _HPUX_ALT_XOPEN_SOCKET_API 1
| #define _NETBSD_SOURCE 1
| #define _OPENBSD_SOURCE 1
| #define _POSIX_PTHREAD_SEMANTICS 1
| #define __STDC_WANT_IEC_60559_ATTRIBS_EXT__ 1
| #define __STDC_WANT_IEC_60559_BFP_EXT__ 1
| #define __STDC_WANT_IEC_60559_DFP_EXT__ 1
| #define __STDC_WANT_IEC_60559_EXT__ 1
| #define __STDC_WANT_IEC_60559_FUNCS_EXT__ 1
| #define __STDC_WANT_IEC_60559_TYPES_EXT__ 1
| #define __STDC_WANT_LIB_EXT2__ 1
| #define __STDC_WANT_MATH_SPEC_FUNCS__ 1
| #define _TANDEM_SOURCE 1
| #define __EXTENSIONS__ 1
| #define HAVE___ATTRIBUTE__ /**/
| #define HAVE_FORK 1
| #define HAVE_VFORK 1
| #define HAVE_VPRINTF 1
| #define HAVE_DECL_STRERROR_R 1
| #define HAVE_UNSIGNED_LONG_LONG_INT 1
| #define HAVE_VSNPRINTF 1
| #define HAVE_SNPRINTF 1
| #define DIR_SEP '/'
| #define HAVE_READLINE_READLINE_H 1
| #define HAVE_HISTEDIT_H 1
| #define HAVE_READLINE_HISTORY_H 1
| #define EL_INIT_ARGS 4
| #define HAVE_READLINE_HISTORY 1
| #define HAVE_WORKING_VFORK 1
| #define HAVE_WORKING_FORK 1
| #define HAVE_ALLOCA_H 1
| #define HAVE_ALLOCA 1
| #define HAVE_STRERROR_R 1
| #define STRERROR_R_CHAR_P 1
| #define HAVE_CLOCK_GETRES 1
| #define HAVE_CLOCK_GETTIME 1
| #define HAVE_CLOCK_SETTIME 1
| #define HAVE_TIMEGM 1
| #define HAVE_STRLCPY 1
| #define HAVE_STRLCAT 1
| #define HAVE_ERRNO_H 1
| #define HAVE_SYS_SOCKET_H 1
| #define HAVE_SYS_TYPES_H 1
| #define HAVE_TIME_H 1
| #define HAVE_NET_IF_H 1
| #define HAVE_LINUX_IF_ADDR_H 1
| #define NEED_EARLY_FORK 1
| #define HAVE_ARPA_NAMESER_H 1
| #define HAVE_SYS_PARAM_H 1
| #define HAVE_SYS_TIME_H 1
| #define HAVE_NETINET_IN_SYSTM_H 1
| #define HAVE_NETINET_IN_H 1
| #define HAVE_RESOLV_H 1
| #define HAVE_NETINET_IP_H 1
| #define HAVE_RECVMSG 1
| #define HAVE_INLINE 1
| #define SIZEOF_TIME_T 8
| #define SIZEOF_SIGNED_CHAR 1
| #define HAVE_LONG_LONG 1
| #define SIZEOF_SHORT 2
| #define SIZEOF_INT 4
| #define SIZEOF_LONG 8
| #define SIZEOF_LONG_LONG 8
| #define NEED_S_CHAR_TYPEDEF 1
| #define DEBUG 1
| #define HAVE_SEMAPHORE_H 1
| #define HAVE_SOCKETPAIR 1
| #define HAVE_PTHREAD_H 1
| #define HAVE_PTHREADS 10
| #define HAVE_SCHED_H 1
| #define HAVE_SCHED_YIELD 1
| #define HAVE_PTHREAD_KILL 1
| #define HAVE_PTHREAD_RWLOCK_DESTROY 1
| #define HAVE_PTHREAD_DETACH 1
| #define HAVE_PTHREAD_SETCONCURRENCY 1
| #define HAVE_PTHREAD_GETCONCURRENCY 1
| #define HAVE_YIELDING_SELECT 1
| #define REENTRANT 1
| #define _REENTRANT 1
| #define THREAD_SAFE 1
| #define _THREAD_SAFE 1
| #define THREADSAFE 1
| #define _THREADSAFE 1
| #define _SGI_MP_SOURCE 1
| #define LDAP_API_FEATURE_X_OPENLDAP_THREAD_SAFE 1
| #define HAVE_SEM_TIMEDWAIT 1
| #define SIZEOF_PTHREAD_T 8
| #define ISC_PLATFORM_USETHREADS 1
| #define HAVE_SIGWAIT 1
| #define HAVE_PTHREAD_ATTR_GETSTACKSIZE 1
| #define HAVE_PTHREAD_ATTR_SETSTACKSIZE 1
| #define HAVE_SYSCONF 1
| #define HAVE_LINUXTHREADS 1
| #define VSNPRINTF_PERCENT_M 1
| #define HAVE_SYS_CAPABILITY_H 1
| #define HAVE_SYS_PRCTL_H 1
| #define HAVE_LINUX_CAPABILITIES 1
| #define HAVE_DROPROOT 1
| #define HAVE_SYS_TYPES_H 1
| #define HAVE_NETINET_IN_H 1
| #define HAVE_ARPA_NAMESER_H 1
| #define HAVE_NETDB_H 1
| #define HAVE_RESOLV_H 1
| #define HAVE___RES_INIT 1
| #define HAVE_UINTPTR_T 1
| #define HAVE_STRUCT_TIMESPEC 1
| #define HAVE_STRUCT_NTPTIMEVAL 1
| #define HAVE_MD5_H 1
| #define HAVE_MD5INIT 1
| #define HAVE_SYSCONF 1
| #define HAVE_GETDTABLESIZE 1
| #define HAVE_SIGACTION 1
| #define HAVE_SIGSET 1
| #define HAVE_SETTIMEOFDAY 1
| #define HAVE_OPENSSL_CMAC_H 1
| #define ENABLE_CMAC 1
| #define OPENSSL /**/
| #define OPENSSL_SUPPRESS_DEPRECATED 1
| #define HAVE_EVP_MD_DO_ALL_SORTED 1
| #define HAVE_RAND_BYTES 1
| #define HAVE_RAND_POLL 1
| #define USE_OPENSSL_CRYPTO_RAND 1
| #define HAVE_DLFCN_H 1
| #define LT_OBJDIR ".libs/"
| #define HAVE_DIRENT_H 1
| #define HAVE_SYS_MMAN_H 1
| #define HAVE_SYS_PARAM_H 1
| #define HAVE_SYS_POLL_H 1
| #define HAVE_SYS_SELECT_H 1
| #define HAVE_SYS_SOCKET_H 1
| #define HAVE_SYS_TIME_H 1
| #define HAVE_SYS_UN_H 1
| #define HAVE_SYS_WAIT_H 1
| #define HAVE_DLFCN_H 1
| #define HAVE_ERRNO_H 1
| #define HAVE_FCNTL_H 1
| #define HAVE_LIBGEN_H 1
| #define HAVE_LIBINTL_H 1
| #define HAVE_MEMORY_H 1
| #define HAVE_NETINET_IN_H 1
| #define HAVE_SETJMP_H 1
| #define HAVE_STDBOOL_H 1
| #define HAVE_SYSEXITS_H 1
| #define HAVE_UNISTD_H 1
| #define HAVE_UTIME_H 1
| #define HAVE_STDARG_H 1
| #define HAVE_STRING_H 1
| #define HAVE_LIMITS_H 1
| #define HAVE_INTTYPES_H 1
| #define HAVE_WCHAR_H 1
| #define HAVE_WCHAR_T 1
| #define HAVE_WINT_T 1
| /* end confdefs.h.  */
| #include <stddef.h>
| #ifdef HAVE_STDIO_H
| # include <stdio.h>
| #endif
| #ifdef HAVE_STDLIB_H
| # include <stdlib.h>
| #endif
| #ifdef HAVE_STRING_H
| # include <string.h>
| #endif
| #ifdef HAVE_INTTYPES_H
| # include <inttypes.h>
| #endif
| #ifdef HAVE_STDINT_H
| # include <stdint.h>
| #endif
| #ifdef HAVE_STRINGS_H
| # include <strings.h>
| #endif
| #ifdef HAVE_SYS_TYPES_H
| # include <sys/types.h>
| #endif
| #ifdef HAVE_SYS_STAT_H
| # include <sys/stat.h>
| #endif
| #ifdef HAVE_UNISTD_H
| # include <unistd.h>
| #endif
| int
| main (void)
| {
| if (sizeof ((int8_t)))
| 	    return 0;
|   ;
|   return 0;
| }
configure:27397: result: yes
configure:27405: checking for uint8_t
configure:27405: cc -c -march=x86-64 -mtune=generic -O2 -pipe -fno-plt -fexceptions         -Wp,-D_FORTIFY_SOURCE=3 -Wformat -Werror=format-security         -fstack-clash-protection -fcf-protection         -fno-omit-frame-pointer -mno-omit-leaf-frame-pointer -Wno-incompatible-pointer-types -g -ffile-prefix-map=/home/esteban/Escritorio/hack_the_box/machines/administrator/tools/ntpdate/src=/usr/src/debug/ntpdate -flto=auto  conftest.c >&5
configure:27405: $? = 0
configure:27405: cc -c -march=x86-64 -mtune=generic -O2 -pipe -fno-plt -fexceptions         -Wp,-D_FORTIFY_SOURCE=3 -Wformat -Werror=format-security         -fstack-clash-protection -fcf-protection         -fno-omit-frame-pointer -mno-omit-leaf-frame-pointer -Wno-incompatible-pointer-types -g -ffile-prefix-map=/home/esteban/Escritorio/hack_the_box/machines/administrator/tools/ntpdate/src=/usr/src/debug/ntpdate -flto=auto  conftest.c >&5
conftest.c: In function 'main':
conftest.c:211:22: error: expected expression before ')' token
  211 | if (sizeof ((uint8_t)))
      |                      ^
configure:27405: $? = 1
configure: failed program was:
| /* confdefs.h */
| #define PACKAGE_NAME "sntp"
| #define PACKAGE_TARNAME "sntp"
| #define PACKAGE_VERSION "4.2.8p18"
| #define PACKAGE_STRING "sntp 4.2.8p18"
| #define PACKAGE_BUGREPORT "https://bugs.ntp.org/"
| #define PACKAGE_URL "https://www.ntp.org/"
| #define PACKAGE "sntp"
| #define VERSION "4.2.8p18"
| #define STR_SYSTEM "x86_64-pc-linux-gnu"
| #define HAVE_STDIO_H 1
| #define HAVE_STDLIB_H 1
| #define HAVE_STRING_H 1
| #define HAVE_INTTYPES_H 1
| #define HAVE_STDINT_H 1
| #define HAVE_STRINGS_H 1
| #define HAVE_SYS_STAT_H 1
| #define HAVE_SYS_TYPES_H 1
| #define HAVE_UNISTD_H 1
| #define HAVE_WCHAR_H 1
| #define HAVE_STDARG_H 1
| #define STDC_HEADERS 1
| #define _ALL_SOURCE 1
| #define _DARWIN_C_SOURCE 1
| #define _GNU_SOURCE 1
| #define _HPUX_ALT_XOPEN_SOCKET_API 1
| #define _NETBSD_SOURCE 1
| #define _OPENBSD_SOURCE 1
| #define _POSIX_PTHREAD_SEMANTICS 1
| #define __STDC_WANT_IEC_60559_ATTRIBS_EXT__ 1
| #define __STDC_WANT_IEC_60559_BFP_EXT__ 1
| #define __STDC_WANT_IEC_60559_DFP_EXT__ 1
| #define __STDC_WANT_IEC_60559_EXT__ 1
| #define __STDC_WANT_IEC_60559_FUNCS_EXT__ 1
| #define __STDC_WANT_IEC_60559_TYPES_EXT__ 1
| #define __STDC_WANT_LIB_EXT2__ 1
| #define __STDC_WANT_MATH_SPEC_FUNCS__ 1
| #define _TANDEM_SOURCE 1
| #define __EXTENSIONS__ 1
| #define HAVE___ATTRIBUTE__ /**/
| #define HAVE_FORK 1
| #define HAVE_VFORK 1
| #define HAVE_VPRINTF 1
| #define HAVE_DECL_STRERROR_R 1
| #define HAVE_UNSIGNED_LONG_LONG_INT 1
| #define HAVE_VSNPRINTF 1
| #define HAVE_SNPRINTF 1
| #define DIR_SEP '/'
| #define HAVE_READLINE_READLINE_H 1
| #define HAVE_HISTEDIT_H 1
| #define HAVE_READLINE_HISTORY_H 1
| #define EL_INIT_ARGS 4
| #define HAVE_READLINE_HISTORY 1
| #define HAVE_WORKING_VFORK 1
| #define HAVE_WORKING_FORK 1
| #define HAVE_ALLOCA_H 1
| #define HAVE_ALLOCA 1
| #define HAVE_STRERROR_R 1
| #define STRERROR_R_CHAR_P 1
| #define HAVE_CLOCK_GETRES 1
| #define HAVE_CLOCK_GETTIME 1
| #define HAVE_CLOCK_SETTIME 1
| #define HAVE_TIMEGM 1
| #define HAVE_STRLCPY 1
| #define HAVE_STRLCAT 1
| #define HAVE_ERRNO_H 1
| #define HAVE_SYS_SOCKET_H 1
| #define HAVE_SYS_TYPES_H 1
| #define HAVE_TIME_H 1
| #define HAVE_NET_IF_H 1
| #define HAVE_LINUX_IF_ADDR_H 1
| #define NEED_EARLY_FORK 1
| #define HAVE_ARPA_NAMESER_H 1
| #define HAVE_SYS_PARAM_H 1
| #define HAVE_SYS_TIME_H 1
| #define HAVE_NETINET_IN_SYSTM_H 1
| #define HAVE_NETINET_IN_H 1
| #define HAVE_RESOLV_H 1
| #define HAVE_NETINET_IP_H 1
| #define HAVE_RECVMSG 1
| #define HAVE_INLINE 1
| #define SIZEOF_TIME_T 8
| #define SIZEOF_SIGNED_CHAR 1
| #define HAVE_LONG_LONG 1
| #define SIZEOF_SHORT 2
| #define SIZEOF_INT 4
| #define SIZEOF_LONG 8
| #define SIZEOF_LONG_LONG 8
| #define NEED_S_CHAR_TYPEDEF 1
| #define DEBUG 1
| #define HAVE_SEMAPHORE_H 1
| #define HAVE_SOCKETPAIR 1
| #define HAVE_PTHREAD_H 1
| #define HAVE_PTHREADS 10
| #define HAVE_SCHED_H 1
| #define HAVE_SCHED_YIELD 1
| #define HAVE_PTHREAD_KILL 1
| #define HAVE_PTHREAD_RWLOCK_DESTROY 1
| #define HAVE_PTHREAD_DETACH 1
| #define HAVE_PTHREAD_SETCONCURRENCY 1
| #define HAVE_PTHREAD_GETCONCURRENCY 1
| #define HAVE_YIELDING_SELECT 1
| #define REENTRANT 1
| #define _REENTRANT 1
| #define THREAD_SAFE 1
| #define _THREAD_SAFE 1
| #define THREADSAFE 1
| #define _THREADSAFE 1
| #define _SGI_MP_SOURCE 1
| #define LDAP_API_FEATURE_X_OPENLDAP_THREAD_SAFE 1
| #define HAVE_SEM_TIMEDWAIT 1
| #define SIZEOF_PTHREAD_T 8
| #define ISC_PLATFORM_USETHREADS 1
| #define HAVE_SIGWAIT 1
| #define HAVE_PTHREAD_ATTR_GETSTACKSIZE 1
| #define HAVE_PTHREAD_ATTR_SETSTACKSIZE 1
| #define HAVE_SYSCONF 1
| #define HAVE_LINUXTHREADS 1
| #define VSNPRINTF_PERCENT_M 1
| #define HAVE_SYS_CAPABILITY_H 1
| #define HAVE_SYS_PRCTL_H 1
| #define HAVE_LINUX_CAPABILITIES 1
| #define HAVE_DROPROOT 1
| #define HAVE_SYS_TYPES_H 1
| #define HAVE_NETINET_IN_H 1
| #define HAVE_ARPA_NAMESER_H 1
| #define HAVE_NETDB_H 1
| #define HAVE_RESOLV_H 1
| #define HAVE___RES_INIT 1
| #define HAVE_UINTPTR_T 1
| #define HAVE_STRUCT_TIMESPEC 1
| #define HAVE_STRUCT_NTPTIMEVAL 1
| #define HAVE_MD5_H 1
| #define HAVE_MD5INIT 1
| #define HAVE_SYSCONF 1
| #define HAVE_GETDTABLESIZE 1
| #define HAVE_SIGACTION 1
| #define HAVE_SIGSET 1
| #define HAVE_SETTIMEOFDAY 1
| #define HAVE_OPENSSL_CMAC_H 1
| #define ENABLE_CMAC 1
| #define OPENSSL /**/
| #define OPENSSL_SUPPRESS_DEPRECATED 1
| #define HAVE_EVP_MD_DO_ALL_SORTED 1
| #define HAVE_RAND_BYTES 1
| #define HAVE_RAND_POLL 1
| #define USE_OPENSSL_CRYPTO_RAND 1
| #define HAVE_DLFCN_H 1
| #define LT_OBJDIR ".libs/"
| #define HAVE_DIRENT_H 1
| #define HAVE_SYS_MMAN_H 1
| #define HAVE_SYS_PARAM_H 1
| #define HAVE_SYS_POLL_H 1
| #define HAVE_SYS_SELECT_H 1
| #define HAVE_SYS_SOCKET_H 1
| #define HAVE_SYS_TIME_H 1
| #define HAVE_SYS_UN_H 1
| #define HAVE_SYS_WAIT_H 1
| #define HAVE_DLFCN_H 1
| #define HAVE_ERRNO_H 1
| #define HAVE_FCNTL_H 1
| #define HAVE_LIBGEN_H 1
| #define HAVE_LIBINTL_H 1
| #define HAVE_MEMORY_H 1
| #define HAVE_NETINET_IN_H 1
| #define HAVE_SETJMP_H 1
| #define HAVE_STDBOOL_H 1
| #define HAVE_SYSEXITS_H 1
| #define HAVE_UNISTD_H 1
| #define HAVE_UTIME_H 1
| #define HAVE_STDARG_H 1
| #define HAVE_STRING_H 1
| #define HAVE_LIMITS_H 1
| #define HAVE_INTTYPES_H 1
| #define HAVE_WCHAR_H 1
| #define HAVE_WCHAR_T 1
| #define HAVE_WINT_T 1
| #define HAVE_INT8_T 1
| /* end confdefs.h.  */
| #include <stddef.h>
| #ifdef HAVE_STDIO_H
| # include <stdio.h>
| #endif
| #ifdef HAVE_STDLIB_H
| # include <stdlib.h>
| #endif
| #ifdef HAVE_STRING_H
| # include <string.h>
| #endif
| #ifdef HAVE_INTTYPES_H
| # include <inttypes.h>
| #endif
| #ifdef HAVE_STDINT_H
| # include <stdint.h>
| #endif
| #ifdef HAVE_STRINGS_H
| # include <strings.h>
| #endif
| #ifdef HAVE_SYS_TYPES_H
| # include <sys/types.h>
| #endif
| #ifdef HAVE_SYS_STAT_H
| # include <sys/stat.h>
| #endif
| #ifdef HAVE_UNISTD_H
| # include <unistd.h>
| #endif
| int
| main (void)
| {
| if (sizeof ((uint8_t)))
| 	    return 0;
|   ;
|   return 0;
| }
configure:27405: result: yes
configure:27413: checking for int16_t
configure:27413: cc -c -march=x86-64 -mtune=generic -O2 -pipe -fno-plt -fexceptions         -Wp,-D_FORTIFY_SOURCE=3 -Wformat -Werror=format-security         -fstack-clash-protection -fcf-protection         -fno-omit-frame-pointer -mno-omit-leaf-frame-pointer -Wno-incompatible-pointer-types -g -ffile-prefix-map=/home/esteban/Escritorio/hack_the_box/machines/administrator/tools/ntpdate/src=/usr/src/debug/ntpdate -flto=auto  conftest.c >&5
configure:27413: $? = 0
configure:27413: cc -c -march=x86-64 -mtune=generic -O2 -pipe -fno-plt -fexceptions         -Wp,-D_FORTIFY_SOURCE=3 -Wformat -Werror=format-security         -fstack-clash-protection -fcf-protection         -fno-omit-frame-pointer -mno-omit-leaf-frame-pointer -Wno-incompatible-pointer-types -g -ffile-prefix-map=/home/esteban/Escritorio/hack_the_box/machines/administrator/tools/ntpdate/src=/usr/src/debug/ntpdate -flto=auto  conftest.c >&5
conftest.c: In function 'main':
conftest.c:212:22: error: expected expression before ')' token
  212 | if (sizeof ((int16_t)))
      |                      ^
configure:27413: $? = 1
configure: failed program was:
| /* confdefs.h */
| #define PACKAGE_NAME "sntp"
| #define PACKAGE_TARNAME "sntp"
| #define PACKAGE_VERSION "4.2.8p18"
| #define PACKAGE_STRING "sntp 4.2.8p18"
| #define PACKAGE_BUGREPORT "https://bugs.ntp.org/"
| #define PACKAGE_URL "https://www.ntp.org/"
| #define PACKAGE "sntp"
| #define VERSION "4.2.8p18"
| #define STR_SYSTEM "x86_64-pc-linux-gnu"
| #define HAVE_STDIO_H 1
| #define HAVE_STDLIB_H 1
| #define HAVE_STRING_H 1
| #define HAVE_INTTYPES_H 1
| #define HAVE_STDINT_H 1
| #define HAVE_STRINGS_H 1
| #define HAVE_SYS_STAT_H 1
| #define HAVE_SYS_TYPES_H 1
| #define HAVE_UNISTD_H 1
| #define HAVE_WCHAR_H 1
| #define HAVE_STDARG_H 1
| #define STDC_HEADERS 1
| #define _ALL_SOURCE 1
| #define _DARWIN_C_SOURCE 1
| #define _GNU_SOURCE 1
| #define _HPUX_ALT_XOPEN_SOCKET_API 1
| #define _NETBSD_SOURCE 1
| #define _OPENBSD_SOURCE 1
| #define _POSIX_PTHREAD_SEMANTICS 1
| #define __STDC_WANT_IEC_60559_ATTRIBS_EXT__ 1
| #define __STDC_WANT_IEC_60559_BFP_EXT__ 1
| #define __STDC_WANT_IEC_60559_DFP_EXT__ 1
| #define __STDC_WANT_IEC_60559_EXT__ 1
| #define __STDC_WANT_IEC_60559_FUNCS_EXT__ 1
| #define __STDC_WANT_IEC_60559_TYPES_EXT__ 1
| #define __STDC_WANT_LIB_EXT2__ 1
| #define __STDC_WANT_MATH_SPEC_FUNCS__ 1
| #define _TANDEM_SOURCE 1
| #define __EXTENSIONS__ 1
| #define HAVE___ATTRIBUTE__ /**/
| #define HAVE_FORK 1
| #define HAVE_VFORK 1
| #define HAVE_VPRINTF 1
| #define HAVE_DECL_STRERROR_R 1
| #define HAVE_UNSIGNED_LONG_LONG_INT 1
| #define HAVE_VSNPRINTF 1
| #define HAVE_SNPRINTF 1
| #define DIR_SEP '/'
| #define HAVE_READLINE_READLINE_H 1
| #define HAVE_HISTEDIT_H 1
| #define HAVE_READLINE_HISTORY_H 1
| #define EL_INIT_ARGS 4
| #define HAVE_READLINE_HISTORY 1
| #define HAVE_WORKING_VFORK 1
| #define HAVE_WORKING_FORK 1
| #define HAVE_ALLOCA_H 1
| #define HAVE_ALLOCA 1
| #define HAVE_STRERROR_R 1
| #define STRERROR_R_CHAR_P 1
| #define HAVE_CLOCK_GETRES 1
| #define HAVE_CLOCK_GETTIME 1
| #define HAVE_CLOCK_SETTIME 1
| #define HAVE_TIMEGM 1
| #define HAVE_STRLCPY 1
| #define HAVE_STRLCAT 1
| #define HAVE_ERRNO_H 1
| #define HAVE_SYS_SOCKET_H 1
| #define HAVE_SYS_TYPES_H 1
| #define HAVE_TIME_H 1
| #define HAVE_NET_IF_H 1
| #define HAVE_LINUX_IF_ADDR_H 1
| #define NEED_EARLY_FORK 1
| #define HAVE_ARPA_NAMESER_H 1
| #define HAVE_SYS_PARAM_H 1
| #define HAVE_SYS_TIME_H 1
| #define HAVE_NETINET_IN_SYSTM_H 1
| #define HAVE_NETINET_IN_H 1
| #define HAVE_RESOLV_H 1
| #define HAVE_NETINET_IP_H 1
| #define HAVE_RECVMSG 1
| #define HAVE_INLINE 1
| #define SIZEOF_TIME_T 8
| #define SIZEOF_SIGNED_CHAR 1
| #define HAVE_LONG_LONG 1
| #define SIZEOF_SHORT 2
| #define SIZEOF_INT 4
| #define SIZEOF_LONG 8
| #define SIZEOF_LONG_LONG 8
| #define NEED_S_CHAR_TYPEDEF 1
| #define DEBUG 1
| #define HAVE_SEMAPHORE_H 1
| #define HAVE_SOCKETPAIR 1
| #define HAVE_PTHREAD_H 1
| #define HAVE_PTHREADS 10
| #define HAVE_SCHED_H 1
| #define HAVE_SCHED_YIELD 1
| #define HAVE_PTHREAD_KILL 1
| #define HAVE_PTHREAD_RWLOCK_DESTROY 1
| #define HAVE_PTHREAD_DETACH 1
| #define HAVE_PTHREAD_SETCONCURRENCY 1
| #define HAVE_PTHREAD_GETCONCURRENCY 1
| #define HAVE_YIELDING_SELECT 1
| #define REENTRANT 1
| #define _REENTRANT 1
| #define THREAD_SAFE 1
| #define _THREAD_SAFE 1
| #define THREADSAFE 1
| #define _THREADSAFE 1
| #define _SGI_MP_SOURCE 1
| #define LDAP_API_FEATURE_X_OPENLDAP_THREAD_SAFE 1
| #define HAVE_SEM_TIMEDWAIT 1
| #define SIZEOF_PTHREAD_T 8
| #define ISC_PLATFORM_USETHREADS 1
| #define HAVE_SIGWAIT 1
| #define HAVE_PTHREAD_ATTR_GETSTACKSIZE 1
| #define HAVE_PTHREAD_ATTR_SETSTACKSIZE 1
| #define HAVE_SYSCONF 1
| #define HAVE_LINUXTHREADS 1
| #define VSNPRINTF_PERCENT_M 1
| #define HAVE_SYS_CAPABILITY_H 1
| #define HAVE_SYS_PRCTL_H 1
| #define HAVE_LINUX_CAPABILITIES 1
| #define HAVE_DROPROOT 1
| #define HAVE_SYS_TYPES_H 1
| #define HAVE_NETINET_IN_H 1
| #define HAVE_ARPA_NAMESER_H 1
| #define HAVE_NETDB_H 1
| #define HAVE_RESOLV_H 1
| #define HAVE___RES_INIT 1
| #define HAVE_UINTPTR_T 1
| #define HAVE_STRUCT_TIMESPEC 1
| #define HAVE_STRUCT_NTPTIMEVAL 1
| #define HAVE_MD5_H 1
| #define HAVE_MD5INIT 1
| #define HAVE_SYSCONF 1
| #define HAVE_GETDTABLESIZE 1
| #define HAVE_SIGACTION 1
| #define HAVE_SIGSET 1
| #define HAVE_SETTIMEOFDAY 1
| #define HAVE_OPENSSL_CMAC_H 1
| #define ENABLE_CMAC 1
| #define OPENSSL /**/
| #define OPENSSL_SUPPRESS_DEPRECATED 1
| #define HAVE_EVP_MD_DO_ALL_SORTED 1
| #define HAVE_RAND_BYTES 1
| #define HAVE_RAND_POLL 1
| #define USE_OPENSSL_CRYPTO_RAND 1
| #define HAVE_DLFCN_H 1
| #define LT_OBJDIR ".libs/"
| #define HAVE_DIRENT_H 1
| #define HAVE_SYS_MMAN_H 1
| #define HAVE_SYS_PARAM_H 1
| #define HAVE_SYS_POLL_H 1
| #define HAVE_SYS_SELECT_H 1
| #define HAVE_SYS_SOCKET_H 1
| #define HAVE_SYS_TIME_H 1
| #define HAVE_SYS_UN_H 1
| #define HAVE_SYS_WAIT_H 1
| #define HAVE_DLFCN_H 1
| #define HAVE_ERRNO_H 1
| #define HAVE_FCNTL_H 1
| #define HAVE_LIBGEN_H 1
| #define HAVE_LIBINTL_H 1
| #define HAVE_MEMORY_H 1
| #define HAVE_NETINET_IN_H 1
| #define HAVE_SETJMP_H 1
| #define HAVE_STDBOOL_H 1
| #define HAVE_SYSEXITS_H 1
| #define HAVE_UNISTD_H 1
| #define HAVE_UTIME_H 1
| #define HAVE_STDARG_H 1
| #define HAVE_STRING_H 1
| #define HAVE_LIMITS_H 1
| #define HAVE_INTTYPES_H 1
| #define HAVE_WCHAR_H 1
| #define HAVE_WCHAR_T 1
| #define HAVE_WINT_T 1
| #define HAVE_INT8_T 1
| #define HAVE_UINT8_T 1
| /* end confdefs.h.  */
| #include <stddef.h>
| #ifdef HAVE_STDIO_H
| # include <stdio.h>
| #endif
| #ifdef HAVE_STDLIB_H
| # include <stdlib.h>
| #endif
| #ifdef HAVE_STRING_H
| # include <string.h>
| #endif
| #ifdef HAVE_INTTYPES_H
| # include <inttypes.h>
| #endif
| #ifdef HAVE_STDINT_H
| # include <stdint.h>
| #endif
| #ifdef HAVE_STRINGS_H
| # include <strings.h>
| #endif
| #ifdef HAVE_SYS_TYPES_H
| # include <sys/types.h>
| #endif
| #ifdef HAVE_SYS_STAT_H
| # include <sys/stat.h>
| #endif
| #ifdef HAVE_UNISTD_H
| # include <unistd.h>
| #endif
| int
| main (void)
| {
| if (sizeof ((int16_t)))
| 	    return 0;
|   ;
|   return 0;
| }
configure:27413: result: yes
configure:27421: checking for uint16_t
configure:27421: cc -c -march=x86-64 -mtune=generic -O2 -pipe -fno-plt -fexceptions         -Wp,-D_FORTIFY_SOURCE=3 -Wformat -Werror=format-security         -fstack-clash-protection -fcf-protection         -fno-omit-frame-pointer -mno-omit-leaf-frame-pointer -Wno-incompatible-pointer-types -g -ffile-prefix-map=/home/esteban/Escritorio/hack_the_box/machines/administrator/tools/ntpdate/src=/usr/src/debug/ntpdate -flto=auto  conftest.c >&5
configure:27421: $? = 0
configure:27421: cc -c -march=x86-64 -mtune=generic -O2 -pipe -fno-plt -fexceptions         -Wp,-D_FORTIFY_SOURCE=3 -Wformat -Werror=format-security         -fstack-clash-protection -fcf-protection         -fno-omit-frame-pointer -mno-omit-leaf-frame-pointer -Wno-incompatible-pointer-types -g -ffile-prefix-map=/home/esteban/Escritorio/hack_the_box/machines/administrator/tools/ntpdate/src=/usr/src/debug/ntpdate -flto=auto  conftest.c >&5
conftest.c: In function 'main':
conftest.c:213:23: error: expected expression before ')' token
  213 | if (sizeof ((uint16_t)))
      |                       ^
configure:27421: $? = 1
configure: failed program was:
| /* confdefs.h */
| #define PACKAGE_NAME "sntp"
| #define PACKAGE_TARNAME "sntp"
| #define PACKAGE_VERSION "4.2.8p18"
| #define PACKAGE_STRING "sntp 4.2.8p18"
| #define PACKAGE_BUGREPORT "https://bugs.ntp.org/"
| #define PACKAGE_URL "https://www.ntp.org/"
| #define PACKAGE "sntp"
| #define VERSION "4.2.8p18"
| #define STR_SYSTEM "x86_64-pc-linux-gnu"
| #define HAVE_STDIO_H 1
| #define HAVE_STDLIB_H 1
| #define HAVE_STRING_H 1
| #define HAVE_INTTYPES_H 1
| #define HAVE_STDINT_H 1
| #define HAVE_STRINGS_H 1
| #define HAVE_SYS_STAT_H 1
| #define HAVE_SYS_TYPES_H 1
| #define HAVE_UNISTD_H 1
| #define HAVE_WCHAR_H 1
| #define HAVE_STDARG_H 1
| #define STDC_HEADERS 1
| #define _ALL_SOURCE 1
| #define _DARWIN_C_SOURCE 1
| #define _GNU_SOURCE 1
| #define _HPUX_ALT_XOPEN_SOCKET_API 1
| #define _NETBSD_SOURCE 1
| #define _OPENBSD_SOURCE 1
| #define _POSIX_PTHREAD_SEMANTICS 1
| #define __STDC_WANT_IEC_60559_ATTRIBS_EXT__ 1
| #define __STDC_WANT_IEC_60559_BFP_EXT__ 1
| #define __STDC_WANT_IEC_60559_DFP_EXT__ 1
| #define __STDC_WANT_IEC_60559_EXT__ 1
| #define __STDC_WANT_IEC_60559_FUNCS_EXT__ 1
| #define __STDC_WANT_IEC_60559_TYPES_EXT__ 1
| #define __STDC_WANT_LIB_EXT2__ 1
| #define __STDC_WANT_MATH_SPEC_FUNCS__ 1
| #define _TANDEM_SOURCE 1
| #define __EXTENSIONS__ 1
| #define HAVE___ATTRIBUTE__ /**/
| #define HAVE_FORK 1
| #define HAVE_VFORK 1
| #define HAVE_VPRINTF 1
| #define HAVE_DECL_STRERROR_R 1
| #define HAVE_UNSIGNED_LONG_LONG_INT 1
| #define HAVE_VSNPRINTF 1
| #define HAVE_SNPRINTF 1
| #define DIR_SEP '/'
| #define HAVE_READLINE_READLINE_H 1
| #define HAVE_HISTEDIT_H 1
| #define HAVE_READLINE_HISTORY_H 1
| #define EL_INIT_ARGS 4
| #define HAVE_READLINE_HISTORY 1
| #define HAVE_WORKING_VFORK 1
| #define HAVE_WORKING_FORK 1
| #define HAVE_ALLOCA_H 1
| #define HAVE_ALLOCA 1
| #define HAVE_STRERROR_R 1
| #define STRERROR_R_CHAR_P 1
| #define HAVE_CLOCK_GETRES 1
| #define HAVE_CLOCK_GETTIME 1
| #define HAVE_CLOCK_SETTIME 1
| #define HAVE_TIMEGM 1
| #define HAVE_STRLCPY 1
| #define HAVE_STRLCAT 1
| #define HAVE_ERRNO_H 1
| #define HAVE_SYS_SOCKET_H 1
| #define HAVE_SYS_TYPES_H 1
| #define HAVE_TIME_H 1
| #define HAVE_NET_IF_H 1
| #define HAVE_LINUX_IF_ADDR_H 1
| #define NEED_EARLY_FORK 1
| #define HAVE_ARPA_NAMESER_H 1
| #define HAVE_SYS_PARAM_H 1
| #define HAVE_SYS_TIME_H 1
| #define HAVE_NETINET_IN_SYSTM_H 1
| #define HAVE_NETINET_IN_H 1
| #define HAVE_RESOLV_H 1
| #define HAVE_NETINET_IP_H 1
| #define HAVE_RECVMSG 1
| #define HAVE_INLINE 1
| #define SIZEOF_TIME_T 8
| #define SIZEOF_SIGNED_CHAR 1
| #define HAVE_LONG_LONG 1
| #define SIZEOF_SHORT 2
| #define SIZEOF_INT 4
| #define SIZEOF_LONG 8
| #define SIZEOF_LONG_LONG 8
| #define NEED_S_CHAR_TYPEDEF 1
| #define DEBUG 1
| #define HAVE_SEMAPHORE_H 1
| #define HAVE_SOCKETPAIR 1
| #define HAVE_PTHREAD_H 1
| #define HAVE_PTHREADS 10
| #define HAVE_SCHED_H 1
| #define HAVE_SCHED_YIELD 1
| #define HAVE_PTHREAD_KILL 1
| #define HAVE_PTHREAD_RWLOCK_DESTROY 1
| #define HAVE_PTHREAD_DETACH 1
| #define HAVE_PTHREAD_SETCONCURRENCY 1
| #define HAVE_PTHREAD_GETCONCURRENCY 1
| #define HAVE_YIELDING_SELECT 1
| #define REENTRANT 1
| #define _REENTRANT 1
| #define THREAD_SAFE 1
| #define _THREAD_SAFE 1
| #define THREADSAFE 1
| #define _THREADSAFE 1
| #define _SGI_MP_SOURCE 1
| #define LDAP_API_FEATURE_X_OPENLDAP_THREAD_SAFE 1
| #define HAVE_SEM_TIMEDWAIT 1
| #define SIZEOF_PTHREAD_T 8
| #define ISC_PLATFORM_USETHREADS 1
| #define HAVE_SIGWAIT 1
| #define HAVE_PTHREAD_ATTR_GETSTACKSIZE 1
| #define HAVE_PTHREAD_ATTR_SETSTACKSIZE 1
| #define HAVE_SYSCONF 1
| #define HAVE_LINUXTHREADS 1
| #define VSNPRINTF_PERCENT_M 1
| #define HAVE_SYS_CAPABILITY_H 1
| #define HAVE_SYS_PRCTL_H 1
| #define HAVE_LINUX_CAPABILITIES 1
| #define HAVE_DROPROOT 1
| #define HAVE_SYS_TYPES_H 1
| #define HAVE_NETINET_IN_H 1
| #define HAVE_ARPA_NAMESER_H 1
| #define HAVE_NETDB_H 1
| #define HAVE_RESOLV_H 1
| #define HAVE___RES_INIT 1
| #define HAVE_UINTPTR_T 1
| #define HAVE_STRUCT_TIMESPEC 1
| #define HAVE_STRUCT_NTPTIMEVAL 1
| #define HAVE_MD5_H 1
| #define HAVE_MD5INIT 1
| #define HAVE_SYSCONF 1
| #define HAVE_GETDTABLESIZE 1
| #define HAVE_SIGACTION 1
| #define HAVE_SIGSET 1
| #define HAVE_SETTIMEOFDAY 1
| #define HAVE_OPENSSL_CMAC_H 1
| #define ENABLE_CMAC 1
| #define OPENSSL /**/
| #define OPENSSL_SUPPRESS_DEPRECATED 1
| #define HAVE_EVP_MD_DO_ALL_SORTED 1
| #define HAVE_RAND_BYTES 1
| #define HAVE_RAND_POLL 1
| #define USE_OPENSSL_CRYPTO_RAND 1
| #define HAVE_DLFCN_H 1
| #define LT_OBJDIR ".libs/"
| #define HAVE_DIRENT_H 1
| #define HAVE_SYS_MMAN_H 1
| #define HAVE_SYS_PARAM_H 1
| #define HAVE_SYS_POLL_H 1
| #define HAVE_SYS_SELECT_H 1
| #define HAVE_SYS_SOCKET_H 1
| #define HAVE_SYS_TIME_H 1
| #define HAVE_SYS_UN_H 1
| #define HAVE_SYS_WAIT_H 1
| #define HAVE_DLFCN_H 1
| #define HAVE_ERRNO_H 1
| #define HAVE_FCNTL_H 1
| #define HAVE_LIBGEN_H 1
| #define HAVE_LIBINTL_H 1
| #define HAVE_MEMORY_H 1
| #define HAVE_NETINET_IN_H 1
| #define HAVE_SETJMP_H 1
| #define HAVE_STDBOOL_H 1
| #define HAVE_SYSEXITS_H 1
| #define HAVE_UNISTD_H 1
| #define HAVE_UTIME_H 1
| #define HAVE_STDARG_H 1
| #define HAVE_STRING_H 1
| #define HAVE_LIMITS_H 1
| #define HAVE_INTTYPES_H 1
| #define HAVE_WCHAR_H 1
| #define HAVE_WCHAR_T 1
| #define HAVE_WINT_T 1
| #define HAVE_INT8_T 1
| #define HAVE_UINT8_T 1
| #define HAVE_INT16_T 1
| /* end confdefs.h.  */
| #include <stddef.h>
| #ifdef HAVE_STDIO_H
| # include <stdio.h>
| #endif
| #ifdef HAVE_STDLIB_H
| # include <stdlib.h>
| #endif
| #ifdef HAVE_STRING_H
| # include <string.h>
| #endif
| #ifdef HAVE_INTTYPES_H
| # include <inttypes.h>
| #endif
| #ifdef HAVE_STDINT_H
| # include <stdint.h>
| #endif
| #ifdef HAVE_STRINGS_H
| # include <strings.h>
| #endif
| #ifdef HAVE_SYS_TYPES_H
| # include <sys/types.h>
| #endif
| #ifdef HAVE_SYS_STAT_H
| # include <sys/stat.h>
| #endif
| #ifdef HAVE_UNISTD_H
| # include <unistd.h>
| #endif
| int
| main (void)
| {
| if (sizeof ((uint16_t)))
| 	    return 0;
|   ;
|   return 0;
| }
configure:27421: result: yes
configure:27429: checking for int32_t
configure:27429: cc -c -march=x86-64 -mtune=generic -O2 -pipe -fno-plt -fexceptions         -Wp,-D_FORTIFY_SOURCE=3 -Wformat -Werror=format-security         -fstack-clash-protection -fcf-protection         -fno-omit-frame-pointer -mno-omit-leaf-frame-pointer -Wno-incompatible-pointer-types -g -ffile-prefix-map=/home/esteban/Escritorio/hack_the_box/machines/administrator/tools/ntpdate/src=/usr/src/debug/ntpdate -flto=auto  conftest.c >&5
configure:27429: $? = 0
configure:27429: cc -c -march=x86-64 -mtune=generic -O2 -pipe -fno-plt -fexceptions         -Wp,-D_FORTIFY_SOURCE=3 -Wformat -Werror=format-security         -fstack-clash-protection -fcf-protection         -fno-omit-frame-pointer -mno-omit-leaf-frame-pointer -Wno-incompatible-pointer-types -g -ffile-prefix-map=/home/esteban/Escritorio/hack_the_box/machines/administrator/tools/ntpdate/src=/usr/src/debug/ntpdate -flto=auto  conftest.c >&5
conftest.c: In function 'main':
conftest.c:214:22: error: expected expression before ')' token
  214 | if (sizeof ((int32_t)))
      |                      ^
configure:27429: $? = 1
configure: failed program was:
| /* confdefs.h */
| #define PACKAGE_NAME "sntp"
| #define PACKAGE_TARNAME "sntp"
| #define PACKAGE_VERSION "4.2.8p18"
| #define PACKAGE_STRING "sntp 4.2.8p18"
| #define PACKAGE_BUGREPORT "https://bugs.ntp.org/"
| #define PACKAGE_URL "https://www.ntp.org/"
| #define PACKAGE "sntp"
| #define VERSION "4.2.8p18"
| #define STR_SYSTEM "x86_64-pc-linux-gnu"
| #define HAVE_STDIO_H 1
| #define HAVE_STDLIB_H 1
| #define HAVE_STRING_H 1
| #define HAVE_INTTYPES_H 1
| #define HAVE_STDINT_H 1
| #define HAVE_STRINGS_H 1
| #define HAVE_SYS_STAT_H 1
| #define HAVE_SYS_TYPES_H 1
| #define HAVE_UNISTD_H 1
| #define HAVE_WCHAR_H 1
| #define HAVE_STDARG_H 1
| #define STDC_HEADERS 1
| #define _ALL_SOURCE 1
| #define _DARWIN_C_SOURCE 1
| #define _GNU_SOURCE 1
| #define _HPUX_ALT_XOPEN_SOCKET_API 1
| #define _NETBSD_SOURCE 1
| #define _OPENBSD_SOURCE 1
| #define _POSIX_PTHREAD_SEMANTICS 1
| #define __STDC_WANT_IEC_60559_ATTRIBS_EXT__ 1
| #define __STDC_WANT_IEC_60559_BFP_EXT__ 1
| #define __STDC_WANT_IEC_60559_DFP_EXT__ 1
| #define __STDC_WANT_IEC_60559_EXT__ 1
| #define __STDC_WANT_IEC_60559_FUNCS_EXT__ 1
| #define __STDC_WANT_IEC_60559_TYPES_EXT__ 1
| #define __STDC_WANT_LIB_EXT2__ 1
| #define __STDC_WANT_MATH_SPEC_FUNCS__ 1
| #define _TANDEM_SOURCE 1
| #define __EXTENSIONS__ 1
| #define HAVE___ATTRIBUTE__ /**/
| #define HAVE_FORK 1
| #define HAVE_VFORK 1
| #define HAVE_VPRINTF 1
| #define HAVE_DECL_STRERROR_R 1
| #define HAVE_UNSIGNED_LONG_LONG_INT 1
| #define HAVE_VSNPRINTF 1
| #define HAVE_SNPRINTF 1
| #define DIR_SEP '/'
| #define HAVE_READLINE_READLINE_H 1
| #define HAVE_HISTEDIT_H 1
| #define HAVE_READLINE_HISTORY_H 1
| #define EL_INIT_ARGS 4
| #define HAVE_READLINE_HISTORY 1
| #define HAVE_WORKING_VFORK 1
| #define HAVE_WORKING_FORK 1
| #define HAVE_ALLOCA_H 1
| #define HAVE_ALLOCA 1
| #define HAVE_STRERROR_R 1
| #define STRERROR_R_CHAR_P 1
| #define HAVE_CLOCK_GETRES 1
| #define HAVE_CLOCK_GETTIME 1
| #define HAVE_CLOCK_SETTIME 1
| #define HAVE_TIMEGM 1
| #define HAVE_STRLCPY 1
| #define HAVE_STRLCAT 1
| #define HAVE_ERRNO_H 1
| #define HAVE_SYS_SOCKET_H 1
| #define HAVE_SYS_TYPES_H 1
| #define HAVE_TIME_H 1
| #define HAVE_NET_IF_H 1
| #define HAVE_LINUX_IF_ADDR_H 1
| #define NEED_EARLY_FORK 1
| #define HAVE_ARPA_NAMESER_H 1
| #define HAVE_SYS_PARAM_H 1
| #define HAVE_SYS_TIME_H 1
| #define HAVE_NETINET_IN_SYSTM_H 1
| #define HAVE_NETINET_IN_H 1
| #define HAVE_RESOLV_H 1
| #define HAVE_NETINET_IP_H 1
| #define HAVE_RECVMSG 1
| #define HAVE_INLINE 1
| #define SIZEOF_TIME_T 8
| #define SIZEOF_SIGNED_CHAR 1
| #define HAVE_LONG_LONG 1
| #define SIZEOF_SHORT 2
| #define SIZEOF_INT 4
| #define SIZEOF_LONG 8
| #define SIZEOF_LONG_LONG 8
| #define NEED_S_CHAR_TYPEDEF 1
| #define DEBUG 1
| #define HAVE_SEMAPHORE_H 1
| #define HAVE_SOCKETPAIR 1
| #define HAVE_PTHREAD_H 1
| #define HAVE_PTHREADS 10
| #define HAVE_SCHED_H 1
| #define HAVE_SCHED_YIELD 1
| #define HAVE_PTHREAD_KILL 1
| #define HAVE_PTHREAD_RWLOCK_DESTROY 1
| #define HAVE_PTHREAD_DETACH 1
| #define HAVE_PTHREAD_SETCONCURRENCY 1
| #define HAVE_PTHREAD_GETCONCURRENCY 1
| #define HAVE_YIELDING_SELECT 1
| #define REENTRANT 1
| #define _REENTRANT 1
| #define THREAD_SAFE 1
| #define _THREAD_SAFE 1
| #define THREADSAFE 1
| #define _THREADSAFE 1
| #define _SGI_MP_SOURCE 1
| #define LDAP_API_FEATURE_X_OPENLDAP_THREAD_SAFE 1
| #define HAVE_SEM_TIMEDWAIT 1
| #define SIZEOF_PTHREAD_T 8
| #define ISC_PLATFORM_USETHREADS 1
| #define HAVE_SIGWAIT 1
| #define HAVE_PTHREAD_ATTR_GETSTACKSIZE 1
| #define HAVE_PTHREAD_ATTR_SETSTACKSIZE 1
| #define HAVE_SYSCONF 1
| #define HAVE_LINUXTHREADS 1
| #define VSNPRINTF_PERCENT_M 1
| #define HAVE_SYS_CAPABILITY_H 1
| #define HAVE_SYS_PRCTL_H 1
| #define HAVE_LINUX_CAPABILITIES 1
| #define HAVE_DROPROOT 1
| #define HAVE_SYS_TYPES_H 1
| #define HAVE_NETINET_IN_H 1
| #define HAVE_ARPA_NAMESER_H 1
| #define HAVE_NETDB_H 1
| #define HAVE_RESOLV_H 1
| #define HAVE___RES_INIT 1
| #define HAVE_UINTPTR_T 1
| #define HAVE_STRUCT_TIMESPEC 1
| #define HAVE_STRUCT_NTPTIMEVAL 1
| #define HAVE_MD5_H 1
| #define HAVE_MD5INIT 1
| #define HAVE_SYSCONF 1
| #define HAVE_GETDTABLESIZE 1
| #define HAVE_SIGACTION 1
| #define HAVE_SIGSET 1
| #define HAVE_SETTIMEOFDAY 1
| #define HAVE_OPENSSL_CMAC_H 1
| #define ENABLE_CMAC 1
| #define OPENSSL /**/
| #define OPENSSL_SUPPRESS_DEPRECATED 1
| #define HAVE_EVP_MD_DO_ALL_SORTED 1
| #define HAVE_RAND_BYTES 1
| #define HAVE_RAND_POLL 1
| #define USE_OPENSSL_CRYPTO_RAND 1
| #define HAVE_DLFCN_H 1
| #define LT_OBJDIR ".libs/"
| #define HAVE_DIRENT_H 1
| #define HAVE_SYS_MMAN_H 1
| #define HAVE_SYS_PARAM_H 1
| #define HAVE_SYS_POLL_H 1
| #define HAVE_SYS_SELECT_H 1
| #define HAVE_SYS_SOCKET_H 1
| #define HAVE_SYS_TIME_H 1
| #define HAVE_SYS_UN_H 1
| #define HAVE_SYS_WAIT_H 1
| #define HAVE_DLFCN_H 1
| #define HAVE_ERRNO_H 1
| #define HAVE_FCNTL_H 1
| #define HAVE_LIBGEN_H 1
| #define HAVE_LIBINTL_H 1
| #define HAVE_MEMORY_H 1
| #define HAVE_NETINET_IN_H 1
| #define HAVE_SETJMP_H 1
| #define HAVE_STDBOOL_H 1
| #define HAVE_SYSEXITS_H 1
| #define HAVE_UNISTD_H 1
| #define HAVE_UTIME_H 1
| #define HAVE_STDARG_H 1
| #define HAVE_STRING_H 1
| #define HAVE_LIMITS_H 1
| #define HAVE_INTTYPES_H 1
| #define HAVE_WCHAR_H 1
| #define HAVE_WCHAR_T 1
| #define HAVE_WINT_T 1
| #define HAVE_INT8_T 1
| #define HAVE_UINT8_T 1
| #define HAVE_INT16_T 1
| #define HAVE_UINT16_T 1
| /* end confdefs.h.  */
| #include <stddef.h>
| #ifdef HAVE_STDIO_H
| # include <stdio.h>
| #endif
| #ifdef HAVE_STDLIB_H
| # include <stdlib.h>
| #endif
| #ifdef HAVE_STRING_H
| # include <string.h>
| #endif
| #ifdef HAVE_INTTYPES_H
| # include <inttypes.h>
| #endif
| #ifdef HAVE_STDINT_H
| # include <stdint.h>
| #endif
| #ifdef HAVE_STRINGS_H
| # include <strings.h>
| #endif
| #ifdef HAVE_SYS_TYPES_H
| # include <sys/types.h>
| #endif
| #ifdef HAVE_SYS_STAT_H
| # include <sys/stat.h>
| #endif
| #ifdef HAVE_UNISTD_H
| # include <unistd.h>
| #endif
| int
| main (void)
| {
| if (sizeof ((int32_t)))
| 	    return 0;
|   ;
|   return 0;
| }
configure:27429: result: yes
configure:27437: checking for uint32_t
configure:27437: cc -c -march=x86-64 -mtune=generic -O2 -pipe -fno-plt -fexceptions         -Wp,-D_FORTIFY_SOURCE=3 -Wformat -Werror=format-security         -fstack-clash-protection -fcf-protection         -fno-omit-frame-pointer -mno-omit-leaf-frame-pointer -Wno-incompatible-pointer-types -g -ffile-prefix-map=/home/esteban/Escritorio/hack_the_box/machines/administrator/tools/ntpdate/src=/usr/src/debug/ntpdate -flto=auto  conftest.c >&5
configure:27437: $? = 0
configure:27437: cc -c -march=x86-64 -mtune=generic -O2 -pipe -fno-plt -fexceptions         -Wp,-D_FORTIFY_SOURCE=3 -Wformat -Werror=format-security         -fstack-clash-protection -fcf-protection         -fno-omit-frame-pointer -mno-omit-leaf-frame-pointer -Wno-incompatible-pointer-types -g -ffile-prefix-map=/home/esteban/Escritorio/hack_the_box/machines/administrator/tools/ntpdate/src=/usr/src/debug/ntpdate -flto=auto  conftest.c >&5
conftest.c: In function 'main':
conftest.c:215:23: error: expected expression before ')' token
  215 | if (sizeof ((uint32_t)))
      |                       ^
configure:27437: $? = 1
configure: failed program was:
| /* confdefs.h */
| #define PACKAGE_NAME "sntp"
| #define PACKAGE_TARNAME "sntp"
| #define PACKAGE_VERSION "4.2.8p18"
| #define PACKAGE_STRING "sntp 4.2.8p18"
| #define PACKAGE_BUGREPORT "https://bugs.ntp.org/"
| #define PACKAGE_URL "https://www.ntp.org/"
| #define PACKAGE "sntp"
| #define VERSION "4.2.8p18"
| #define STR_SYSTEM "x86_64-pc-linux-gnu"
| #define HAVE_STDIO_H 1
| #define HAVE_STDLIB_H 1
| #define HAVE_STRING_H 1
| #define HAVE_INTTYPES_H 1
| #define HAVE_STDINT_H 1
| #define HAVE_STRINGS_H 1
| #define HAVE_SYS_STAT_H 1
| #define HAVE_SYS_TYPES_H 1
| #define HAVE_UNISTD_H 1
| #define HAVE_WCHAR_H 1
| #define HAVE_STDARG_H 1
| #define STDC_HEADERS 1
| #define _ALL_SOURCE 1
| #define _DARWIN_C_SOURCE 1
| #define _GNU_SOURCE 1
| #define _HPUX_ALT_XOPEN_SOCKET_API 1
| #define _NETBSD_SOURCE 1
| #define _OPENBSD_SOURCE 1
| #define _POSIX_PTHREAD_SEMANTICS 1
| #define __STDC_WANT_IEC_60559_ATTRIBS_EXT__ 1
| #define __STDC_WANT_IEC_60559_BFP_EXT__ 1
| #define __STDC_WANT_IEC_60559_DFP_EXT__ 1
| #define __STDC_WANT_IEC_60559_EXT__ 1
| #define __STDC_WANT_IEC_60559_FUNCS_EXT__ 1
| #define __STDC_WANT_IEC_60559_TYPES_EXT__ 1
| #define __STDC_WANT_LIB_EXT2__ 1
| #define __STDC_WANT_MATH_SPEC_FUNCS__ 1
| #define _TANDEM_SOURCE 1
| #define __EXTENSIONS__ 1
| #define HAVE___ATTRIBUTE__ /**/
| #define HAVE_FORK 1
| #define HAVE_VFORK 1
| #define HAVE_VPRINTF 1
| #define HAVE_DECL_STRERROR_R 1
| #define HAVE_UNSIGNED_LONG_LONG_INT 1
| #define HAVE_VSNPRINTF 1
| #define HAVE_SNPRINTF 1
| #define DIR_SEP '/'
| #define HAVE_READLINE_READLINE_H 1
| #define HAVE_HISTEDIT_H 1
| #define HAVE_READLINE_HISTORY_H 1
| #define EL_INIT_ARGS 4
| #define HAVE_READLINE_HISTORY 1
| #define HAVE_WORKING_VFORK 1
| #define HAVE_WORKING_FORK 1
| #define HAVE_ALLOCA_H 1
| #define HAVE_ALLOCA 1
| #define HAVE_STRERROR_R 1
| #define STRERROR_R_CHAR_P 1
| #define HAVE_CLOCK_GETRES 1
| #define HAVE_CLOCK_GETTIME 1
| #define HAVE_CLOCK_SETTIME 1
| #define HAVE_TIMEGM 1
| #define HAVE_STRLCPY 1
| #define HAVE_STRLCAT 1
| #define HAVE_ERRNO_H 1
| #define HAVE_SYS_SOCKET_H 1
| #define HAVE_SYS_TYPES_H 1
| #define HAVE_TIME_H 1
| #define HAVE_NET_IF_H 1
| #define HAVE_LINUX_IF_ADDR_H 1
| #define NEED_EARLY_FORK 1
| #define HAVE_ARPA_NAMESER_H 1
| #define HAVE_SYS_PARAM_H 1
| #define HAVE_SYS_TIME_H 1
| #define HAVE_NETINET_IN_SYSTM_H 1
| #define HAVE_NETINET_IN_H 1
| #define HAVE_RESOLV_H 1
| #define HAVE_NETINET_IP_H 1
| #define HAVE_RECVMSG 1
| #define HAVE_INLINE 1
| #define SIZEOF_TIME_T 8
| #define SIZEOF_SIGNED_CHAR 1
| #define HAVE_LONG_LONG 1
| #define SIZEOF_SHORT 2
| #define SIZEOF_INT 4
| #define SIZEOF_LONG 8
| #define SIZEOF_LONG_LONG 8
| #define NEED_S_CHAR_TYPEDEF 1
| #define DEBUG 1
| #define HAVE_SEMAPHORE_H 1
| #define HAVE_SOCKETPAIR 1
| #define HAVE_PTHREAD_H 1
| #define HAVE_PTHREADS 10
| #define HAVE_SCHED_H 1
| #define HAVE_SCHED_YIELD 1
| #define HAVE_PTHREAD_KILL 1
| #define HAVE_PTHREAD_RWLOCK_DESTROY 1
| #define HAVE_PTHREAD_DETACH 1
| #define HAVE_PTHREAD_SETCONCURRENCY 1
| #define HAVE_PTHREAD_GETCONCURRENCY 1
| #define HAVE_YIELDING_SELECT 1
| #define REENTRANT 1
| #define _REENTRANT 1
| #define THREAD_SAFE 1
| #define _THREAD_SAFE 1
| #define THREADSAFE 1
| #define _THREADSAFE 1
| #define _SGI_MP_SOURCE 1
| #define LDAP_API_FEATURE_X_OPENLDAP_THREAD_SAFE 1
| #define HAVE_SEM_TIMEDWAIT 1
| #define SIZEOF_PTHREAD_T 8
| #define ISC_PLATFORM_USETHREADS 1
| #define HAVE_SIGWAIT 1
| #define HAVE_PTHREAD_ATTR_GETSTACKSIZE 1
| #define HAVE_PTHREAD_ATTR_SETSTACKSIZE 1
| #define HAVE_SYSCONF 1
| #define HAVE_LINUXTHREADS 1
| #define VSNPRINTF_PERCENT_M 1
| #define HAVE_SYS_CAPABILITY_H 1
| #define HAVE_SYS_PRCTL_H 1
| #define HAVE_LINUX_CAPABILITIES 1
| #define HAVE_DROPROOT 1
| #define HAVE_SYS_TYPES_H 1
| #define HAVE_NETINET_IN_H 1
| #define HAVE_ARPA_NAMESER_H 1
| #define HAVE_NETDB_H 1
| #define HAVE_RESOLV_H 1
| #define HAVE___RES_INIT 1
| #define HAVE_UINTPTR_T 1
| #define HAVE_STRUCT_TIMESPEC 1
| #define HAVE_STRUCT_NTPTIMEVAL 1
| #define HAVE_MD5_H 1
| #define HAVE_MD5INIT 1
| #define HAVE_SYSCONF 1
| #define HAVE_GETDTABLESIZE 1
| #define HAVE_SIGACTION 1
| #define HAVE_SIGSET 1
| #define HAVE_SETTIMEOFDAY 1
| #define HAVE_OPENSSL_CMAC_H 1
| #define ENABLE_CMAC 1
| #define OPENSSL /**/
| #define OPENSSL_SUPPRESS_DEPRECATED 1
| #define HAVE_EVP_MD_DO_ALL_SORTED 1
| #define HAVE_RAND_BYTES 1
| #define HAVE_RAND_POLL 1
| #define USE_OPENSSL_CRYPTO_RAND 1
| #define HAVE_DLFCN_H 1
| #define LT_OBJDIR ".libs/"
| #define HAVE_DIRENT_H 1
| #define HAVE_SYS_MMAN_H 1
| #define HAVE_SYS_PARAM_H 1
| #define HAVE_SYS_POLL_H 1
| #define HAVE_SYS_SELECT_H 1
| #define HAVE_SYS_SOCKET_H 1
| #define HAVE_SYS_TIME_H 1
| #define HAVE_SYS_UN_H 1
| #define HAVE_SYS_WAIT_H 1
| #define HAVE_DLFCN_H 1
| #define HAVE_ERRNO_H 1
| #define HAVE_FCNTL_H 1
| #define HAVE_LIBGEN_H 1
| #define HAVE_LIBINTL_H 1
| #define HAVE_MEMORY_H 1
| #define HAVE_NETINET_IN_H 1
| #define HAVE_SETJMP_H 1
| #define HAVE_STDBOOL_H 1
| #define HAVE_SYSEXITS_H 1
| #define HAVE_UNISTD_H 1
| #define HAVE_UTIME_H 1
| #define HAVE_STDARG_H 1
| #define HAVE_STRING_H 1
| #define HAVE_LIMITS_H 1
| #define HAVE_INTTYPES_H 1
| #define HAVE_WCHAR_H 1
| #define HAVE_WCHAR_T 1
| #define HAVE_WINT_T 1
| #define HAVE_INT8_T 1
| #define HAVE_UINT8_T 1
| #define HAVE_INT16_T 1
| #define HAVE_UINT16_T 1
| #define HAVE_INT32_T 1
| /* end confdefs.h.  */
| #include <stddef.h>
| #ifdef HAVE_STDIO_H
| # include <stdio.h>
| #endif
| #ifdef HAVE_STDLIB_H
| # include <stdlib.h>
| #endif
| #ifdef HAVE_STRING_H
| # include <string.h>
| #endif
| #ifdef HAVE_INTTYPES_H
| # include <inttypes.h>
| #endif
| #ifdef HAVE_STDINT_H
| # include <stdint.h>
| #endif
| #ifdef HAVE_STRINGS_H
| # include <strings.h>
| #endif
| #ifdef HAVE_SYS_TYPES_H
| # include <sys/types.h>
| #endif
| #ifdef HAVE_SYS_STAT_H
| # include <sys/stat.h>
| #endif
| #ifdef HAVE_UNISTD_H
| # include <unistd.h>
| #endif
| int
| main (void)
| {
| if (sizeof ((uint32_t)))
| 	    return 0;
|   ;
|   return 0;
| }
configure:27437: result: yes
configure:27445: checking for intptr_t
configure:27445: cc -c -march=x86-64 -mtune=generic -O2 -pipe -fno-plt -fexceptions         -Wp,-D_FORTIFY_SOURCE=3 -Wformat -Werror=format-security         -fstack-clash-protection -fcf-protection         -fno-omit-frame-pointer -mno-omit-leaf-frame-pointer -Wno-incompatible-pointer-types -g -ffile-prefix-map=/home/esteban/Escritorio/hack_the_box/machines/administrator/tools/ntpdate/src=/usr/src/debug/ntpdate -flto=auto  conftest.c >&5
configure:27445: $? = 0
configure:27445: cc -c -march=x86-64 -mtune=generic -O2 -pipe -fno-plt -fexceptions         -Wp,-D_FORTIFY_SOURCE=3 -Wformat -Werror=format-security         -fstack-clash-protection -fcf-protection         -fno-omit-frame-pointer -mno-omit-leaf-frame-pointer -Wno-incompatible-pointer-types -g -ffile-prefix-map=/home/esteban/Escritorio/hack_the_box/machines/administrator/tools/ntpdate/src=/usr/src/debug/ntpdate -flto=auto  conftest.c >&5
conftest.c: In function 'main':
conftest.c:216:23: error: expected expression before ')' token
  216 | if (sizeof ((intptr_t)))
      |                       ^
configure:27445: $? = 1
configure: failed program was:
| /* confdefs.h */
| #define PACKAGE_NAME "sntp"
| #define PACKAGE_TARNAME "sntp"
| #define PACKAGE_VERSION "4.2.8p18"
| #define PACKAGE_STRING "sntp 4.2.8p18"
| #define PACKAGE_BUGREPORT "https://bugs.ntp.org/"
| #define PACKAGE_URL "https://www.ntp.org/"
| #define PACKAGE "sntp"
| #define VERSION "4.2.8p18"
| #define STR_SYSTEM "x86_64-pc-linux-gnu"
| #define HAVE_STDIO_H 1
| #define HAVE_STDLIB_H 1
| #define HAVE_STRING_H 1
| #define HAVE_INTTYPES_H 1
| #define HAVE_STDINT_H 1
| #define HAVE_STRINGS_H 1
| #define HAVE_SYS_STAT_H 1
| #define HAVE_SYS_TYPES_H 1
| #define HAVE_UNISTD_H 1
| #define HAVE_WCHAR_H 1
| #define HAVE_STDARG_H 1
| #define STDC_HEADERS 1
| #define _ALL_SOURCE 1
| #define _DARWIN_C_SOURCE 1
| #define _GNU_SOURCE 1
| #define _HPUX_ALT_XOPEN_SOCKET_API 1
| #define _NETBSD_SOURCE 1
| #define _OPENBSD_SOURCE 1
| #define _POSIX_PTHREAD_SEMANTICS 1
| #define __STDC_WANT_IEC_60559_ATTRIBS_EXT__ 1
| #define __STDC_WANT_IEC_60559_BFP_EXT__ 1
| #define __STDC_WANT_IEC_60559_DFP_EXT__ 1
| #define __STDC_WANT_IEC_60559_EXT__ 1
| #define __STDC_WANT_IEC_60559_FUNCS_EXT__ 1
| #define __STDC_WANT_IEC_60559_TYPES_EXT__ 1
| #define __STDC_WANT_LIB_EXT2__ 1
| #define __STDC_WANT_MATH_SPEC_FUNCS__ 1
| #define _TANDEM_SOURCE 1
| #define __EXTENSIONS__ 1
| #define HAVE___ATTRIBUTE__ /**/
| #define HAVE_FORK 1
| #define HAVE_VFORK 1
| #define HAVE_VPRINTF 1
| #define HAVE_DECL_STRERROR_R 1
| #define HAVE_UNSIGNED_LONG_LONG_INT 1
| #define HAVE_VSNPRINTF 1
| #define HAVE_SNPRINTF 1
| #define DIR_SEP '/'
| #define HAVE_READLINE_READLINE_H 1
| #define HAVE_HISTEDIT_H 1
| #define HAVE_READLINE_HISTORY_H 1
| #define EL_INIT_ARGS 4
| #define HAVE_READLINE_HISTORY 1
| #define HAVE_WORKING_VFORK 1
| #define HAVE_WORKING_FORK 1
| #define HAVE_ALLOCA_H 1
| #define HAVE_ALLOCA 1
| #define HAVE_STRERROR_R 1
| #define STRERROR_R_CHAR_P 1
| #define HAVE_CLOCK_GETRES 1
| #define HAVE_CLOCK_GETTIME 1
| #define HAVE_CLOCK_SETTIME 1
| #define HAVE_TIMEGM 1
| #define HAVE_STRLCPY 1
| #define HAVE_STRLCAT 1
| #define HAVE_ERRNO_H 1
| #define HAVE_SYS_SOCKET_H 1
| #define HAVE_SYS_TYPES_H 1
| #define HAVE_TIME_H 1
| #define HAVE_NET_IF_H 1
| #define HAVE_LINUX_IF_ADDR_H 1
| #define NEED_EARLY_FORK 1
| #define HAVE_ARPA_NAMESER_H 1
| #define HAVE_SYS_PARAM_H 1
| #define HAVE_SYS_TIME_H 1
| #define HAVE_NETINET_IN_SYSTM_H 1
| #define HAVE_NETINET_IN_H 1
| #define HAVE_RESOLV_H 1
| #define HAVE_NETINET_IP_H 1
| #define HAVE_RECVMSG 1
| #define HAVE_INLINE 1
| #define SIZEOF_TIME_T 8
| #define SIZEOF_SIGNED_CHAR 1
| #define HAVE_LONG_LONG 1
| #define SIZEOF_SHORT 2
| #define SIZEOF_INT 4
| #define SIZEOF_LONG 8
| #define SIZEOF_LONG_LONG 8
| #define NEED_S_CHAR_TYPEDEF 1
| #define DEBUG 1
| #define HAVE_SEMAPHORE_H 1
| #define HAVE_SOCKETPAIR 1
| #define HAVE_PTHREAD_H 1
| #define HAVE_PTHREADS 10
| #define HAVE_SCHED_H 1
| #define HAVE_SCHED_YIELD 1
| #define HAVE_PTHREAD_KILL 1
| #define HAVE_PTHREAD_RWLOCK_DESTROY 1
| #define HAVE_PTHREAD_DETACH 1
| #define HAVE_PTHREAD_SETCONCURRENCY 1
| #define HAVE_PTHREAD_GETCONCURRENCY 1
| #define HAVE_YIELDING_SELECT 1
| #define REENTRANT 1
| #define _REENTRANT 1
| #define THREAD_SAFE 1
| #define _THREAD_SAFE 1
| #define THREADSAFE 1
| #define _THREADSAFE 1
| #define _SGI_MP_SOURCE 1
| #define LDAP_API_FEATURE_X_OPENLDAP_THREAD_SAFE 1
| #define HAVE_SEM_TIMEDWAIT 1
| #define SIZEOF_PTHREAD_T 8
| #define ISC_PLATFORM_USETHREADS 1
| #define HAVE_SIGWAIT 1
| #define HAVE_PTHREAD_ATTR_GETSTACKSIZE 1
| #define HAVE_PTHREAD_ATTR_SETSTACKSIZE 1
| #define HAVE_SYSCONF 1
| #define HAVE_LINUXTHREADS 1
| #define VSNPRINTF_PERCENT_M 1
| #define HAVE_SYS_CAPABILITY_H 1
| #define HAVE_SYS_PRCTL_H 1
| #define HAVE_LINUX_CAPABILITIES 1
| #define HAVE_DROPROOT 1
| #define HAVE_SYS_TYPES_H 1
| #define HAVE_NETINET_IN_H 1
| #define HAVE_ARPA_NAMESER_H 1
| #define HAVE_NETDB_H 1
| #define HAVE_RESOLV_H 1
| #define HAVE___RES_INIT 1
| #define HAVE_UINTPTR_T 1
| #define HAVE_STRUCT_TIMESPEC 1
| #define HAVE_STRUCT_NTPTIMEVAL 1
| #define HAVE_MD5_H 1
| #define HAVE_MD5INIT 1
| #define HAVE_SYSCONF 1
| #define HAVE_GETDTABLESIZE 1
| #define HAVE_SIGACTION 1
| #define HAVE_SIGSET 1
| #define HAVE_SETTIMEOFDAY 1
| #define HAVE_OPENSSL_CMAC_H 1
| #define ENABLE_CMAC 1
| #define OPENSSL /**/
| #define OPENSSL_SUPPRESS_DEPRECATED 1
| #define HAVE_EVP_MD_DO_ALL_SORTED 1
| #define HAVE_RAND_BYTES 1
| #define HAVE_RAND_POLL 1
| #define USE_OPENSSL_CRYPTO_RAND 1
| #define HAVE_DLFCN_H 1
| #define LT_OBJDIR ".libs/"
| #define HAVE_DIRENT_H 1
| #define HAVE_SYS_MMAN_H 1
| #define HAVE_SYS_PARAM_H 1
| #define HAVE_SYS_POLL_H 1
| #define HAVE_SYS_SELECT_H 1
| #define HAVE_SYS_SOCKET_H 1
| #define HAVE_SYS_TIME_H 1
| #define HAVE_SYS_UN_H 1
| #define HAVE_SYS_WAIT_H 1
| #define HAVE_DLFCN_H 1
| #define HAVE_ERRNO_H 1
| #define HAVE_FCNTL_H 1
| #define HAVE_LIBGEN_H 1
| #define HAVE_LIBINTL_H 1
| #define HAVE_MEMORY_H 1
| #define HAVE_NETINET_IN_H 1
| #define HAVE_SETJMP_H 1
| #define HAVE_STDBOOL_H 1
| #define HAVE_SYSEXITS_H 1
| #define HAVE_UNISTD_H 1
| #define HAVE_UTIME_H 1
| #define HAVE_STDARG_H 1
| #define HAVE_STRING_H 1
| #define HAVE_LIMITS_H 1
| #define HAVE_INTTYPES_H 1
| #define HAVE_WCHAR_H 1
| #define HAVE_WCHAR_T 1
| #define HAVE_WINT_T 1
| #define HAVE_INT8_T 1
| #define HAVE_UINT8_T 1
| #define HAVE_INT16_T 1
| #define HAVE_UINT16_T 1
| #define HAVE_INT32_T 1
| #define HAVE_UINT32_T 1
| /* end confdefs.h.  */
| #include <stddef.h>
| #ifdef HAVE_STDIO_H
| # include <stdio.h>
| #endif
| #ifdef HAVE_STDLIB_H
| # include <stdlib.h>
| #endif
| #ifdef HAVE_STRING_H
| # include <string.h>
| #endif
| #ifdef HAVE_INTTYPES_H
| # include <inttypes.h>
| #endif
| #ifdef HAVE_STDINT_H
| # include <stdint.h>
| #endif
| #ifdef HAVE_STRINGS_H
| # include <strings.h>
| #endif
| #ifdef HAVE_SYS_TYPES_H
| # include <sys/types.h>
| #endif
| #ifdef HAVE_SYS_STAT_H
| # include <sys/stat.h>
| #endif
| #ifdef HAVE_UNISTD_H
| # include <unistd.h>
| #endif
| int
| main (void)
| {
| if (sizeof ((intptr_t)))
| 	    return 0;
|   ;
|   return 0;
| }
configure:27445: result: yes
configure:27453: checking for uintptr_t
configure:27453: result: yes
configure:27461: checking for uint_t
configure:27461: cc -c -march=x86-64 -mtune=generic -O2 -pipe -fno-plt -fexceptions         -Wp,-D_FORTIFY_SOURCE=3 -Wformat -Werror=format-security         -fstack-clash-protection -fcf-protection         -fno-omit-frame-pointer -mno-omit-leaf-frame-pointer -Wno-incompatible-pointer-types -g -ffile-prefix-map=/home/esteban/Escritorio/hack_the_box/machines/administrator/tools/ntpdate/src=/usr/src/debug/ntpdate -flto=auto  conftest.c >&5
conftest.c: In function 'main':
conftest.c:218:13: error: 'uint_t' undeclared (first use in this function); did you mean 'uint8_t'?
  218 | if (sizeof (uint_t))
      |             ^~~~~~
      |             uint8_t
conftest.c:218:13: note: each undeclared identifier is reported only once for each function it appears in
configure:27461: $? = 1
configure: failed program was:
| /* confdefs.h */
| #define PACKAGE_NAME "sntp"
| #define PACKAGE_TARNAME "sntp"
| #define PACKAGE_VERSION "4.2.8p18"
| #define PACKAGE_STRING "sntp 4.2.8p18"
| #define PACKAGE_BUGREPORT "https://bugs.ntp.org/"
| #define PACKAGE_URL "https://www.ntp.org/"
| #define PACKAGE "sntp"
| #define VERSION "4.2.8p18"
| #define STR_SYSTEM "x86_64-pc-linux-gnu"
| #define HAVE_STDIO_H 1
| #define HAVE_STDLIB_H 1
| #define HAVE_STRING_H 1
| #define HAVE_INTTYPES_H 1
| #define HAVE_STDINT_H 1
| #define HAVE_STRINGS_H 1
| #define HAVE_SYS_STAT_H 1
| #define HAVE_SYS_TYPES_H 1
| #define HAVE_UNISTD_H 1
| #define HAVE_WCHAR_H 1
| #define HAVE_STDARG_H 1
| #define STDC_HEADERS 1
| #define _ALL_SOURCE 1
| #define _DARWIN_C_SOURCE 1
| #define _GNU_SOURCE 1
| #define _HPUX_ALT_XOPEN_SOCKET_API 1
| #define _NETBSD_SOURCE 1
| #define _OPENBSD_SOURCE 1
| #define _POSIX_PTHREAD_SEMANTICS 1
| #define __STDC_WANT_IEC_60559_ATTRIBS_EXT__ 1
| #define __STDC_WANT_IEC_60559_BFP_EXT__ 1
| #define __STDC_WANT_IEC_60559_DFP_EXT__ 1
| #define __STDC_WANT_IEC_60559_EXT__ 1
| #define __STDC_WANT_IEC_60559_FUNCS_EXT__ 1
| #define __STDC_WANT_IEC_60559_TYPES_EXT__ 1
| #define __STDC_WANT_LIB_EXT2__ 1
| #define __STDC_WANT_MATH_SPEC_FUNCS__ 1
| #define _TANDEM_SOURCE 1
| #define __EXTENSIONS__ 1
| #define HAVE___ATTRIBUTE__ /**/
| #define HAVE_FORK 1
| #define HAVE_VFORK 1
| #define HAVE_VPRINTF 1
| #define HAVE_DECL_STRERROR_R 1
| #define HAVE_UNSIGNED_LONG_LONG_INT 1
| #define HAVE_VSNPRINTF 1
| #define HAVE_SNPRINTF 1
| #define DIR_SEP '/'
| #define HAVE_READLINE_READLINE_H 1
| #define HAVE_HISTEDIT_H 1
| #define HAVE_READLINE_HISTORY_H 1
| #define EL_INIT_ARGS 4
| #define HAVE_READLINE_HISTORY 1
| #define HAVE_WORKING_VFORK 1
| #define HAVE_WORKING_FORK 1
| #define HAVE_ALLOCA_H 1
| #define HAVE_ALLOCA 1
| #define HAVE_STRERROR_R 1
| #define STRERROR_R_CHAR_P 1
| #define HAVE_CLOCK_GETRES 1
| #define HAVE_CLOCK_GETTIME 1
| #define HAVE_CLOCK_SETTIME 1
| #define HAVE_TIMEGM 1
| #define HAVE_STRLCPY 1
| #define HAVE_STRLCAT 1
| #define HAVE_ERRNO_H 1
| #define HAVE_SYS_SOCKET_H 1
| #define HAVE_SYS_TYPES_H 1
| #define HAVE_TIME_H 1
| #define HAVE_NET_IF_H 1
| #define HAVE_LINUX_IF_ADDR_H 1
| #define NEED_EARLY_FORK 1
| #define HAVE_ARPA_NAMESER_H 1
| #define HAVE_SYS_PARAM_H 1
| #define HAVE_SYS_TIME_H 1
| #define HAVE_NETINET_IN_SYSTM_H 1
| #define HAVE_NETINET_IN_H 1
| #define HAVE_RESOLV_H 1
| #define HAVE_NETINET_IP_H 1
| #define HAVE_RECVMSG 1
| #define HAVE_INLINE 1
| #define SIZEOF_TIME_T 8
| #define SIZEOF_SIGNED_CHAR 1
| #define HAVE_LONG_LONG 1
| #define SIZEOF_SHORT 2
| #define SIZEOF_INT 4
| #define SIZEOF_LONG 8
| #define SIZEOF_LONG_LONG 8
| #define NEED_S_CHAR_TYPEDEF 1
| #define DEBUG 1
| #define HAVE_SEMAPHORE_H 1
| #define HAVE_SOCKETPAIR 1
| #define HAVE_PTHREAD_H 1
| #define HAVE_PTHREADS 10
| #define HAVE_SCHED_H 1
| #define HAVE_SCHED_YIELD 1
| #define HAVE_PTHREAD_KILL 1
| #define HAVE_PTHREAD_RWLOCK_DESTROY 1
| #define HAVE_PTHREAD_DETACH 1
| #define HAVE_PTHREAD_SETCONCURRENCY 1
| #define HAVE_PTHREAD_GETCONCURRENCY 1
| #define HAVE_YIELDING_SELECT 1
| #define REENTRANT 1
| #define _REENTRANT 1
| #define THREAD_SAFE 1
| #define _THREAD_SAFE 1
| #define THREADSAFE 1
| #define _THREADSAFE 1
| #define _SGI_MP_SOURCE 1
| #define LDAP_API_FEATURE_X_OPENLDAP_THREAD_SAFE 1
| #define HAVE_SEM_TIMEDWAIT 1
| #define SIZEOF_PTHREAD_T 8
| #define ISC_PLATFORM_USETHREADS 1
| #define HAVE_SIGWAIT 1
| #define HAVE_PTHREAD_ATTR_GETSTACKSIZE 1
| #define HAVE_PTHREAD_ATTR_SETSTACKSIZE 1
| #define HAVE_SYSCONF 1
| #define HAVE_LINUXTHREADS 1
| #define VSNPRINTF_PERCENT_M 1
| #define HAVE_SYS_CAPABILITY_H 1
| #define HAVE_SYS_PRCTL_H 1
| #define HAVE_LINUX_CAPABILITIES 1
| #define HAVE_DROPROOT 1
| #define HAVE_SYS_TYPES_H 1
| #define HAVE_NETINET_IN_H 1
| #define HAVE_ARPA_NAMESER_H 1
| #define HAVE_NETDB_H 1
| #define HAVE_RESOLV_H 1
| #define HAVE___RES_INIT 1
| #define HAVE_UINTPTR_T 1
| #define HAVE_STRUCT_TIMESPEC 1
| #define HAVE_STRUCT_NTPTIMEVAL 1
| #define HAVE_MD5_H 1
| #define HAVE_MD5INIT 1
| #define HAVE_SYSCONF 1
| #define HAVE_GETDTABLESIZE 1
| #define HAVE_SIGACTION 1
| #define HAVE_SIGSET 1
| #define HAVE_SETTIMEOFDAY 1
| #define HAVE_OPENSSL_CMAC_H 1
| #define ENABLE_CMAC 1
| #define OPENSSL /**/
| #define OPENSSL_SUPPRESS_DEPRECATED 1
| #define HAVE_EVP_MD_DO_ALL_SORTED 1
| #define HAVE_RAND_BYTES 1
| #define HAVE_RAND_POLL 1
| #define USE_OPENSSL_CRYPTO_RAND 1
| #define HAVE_DLFCN_H 1
| #define LT_OBJDIR ".libs/"
| #define HAVE_DIRENT_H 1
| #define HAVE_SYS_MMAN_H 1
| #define HAVE_SYS_PARAM_H 1
| #define HAVE_SYS_POLL_H 1
| #define HAVE_SYS_SELECT_H 1
| #define HAVE_SYS_SOCKET_H 1
| #define HAVE_SYS_TIME_H 1
| #define HAVE_SYS_UN_H 1
| #define HAVE_SYS_WAIT_H 1
| #define HAVE_DLFCN_H 1
| #define HAVE_ERRNO_H 1
| #define HAVE_FCNTL_H 1
| #define HAVE_LIBGEN_H 1
| #define HAVE_LIBINTL_H 1
| #define HAVE_MEMORY_H 1
| #define HAVE_NETINET_IN_H 1
| #define HAVE_SETJMP_H 1
| #define HAVE_STDBOOL_H 1
| #define HAVE_SYSEXITS_H 1
| #define HAVE_UNISTD_H 1
| #define HAVE_UTIME_H 1
| #define HAVE_STDARG_H 1
| #define HAVE_STRING_H 1
| #define HAVE_LIMITS_H 1
| #define HAVE_INTTYPES_H 1
| #define HAVE_WCHAR_H 1
| #define HAVE_WCHAR_T 1
| #define HAVE_WINT_T 1
| #define HAVE_INT8_T 1
| #define HAVE_UINT8_T 1
| #define HAVE_INT16_T 1
| #define HAVE_UINT16_T 1
| #define HAVE_INT32_T 1
| #define HAVE_UINT32_T 1
| #define HAVE_INTPTR_T 1
| #define HAVE_UINTPTR_T 1
| /* end confdefs.h.  */
| #include <stddef.h>
| #ifdef HAVE_STDIO_H
| # include <stdio.h>
| #endif
| #ifdef HAVE_STDLIB_H
| # include <stdlib.h>
| #endif
| #ifdef HAVE_STRING_H
| # include <string.h>
| #endif
| #ifdef HAVE_INTTYPES_H
| # include <inttypes.h>
| #endif
| #ifdef HAVE_STDINT_H
| # include <stdint.h>
| #endif
| #ifdef HAVE_STRINGS_H
| # include <strings.h>
| #endif
| #ifdef HAVE_SYS_TYPES_H
| # include <sys/types.h>
| #endif
| #ifdef HAVE_SYS_STAT_H
| # include <sys/stat.h>
| #endif
| #ifdef HAVE_UNISTD_H
| # include <unistd.h>
| #endif
| int
| main (void)
| {
| if (sizeof (uint_t))
| 	 return 0;
|   ;
|   return 0;
| }
configure:27461: result: no
configure:27469: checking for pid_t
configure:27469: result: yes
configure:27477: checking for size_t
configure:27477: result: yes
configure:27485: checking for ptrdiff_t
configure:27485: cc -c -march=x86-64 -mtune=generic -O2 -pipe -fno-plt -fexceptions         -Wp,-D_FORTIFY_SOURCE=3 -Wformat -Werror=format-security         -fstack-clash-protection -fcf-protection         -fno-omit-frame-pointer -mno-omit-leaf-frame-pointer -Wno-incompatible-pointer-types -g -ffile-prefix-map=/home/esteban/Escritorio/hack_the_box/machines/administrator/tools/ntpdate/src=/usr/src/debug/ntpdate -flto=auto  conftest.c >&5
configure:27485: $? = 0
configure:27485: cc -c -march=x86-64 -mtune=generic -O2 -pipe -fno-plt -fexceptions         -Wp,-D_FORTIFY_SOURCE=3 -Wformat -Werror=format-security         -fstack-clash-protection -fcf-protection         -fno-omit-frame-pointer -mno-omit-leaf-frame-pointer -Wno-incompatible-pointer-types -g -ffile-prefix-map=/home/esteban/Escritorio/hack_the_box/machines/administrator/tools/ntpdate/src=/usr/src/debug/ntpdate -flto=auto  conftest.c >&5
conftest.c: In function 'main':
conftest.c:220:24: error: expected expression before ')' token
  220 | if (sizeof ((ptrdiff_t)))
      |                        ^
configure:27485: $? = 1
configure: failed program was:
| /* confdefs.h */
| #define PACKAGE_NAME "sntp"
| #define PACKAGE_TARNAME "sntp"
| #define PACKAGE_VERSION "4.2.8p18"
| #define PACKAGE_STRING "sntp 4.2.8p18"
| #define PACKAGE_BUGREPORT "https://bugs.ntp.org/"
| #define PACKAGE_URL "https://www.ntp.org/"
| #define PACKAGE "sntp"
| #define VERSION "4.2.8p18"
| #define STR_SYSTEM "x86_64-pc-linux-gnu"
| #define HAVE_STDIO_H 1
| #define HAVE_STDLIB_H 1
| #define HAVE_STRING_H 1
| #define HAVE_INTTYPES_H 1
| #define HAVE_STDINT_H 1
| #define HAVE_STRINGS_H 1
| #define HAVE_SYS_STAT_H 1
| #define HAVE_SYS_TYPES_H 1
| #define HAVE_UNISTD_H 1
| #define HAVE_WCHAR_H 1
| #define HAVE_STDARG_H 1
| #define STDC_HEADERS 1
| #define _ALL_SOURCE 1
| #define _DARWIN_C_SOURCE 1
| #define _GNU_SOURCE 1
| #define _HPUX_ALT_XOPEN_SOCKET_API 1
| #define _NETBSD_SOURCE 1
| #define _OPENBSD_SOURCE 1
| #define _POSIX_PTHREAD_SEMANTICS 1
| #define __STDC_WANT_IEC_60559_ATTRIBS_EXT__ 1
| #define __STDC_WANT_IEC_60559_BFP_EXT__ 1
| #define __STDC_WANT_IEC_60559_DFP_EXT__ 1
| #define __STDC_WANT_IEC_60559_EXT__ 1
| #define __STDC_WANT_IEC_60559_FUNCS_EXT__ 1
| #define __STDC_WANT_IEC_60559_TYPES_EXT__ 1
| #define __STDC_WANT_LIB_EXT2__ 1
| #define __STDC_WANT_MATH_SPEC_FUNCS__ 1
| #define _TANDEM_SOURCE 1
| #define __EXTENSIONS__ 1
| #define HAVE___ATTRIBUTE__ /**/
| #define HAVE_FORK 1
| #define HAVE_VFORK 1
| #define HAVE_VPRINTF 1
| #define HAVE_DECL_STRERROR_R 1
| #define HAVE_UNSIGNED_LONG_LONG_INT 1
| #define HAVE_VSNPRINTF 1
| #define HAVE_SNPRINTF 1
| #define DIR_SEP '/'
| #define HAVE_READLINE_READLINE_H 1
| #define HAVE_HISTEDIT_H 1
| #define HAVE_READLINE_HISTORY_H 1
| #define EL_INIT_ARGS 4
| #define HAVE_READLINE_HISTORY 1
| #define HAVE_WORKING_VFORK 1
| #define HAVE_WORKING_FORK 1
| #define HAVE_ALLOCA_H 1
| #define HAVE_ALLOCA 1
| #define HAVE_STRERROR_R 1
| #define STRERROR_R_CHAR_P 1
| #define HAVE_CLOCK_GETRES 1
| #define HAVE_CLOCK_GETTIME 1
| #define HAVE_CLOCK_SETTIME 1
| #define HAVE_TIMEGM 1
| #define HAVE_STRLCPY 1
| #define HAVE_STRLCAT 1
| #define HAVE_ERRNO_H 1
| #define HAVE_SYS_SOCKET_H 1
| #define HAVE_SYS_TYPES_H 1
| #define HAVE_TIME_H 1
| #define HAVE_NET_IF_H 1
| #define HAVE_LINUX_IF_ADDR_H 1
| #define NEED_EARLY_FORK 1
| #define HAVE_ARPA_NAMESER_H 1
| #define HAVE_SYS_PARAM_H 1
| #define HAVE_SYS_TIME_H 1
| #define HAVE_NETINET_IN_SYSTM_H 1
| #define HAVE_NETINET_IN_H 1
| #define HAVE_RESOLV_H 1
| #define HAVE_NETINET_IP_H 1
| #define HAVE_RECVMSG 1
| #define HAVE_INLINE 1
| #define SIZEOF_TIME_T 8
| #define SIZEOF_SIGNED_CHAR 1
| #define HAVE_LONG_LONG 1
| #define SIZEOF_SHORT 2
| #define SIZEOF_INT 4
| #define SIZEOF_LONG 8
| #define SIZEOF_LONG_LONG 8
| #define NEED_S_CHAR_TYPEDEF 1
| #define DEBUG 1
| #define HAVE_SEMAPHORE_H 1
| #define HAVE_SOCKETPAIR 1
| #define HAVE_PTHREAD_H 1
| #define HAVE_PTHREADS 10
| #define HAVE_SCHED_H 1
| #define HAVE_SCHED_YIELD 1
| #define HAVE_PTHREAD_KILL 1
| #define HAVE_PTHREAD_RWLOCK_DESTROY 1
| #define HAVE_PTHREAD_DETACH 1
| #define HAVE_PTHREAD_SETCONCURRENCY 1
| #define HAVE_PTHREAD_GETCONCURRENCY 1
| #define HAVE_YIELDING_SELECT 1
| #define REENTRANT 1
| #define _REENTRANT 1
| #define THREAD_SAFE 1
| #define _THREAD_SAFE 1
| #define THREADSAFE 1
| #define _THREADSAFE 1
| #define _SGI_MP_SOURCE 1
| #define LDAP_API_FEATURE_X_OPENLDAP_THREAD_SAFE 1
| #define HAVE_SEM_TIMEDWAIT 1
| #define SIZEOF_PTHREAD_T 8
| #define ISC_PLATFORM_USETHREADS 1
| #define HAVE_SIGWAIT 1
| #define HAVE_PTHREAD_ATTR_GETSTACKSIZE 1
| #define HAVE_PTHREAD_ATTR_SETSTACKSIZE 1
| #define HAVE_SYSCONF 1
| #define HAVE_LINUXTHREADS 1
| #define VSNPRINTF_PERCENT_M 1
| #define HAVE_SYS_CAPABILITY_H 1
| #define HAVE_SYS_PRCTL_H 1
| #define HAVE_LINUX_CAPABILITIES 1
| #define HAVE_DROPROOT 1
| #define HAVE_SYS_TYPES_H 1
| #define HAVE_NETINET_IN_H 1
| #define HAVE_ARPA_NAMESER_H 1
| #define HAVE_NETDB_H 1
| #define HAVE_RESOLV_H 1
| #define HAVE___RES_INIT 1
| #define HAVE_UINTPTR_T 1
| #define HAVE_STRUCT_TIMESPEC 1
| #define HAVE_STRUCT_NTPTIMEVAL 1
| #define HAVE_MD5_H 1
| #define HAVE_MD5INIT 1
| #define HAVE_SYSCONF 1
| #define HAVE_GETDTABLESIZE 1
| #define HAVE_SIGACTION 1
| #define HAVE_SIGSET 1
| #define HAVE_SETTIMEOFDAY 1
| #define HAVE_OPENSSL_CMAC_H 1
| #define ENABLE_CMAC 1
| #define OPENSSL /**/
| #define OPENSSL_SUPPRESS_DEPRECATED 1
| #define HAVE_EVP_MD_DO_ALL_SORTED 1
| #define HAVE_RAND_BYTES 1
| #define HAVE_RAND_POLL 1
| #define USE_OPENSSL_CRYPTO_RAND 1
| #define HAVE_DLFCN_H 1
| #define LT_OBJDIR ".libs/"
| #define HAVE_DIRENT_H 1
| #define HAVE_SYS_MMAN_H 1
| #define HAVE_SYS_PARAM_H 1
| #define HAVE_SYS_POLL_H 1
| #define HAVE_SYS_SELECT_H 1
| #define HAVE_SYS_SOCKET_H 1
| #define HAVE_SYS_TIME_H 1
| #define HAVE_SYS_UN_H 1
| #define HAVE_SYS_WAIT_H 1
| #define HAVE_DLFCN_H 1
| #define HAVE_ERRNO_H 1
| #define HAVE_FCNTL_H 1
| #define HAVE_LIBGEN_H 1
| #define HAVE_LIBINTL_H 1
| #define HAVE_MEMORY_H 1
| #define HAVE_NETINET_IN_H 1
| #define HAVE_SETJMP_H 1
| #define HAVE_STDBOOL_H 1
| #define HAVE_SYSEXITS_H 1
| #define HAVE_UNISTD_H 1
| #define HAVE_UTIME_H 1
| #define HAVE_STDARG_H 1
| #define HAVE_STRING_H 1
| #define HAVE_LIMITS_H 1
| #define HAVE_INTTYPES_H 1
| #define HAVE_WCHAR_H 1
| #define HAVE_WCHAR_T 1
| #define HAVE_WINT_T 1
| #define HAVE_INT8_T 1
| #define HAVE_UINT8_T 1
| #define HAVE_INT16_T 1
| #define HAVE_UINT16_T 1
| #define HAVE_INT32_T 1
| #define HAVE_UINT32_T 1
| #define HAVE_INTPTR_T 1
| #define HAVE_UINTPTR_T 1
| #define HAVE_PID_T 1
| #define HAVE_SIZE_T 1
| /* end confdefs.h.  */
| #include <stddef.h>
| #ifdef HAVE_STDIO_H
| # include <stdio.h>
| #endif
| #ifdef HAVE_STDLIB_H
| # include <stdlib.h>
| #endif
| #ifdef HAVE_STRING_H
| # include <string.h>
| #endif
| #ifdef HAVE_INTTYPES_H
| # include <inttypes.h>
| #endif
| #ifdef HAVE_STDINT_H
| # include <stdint.h>
| #endif
| #ifdef HAVE_STRINGS_H
| # include <strings.h>
| #endif
| #ifdef HAVE_SYS_TYPES_H
| # include <sys/types.h>
| #endif
| #ifdef HAVE_SYS_STAT_H
| # include <sys/stat.h>
| #endif
| #ifdef HAVE_UNISTD_H
| # include <unistd.h>
| #endif
| int
| main (void)
| {
| if (sizeof ((ptrdiff_t)))
| 	    return 0;
|   ;
|   return 0;
| }
configure:27485: result: yes
configure:27498: checking size of char *
configure:27504: cc -o conftest -march=x86-64 -mtune=generic -O2 -pipe -fno-plt -fexceptions         -Wp,-D_FORTIFY_SOURCE=3 -Wformat -Werror=format-security         -fstack-clash-protection -fcf-protection         -fno-omit-frame-pointer -mno-omit-leaf-frame-pointer -Wno-incompatible-pointer-types -g -ffile-prefix-map=/home/esteban/Escritorio/hack_the_box/machines/administrator/tools/ntpdate/src=/usr/src/debug/ntpdate -flto=auto  -Wl,-O1 -Wl,--sort-common -Wl,--as-needed -Wl,-z,relro -Wl,-z,now          -Wl,-z,pack-relative-relocs -flto=auto conftest.c  >&5
configure:27504: $? = 0
configure:27504: ./conftest
configure:27504: $? = 0
configure:27521: result: 8
configure:27533: checking size of int
configure:27556: result: 4
configure:27568: checking size of long
configure:27591: result: 8
configure:27603: checking size of short
configure:27626: result: 2
configure:27638: checking for pathfind in -lgen
configure:27667: cc -o conftest -march=x86-64 -mtune=generic -O2 -pipe -fno-plt -fexceptions         -Wp,-D_FORTIFY_SOURCE=3 -Wformat -Werror=format-security         -fstack-clash-protection -fcf-protection         -fno-omit-frame-pointer -mno-omit-leaf-frame-pointer -Wno-incompatible-pointer-types -g -ffile-prefix-map=/home/esteban/Escritorio/hack_the_box/machines/administrator/tools/ntpdate/src=/usr/src/debug/ntpdate -flto=auto  -Wl,-O1 -Wl,--sort-common -Wl,--as-needed -Wl,-z,relro -Wl,-z,now          -Wl,-z,pack-relative-relocs -flto=auto conftest.c -lgen   >&5
/usr/bin/ld: cannot find -lgen: No such file or directory
collect2: error: ld returned 1 exit status
configure:27667: $? = 1
configure: failed program was:
| /* confdefs.h */
| #define PACKAGE_NAME "sntp"
| #define PACKAGE_TARNAME "sntp"
| #define PACKAGE_VERSION "4.2.8p18"
| #define PACKAGE_STRING "sntp 4.2.8p18"
| #define PACKAGE_BUGREPORT "https://bugs.ntp.org/"
| #define PACKAGE_URL "https://www.ntp.org/"
| #define PACKAGE "sntp"
| #define VERSION "4.2.8p18"
| #define STR_SYSTEM "x86_64-pc-linux-gnu"
| #define HAVE_STDIO_H 1
| #define HAVE_STDLIB_H 1
| #define HAVE_STRING_H 1
| #define HAVE_INTTYPES_H 1
| #define HAVE_STDINT_H 1
| #define HAVE_STRINGS_H 1
| #define HAVE_SYS_STAT_H 1
| #define HAVE_SYS_TYPES_H 1
| #define HAVE_UNISTD_H 1
| #define HAVE_WCHAR_H 1
| #define HAVE_STDARG_H 1
| #define STDC_HEADERS 1
| #define _ALL_SOURCE 1
| #define _DARWIN_C_SOURCE 1
| #define _GNU_SOURCE 1
| #define _HPUX_ALT_XOPEN_SOCKET_API 1
| #define _NETBSD_SOURCE 1
| #define _OPENBSD_SOURCE 1
| #define _POSIX_PTHREAD_SEMANTICS 1
| #define __STDC_WANT_IEC_60559_ATTRIBS_EXT__ 1
| #define __STDC_WANT_IEC_60559_BFP_EXT__ 1
| #define __STDC_WANT_IEC_60559_DFP_EXT__ 1
| #define __STDC_WANT_IEC_60559_EXT__ 1
| #define __STDC_WANT_IEC_60559_FUNCS_EXT__ 1
| #define __STDC_WANT_IEC_60559_TYPES_EXT__ 1
| #define __STDC_WANT_LIB_EXT2__ 1
| #define __STDC_WANT_MATH_SPEC_FUNCS__ 1
| #define _TANDEM_SOURCE 1
| #define __EXTENSIONS__ 1
| #define HAVE___ATTRIBUTE__ /**/
| #define HAVE_FORK 1
| #define HAVE_VFORK 1
| #define HAVE_VPRINTF 1
| #define HAVE_DECL_STRERROR_R 1
| #define HAVE_UNSIGNED_LONG_LONG_INT 1
| #define HAVE_VSNPRINTF 1
| #define HAVE_SNPRINTF 1
| #define DIR_SEP '/'
| #define HAVE_READLINE_READLINE_H 1
| #define HAVE_HISTEDIT_H 1
| #define HAVE_READLINE_HISTORY_H 1
| #define EL_INIT_ARGS 4
| #define HAVE_READLINE_HISTORY 1
| #define HAVE_WORKING_VFORK 1
| #define HAVE_WORKING_FORK 1
| #define HAVE_ALLOCA_H 1
| #define HAVE_ALLOCA 1
| #define HAVE_STRERROR_R 1
| #define STRERROR_R_CHAR_P 1
| #define HAVE_CLOCK_GETRES 1
| #define HAVE_CLOCK_GETTIME 1
| #define HAVE_CLOCK_SETTIME 1
| #define HAVE_TIMEGM 1
| #define HAVE_STRLCPY 1
| #define HAVE_STRLCAT 1
| #define HAVE_ERRNO_H 1
| #define HAVE_SYS_SOCKET_H 1
| #define HAVE_SYS_TYPES_H 1
| #define HAVE_TIME_H 1
| #define HAVE_NET_IF_H 1
| #define HAVE_LINUX_IF_ADDR_H 1
| #define NEED_EARLY_FORK 1
| #define HAVE_ARPA_NAMESER_H 1
| #define HAVE_SYS_PARAM_H 1
| #define HAVE_SYS_TIME_H 1
| #define HAVE_NETINET_IN_SYSTM_H 1
| #define HAVE_NETINET_IN_H 1
| #define HAVE_RESOLV_H 1
| #define HAVE_NETINET_IP_H 1
| #define HAVE_RECVMSG 1
| #define HAVE_INLINE 1
| #define SIZEOF_TIME_T 8
| #define SIZEOF_SIGNED_CHAR 1
| #define HAVE_LONG_LONG 1
| #define SIZEOF_SHORT 2
| #define SIZEOF_INT 4
| #define SIZEOF_LONG 8
| #define SIZEOF_LONG_LONG 8
| #define NEED_S_CHAR_TYPEDEF 1
| #define DEBUG 1
| #define HAVE_SEMAPHORE_H 1
| #define HAVE_SOCKETPAIR 1
| #define HAVE_PTHREAD_H 1
| #define HAVE_PTHREADS 10
| #define HAVE_SCHED_H 1
| #define HAVE_SCHED_YIELD 1
| #define HAVE_PTHREAD_KILL 1
| #define HAVE_PTHREAD_RWLOCK_DESTROY 1
| #define HAVE_PTHREAD_DETACH 1
| #define HAVE_PTHREAD_SETCONCURRENCY 1
| #define HAVE_PTHREAD_GETCONCURRENCY 1
| #define HAVE_YIELDING_SELECT 1
| #define REENTRANT 1
| #define _REENTRANT 1
| #define THREAD_SAFE 1
| #define _THREAD_SAFE 1
| #define THREADSAFE 1
| #define _THREADSAFE 1
| #define _SGI_MP_SOURCE 1
| #define LDAP_API_FEATURE_X_OPENLDAP_THREAD_SAFE 1
| #define HAVE_SEM_TIMEDWAIT 1
| #define SIZEOF_PTHREAD_T 8
| #define ISC_PLATFORM_USETHREADS 1
| #define HAVE_SIGWAIT 1
| #define HAVE_PTHREAD_ATTR_GETSTACKSIZE 1
| #define HAVE_PTHREAD_ATTR_SETSTACKSIZE 1
| #define HAVE_SYSCONF 1
| #define HAVE_LINUXTHREADS 1
| #define VSNPRINTF_PERCENT_M 1
| #define HAVE_SYS_CAPABILITY_H 1
| #define HAVE_SYS_PRCTL_H 1
| #define HAVE_LINUX_CAPABILITIES 1
| #define HAVE_DROPROOT 1
| #define HAVE_SYS_TYPES_H 1
| #define HAVE_NETINET_IN_H 1
| #define HAVE_ARPA_NAMESER_H 1
| #define HAVE_NETDB_H 1
| #define HAVE_RESOLV_H 1
| #define HAVE___RES_INIT 1
| #define HAVE_UINTPTR_T 1
| #define HAVE_STRUCT_TIMESPEC 1
| #define HAVE_STRUCT_NTPTIMEVAL 1
| #define HAVE_MD5_H 1
| #define HAVE_MD5INIT 1
| #define HAVE_SYSCONF 1
| #define HAVE_GETDTABLESIZE 1
| #define HAVE_SIGACTION 1
| #define HAVE_SIGSET 1
| #define HAVE_SETTIMEOFDAY 1
| #define HAVE_OPENSSL_CMAC_H 1
| #define ENABLE_CMAC 1
| #define OPENSSL /**/
| #define OPENSSL_SUPPRESS_DEPRECATED 1
| #define HAVE_EVP_MD_DO_ALL_SORTED 1
| #define HAVE_RAND_BYTES 1
| #define HAVE_RAND_POLL 1
| #define USE_OPENSSL_CRYPTO_RAND 1
| #define HAVE_DLFCN_H 1
| #define LT_OBJDIR ".libs/"
| #define HAVE_DIRENT_H 1
| #define HAVE_SYS_MMAN_H 1
| #define HAVE_SYS_PARAM_H 1
| #define HAVE_SYS_POLL_H 1
| #define HAVE_SYS_SELECT_H 1
| #define HAVE_SYS_SOCKET_H 1
| #define HAVE_SYS_TIME_H 1
| #define HAVE_SYS_UN_H 1
| #define HAVE_SYS_WAIT_H 1
| #define HAVE_DLFCN_H 1
| #define HAVE_ERRNO_H 1
| #define HAVE_FCNTL_H 1
| #define HAVE_LIBGEN_H 1
| #define HAVE_LIBINTL_H 1
| #define HAVE_MEMORY_H 1
| #define HAVE_NETINET_IN_H 1
| #define HAVE_SETJMP_H 1
| #define HAVE_STDBOOL_H 1
| #define HAVE_SYSEXITS_H 1
| #define HAVE_UNISTD_H 1
| #define HAVE_UTIME_H 1
| #define HAVE_STDARG_H 1
| #define HAVE_STRING_H 1
| #define HAVE_LIMITS_H 1
| #define HAVE_INTTYPES_H 1
| #define HAVE_WCHAR_H 1
| #define HAVE_WCHAR_T 1
| #define HAVE_WINT_T 1
| #define HAVE_INT8_T 1
| #define HAVE_UINT8_T 1
| #define HAVE_INT16_T 1
| #define HAVE_UINT16_T 1
| #define HAVE_INT32_T 1
| #define HAVE_UINT32_T 1
| #define HAVE_INTPTR_T 1
| #define HAVE_UINTPTR_T 1
| #define HAVE_PID_T 1
| #define HAVE_SIZE_T 1
| #define HAVE_PTRDIFF_T 1
| #define SIZEOF_CHAR_P 8
| #define SIZEOF_INT 4
| #define SIZEOF_LONG 8
| #define SIZEOF_SHORT 2
| /* end confdefs.h.  */
| 
| /* Override any GCC internal prototype to avoid an error.
|    Use char because int might match the return type of a GCC
|    builtin and then its argument prototype would still apply.
|    The 'extern "C"' is for builds by C++ compilers;
|    although this is not generally supported in C code supporting it here
|    has little cost and some practical benefit (sr 110532).  */
| #ifdef __cplusplus
| extern "C"
| #endif
| char pathfind (void);
| int
| main (void)
| {
| return pathfind ();
|   ;
|   return 0;
| }
configure:27679: result: no
configure:27689: checking for gettext in -lintl
configure:27718: cc -o conftest -march=x86-64 -mtune=generic -O2 -pipe -fno-plt -fexceptions         -Wp,-D_FORTIFY_SOURCE=3 -Wformat -Werror=format-security         -fstack-clash-protection -fcf-protection         -fno-omit-frame-pointer -mno-omit-leaf-frame-pointer -Wno-incompatible-pointer-types -g -ffile-prefix-map=/home/esteban/Escritorio/hack_the_box/machines/administrator/tools/ntpdate/src=/usr/src/debug/ntpdate -flto=auto  -Wl,-O1 -Wl,--sort-common -Wl,--as-needed -Wl,-z,relro -Wl,-z,now          -Wl,-z,pack-relative-relocs -flto=auto conftest.c -lintl   >&5
conftest.c:204:6: warning: conflicting types for built-in function 'gettext'; expected 'char *(const char *)' [-Wbuiltin-declaration-mismatch]
  204 | char gettext (void);
      |      ^~~~~~~
/usr/bin/ld: cannot find -lintl: No such file or directory
collect2: error: ld returned 1 exit status
configure:27718: $? = 1
configure: failed program was:
| /* confdefs.h */
| #define PACKAGE_NAME "sntp"
| #define PACKAGE_TARNAME "sntp"
| #define PACKAGE_VERSION "4.2.8p18"
| #define PACKAGE_STRING "sntp 4.2.8p18"
| #define PACKAGE_BUGREPORT "https://bugs.ntp.org/"
| #define PACKAGE_URL "https://www.ntp.org/"
| #define PACKAGE "sntp"
| #define VERSION "4.2.8p18"
| #define STR_SYSTEM "x86_64-pc-linux-gnu"
| #define HAVE_STDIO_H 1
| #define HAVE_STDLIB_H 1
| #define HAVE_STRING_H 1
| #define HAVE_INTTYPES_H 1
| #define HAVE_STDINT_H 1
| #define HAVE_STRINGS_H 1
| #define HAVE_SYS_STAT_H 1
| #define HAVE_SYS_TYPES_H 1
| #define HAVE_UNISTD_H 1
| #define HAVE_WCHAR_H 1
| #define HAVE_STDARG_H 1
| #define STDC_HEADERS 1
| #define _ALL_SOURCE 1
| #define _DARWIN_C_SOURCE 1
| #define _GNU_SOURCE 1
| #define _HPUX_ALT_XOPEN_SOCKET_API 1
| #define _NETBSD_SOURCE 1
| #define _OPENBSD_SOURCE 1
| #define _POSIX_PTHREAD_SEMANTICS 1
| #define __STDC_WANT_IEC_60559_ATTRIBS_EXT__ 1
| #define __STDC_WANT_IEC_60559_BFP_EXT__ 1
| #define __STDC_WANT_IEC_60559_DFP_EXT__ 1
| #define __STDC_WANT_IEC_60559_EXT__ 1
| #define __STDC_WANT_IEC_60559_FUNCS_EXT__ 1
| #define __STDC_WANT_IEC_60559_TYPES_EXT__ 1
| #define __STDC_WANT_LIB_EXT2__ 1
| #define __STDC_WANT_MATH_SPEC_FUNCS__ 1
| #define _TANDEM_SOURCE 1
| #define __EXTENSIONS__ 1
| #define HAVE___ATTRIBUTE__ /**/
| #define HAVE_FORK 1
| #define HAVE_VFORK 1
| #define HAVE_VPRINTF 1
| #define HAVE_DECL_STRERROR_R 1
| #define HAVE_UNSIGNED_LONG_LONG_INT 1
| #define HAVE_VSNPRINTF 1
| #define HAVE_SNPRINTF 1
| #define DIR_SEP '/'
| #define HAVE_READLINE_READLINE_H 1
| #define HAVE_HISTEDIT_H 1
| #define HAVE_READLINE_HISTORY_H 1
| #define EL_INIT_ARGS 4
| #define HAVE_READLINE_HISTORY 1
| #define HAVE_WORKING_VFORK 1
| #define HAVE_WORKING_FORK 1
| #define HAVE_ALLOCA_H 1
| #define HAVE_ALLOCA 1
| #define HAVE_STRERROR_R 1
| #define STRERROR_R_CHAR_P 1
| #define HAVE_CLOCK_GETRES 1
| #define HAVE_CLOCK_GETTIME 1
| #define HAVE_CLOCK_SETTIME 1
| #define HAVE_TIMEGM 1
| #define HAVE_STRLCPY 1
| #define HAVE_STRLCAT 1
| #define HAVE_ERRNO_H 1
| #define HAVE_SYS_SOCKET_H 1
| #define HAVE_SYS_TYPES_H 1
| #define HAVE_TIME_H 1
| #define HAVE_NET_IF_H 1
| #define HAVE_LINUX_IF_ADDR_H 1
| #define NEED_EARLY_FORK 1
| #define HAVE_ARPA_NAMESER_H 1
| #define HAVE_SYS_PARAM_H 1
| #define HAVE_SYS_TIME_H 1
| #define HAVE_NETINET_IN_SYSTM_H 1
| #define HAVE_NETINET_IN_H 1
| #define HAVE_RESOLV_H 1
| #define HAVE_NETINET_IP_H 1
| #define HAVE_RECVMSG 1
| #define HAVE_INLINE 1
| #define SIZEOF_TIME_T 8
| #define SIZEOF_SIGNED_CHAR 1
| #define HAVE_LONG_LONG 1
| #define SIZEOF_SHORT 2
| #define SIZEOF_INT 4
| #define SIZEOF_LONG 8
| #define SIZEOF_LONG_LONG 8
| #define NEED_S_CHAR_TYPEDEF 1
| #define DEBUG 1
| #define HAVE_SEMAPHORE_H 1
| #define HAVE_SOCKETPAIR 1
| #define HAVE_PTHREAD_H 1
| #define HAVE_PTHREADS 10
| #define HAVE_SCHED_H 1
| #define HAVE_SCHED_YIELD 1
| #define HAVE_PTHREAD_KILL 1
| #define HAVE_PTHREAD_RWLOCK_DESTROY 1
| #define HAVE_PTHREAD_DETACH 1
| #define HAVE_PTHREAD_SETCONCURRENCY 1
| #define HAVE_PTHREAD_GETCONCURRENCY 1
| #define HAVE_YIELDING_SELECT 1
| #define REENTRANT 1
| #define _REENTRANT 1
| #define THREAD_SAFE 1
| #define _THREAD_SAFE 1
| #define THREADSAFE 1
| #define _THREADSAFE 1
| #define _SGI_MP_SOURCE 1
| #define LDAP_API_FEATURE_X_OPENLDAP_THREAD_SAFE 1
| #define HAVE_SEM_TIMEDWAIT 1
| #define SIZEOF_PTHREAD_T 8
| #define ISC_PLATFORM_USETHREADS 1
| #define HAVE_SIGWAIT 1
| #define HAVE_PTHREAD_ATTR_GETSTACKSIZE 1
| #define HAVE_PTHREAD_ATTR_SETSTACKSIZE 1
| #define HAVE_SYSCONF 1
| #define HAVE_LINUXTHREADS 1
| #define VSNPRINTF_PERCENT_M 1
| #define HAVE_SYS_CAPABILITY_H 1
| #define HAVE_SYS_PRCTL_H 1
| #define HAVE_LINUX_CAPABILITIES 1
| #define HAVE_DROPROOT 1
| #define HAVE_SYS_TYPES_H 1
| #define HAVE_NETINET_IN_H 1
| #define HAVE_ARPA_NAMESER_H 1
| #define HAVE_NETDB_H 1
| #define HAVE_RESOLV_H 1
| #define HAVE___RES_INIT 1
| #define HAVE_UINTPTR_T 1
| #define HAVE_STRUCT_TIMESPEC 1
| #define HAVE_STRUCT_NTPTIMEVAL 1
| #define HAVE_MD5_H 1
| #define HAVE_MD5INIT 1
| #define HAVE_SYSCONF 1
| #define HAVE_GETDTABLESIZE 1
| #define HAVE_SIGACTION 1
| #define HAVE_SIGSET 1
| #define HAVE_SETTIMEOFDAY 1
| #define HAVE_OPENSSL_CMAC_H 1
| #define ENABLE_CMAC 1
| #define OPENSSL /**/
| #define OPENSSL_SUPPRESS_DEPRECATED 1
| #define HAVE_EVP_MD_DO_ALL_SORTED 1
| #define HAVE_RAND_BYTES 1
| #define HAVE_RAND_POLL 1
| #define USE_OPENSSL_CRYPTO_RAND 1
| #define HAVE_DLFCN_H 1
| #define LT_OBJDIR ".libs/"
| #define HAVE_DIRENT_H 1
| #define HAVE_SYS_MMAN_H 1
| #define HAVE_SYS_PARAM_H 1
| #define HAVE_SYS_POLL_H 1
| #define HAVE_SYS_SELECT_H 1
| #define HAVE_SYS_SOCKET_H 1
| #define HAVE_SYS_TIME_H 1
| #define HAVE_SYS_UN_H 1
| #define HAVE_SYS_WAIT_H 1
| #define HAVE_DLFCN_H 1
| #define HAVE_ERRNO_H 1
| #define HAVE_FCNTL_H 1
| #define HAVE_LIBGEN_H 1
| #define HAVE_LIBINTL_H 1
| #define HAVE_MEMORY_H 1
| #define HAVE_NETINET_IN_H 1
| #define HAVE_SETJMP_H 1
| #define HAVE_STDBOOL_H 1
| #define HAVE_SYSEXITS_H 1
| #define HAVE_UNISTD_H 1
| #define HAVE_UTIME_H 1
| #define HAVE_STDARG_H 1
| #define HAVE_STRING_H 1
| #define HAVE_LIMITS_H 1
| #define HAVE_INTTYPES_H 1
| #define HAVE_WCHAR_H 1
| #define HAVE_WCHAR_T 1
| #define HAVE_WINT_T 1
| #define HAVE_INT8_T 1
| #define HAVE_UINT8_T 1
| #define HAVE_INT16_T 1
| #define HAVE_UINT16_T 1
| #define HAVE_INT32_T 1
| #define HAVE_UINT32_T 1
| #define HAVE_INTPTR_T 1
| #define HAVE_UINTPTR_T 1
| #define HAVE_PID_T 1
| #define HAVE_SIZE_T 1
| #define HAVE_PTRDIFF_T 1
| #define SIZEOF_CHAR_P 8
| #define SIZEOF_INT 4
| #define SIZEOF_LONG 8
| #define SIZEOF_SHORT 2
| /* end confdefs.h.  */
| 
| /* Override any GCC internal prototype to avoid an error.
|    Use char because int might match the return type of a GCC
|    builtin and then its argument prototype would still apply.
|    The 'extern "C"' is for builds by C++ compilers;
|    although this is not generally supported in C code supporting it here
|    has little cost and some practical benefit (sr 110532).  */
| #ifdef __cplusplus
| extern "C"
| #endif
| char gettext (void);
| int
| main (void)
| {
| return gettext ();
|   ;
|   return 0;
| }
configure:27730: result: no
configure:27755: checking for working fork
configure:27793: result: yes
configure:27814: checking for working vfork
configure:27946: result: yes
configure:27971: checking for mmap
configure:27971: cc -o conftest -march=x86-64 -mtune=generic -O2 -pipe -fno-plt -fexceptions         -Wp,-D_FORTIFY_SOURCE=3 -Wformat -Werror=format-security         -fstack-clash-protection -fcf-protection         -fno-omit-frame-pointer -mno-omit-leaf-frame-pointer -Wno-incompatible-pointer-types -g -ffile-prefix-map=/home/esteban/Escritorio/hack_the_box/machines/administrator/tools/ntpdate/src=/usr/src/debug/ntpdate -flto=auto  -Wl,-O1 -Wl,--sort-common -Wl,--as-needed -Wl,-z,relro -Wl,-z,now          -Wl,-z,pack-relative-relocs -flto=auto conftest.c  >&5
configure:27971: $? = 0
configure:27971: result: yes
configure:27977: checking for canonicalize_file_name
configure:27977: cc -o conftest -march=x86-64 -mtune=generic -O2 -pipe -fno-plt -fexceptions         -Wp,-D_FORTIFY_SOURCE=3 -Wformat -Werror=format-security         -fstack-clash-protection -fcf-protection         -fno-omit-frame-pointer -mno-omit-leaf-frame-pointer -Wno-incompatible-pointer-types -g -ffile-prefix-map=/home/esteban/Escritorio/hack_the_box/machines/administrator/tools/ntpdate/src=/usr/src/debug/ntpdate -flto=auto  -Wl,-O1 -Wl,--sort-common -Wl,--as-needed -Wl,-z,relro -Wl,-z,now          -Wl,-z,pack-relative-relocs -flto=auto conftest.c  >&5
configure:27977: $? = 0
configure:27977: result: yes
configure:27983: checking for snprintf
configure:27983: result: yes
configure:27989: checking for strdup
configure:27989: cc -o conftest -march=x86-64 -mtune=generic -O2 -pipe -fno-plt -fexceptions         -Wp,-D_FORTIFY_SOURCE=3 -Wformat -Werror=format-security         -fstack-clash-protection -fcf-protection         -fno-omit-frame-pointer -mno-omit-leaf-frame-pointer -Wno-incompatible-pointer-types -g -ffile-prefix-map=/home/esteban/Escritorio/hack_the_box/machines/administrator/tools/ntpdate/src=/usr/src/debug/ntpdate -flto=auto  -Wl,-O1 -Wl,--sort-common -Wl,--as-needed -Wl,-z,relro -Wl,-z,now          -Wl,-z,pack-relative-relocs -flto=auto conftest.c  >&5
conftest.c:215:6: warning: conflicting types for built-in function 'strdup'; expected 'char *(const char *)' [-Wbuiltin-declaration-mismatch]
  215 | char strdup (void);
      |      ^~~~~~
configure:27989: $? = 0
configure:27989: result: yes
configure:27995: checking for strchr
configure:27995: cc -o conftest -march=x86-64 -mtune=generic -O2 -pipe -fno-plt -fexceptions         -Wp,-D_FORTIFY_SOURCE=3 -Wformat -Werror=format-security         -fstack-clash-protection -fcf-protection         -fno-omit-frame-pointer -mno-omit-leaf-frame-pointer -Wno-incompatible-pointer-types -g -ffile-prefix-map=/home/esteban/Escritorio/hack_the_box/machines/administrator/tools/ntpdate/src=/usr/src/debug/ntpdate -flto=auto  -Wl,-O1 -Wl,--sort-common -Wl,--as-needed -Wl,-z,relro -Wl,-z,now          -Wl,-z,pack-relative-relocs -flto=auto conftest.c  >&5
conftest.c:216:6: warning: conflicting types for built-in function 'strchr'; expected 'char *(const char *, int)' [-Wbuiltin-declaration-mismatch]
  216 | char strchr (void);
      |      ^~~~~~
conftest.c:208:1: note: 'strchr' is declared in header '<string.h>'
  207 | #include <limits.h>
  208 | #undef strchr
configure:27995: $? = 0
configure:27995: result: yes
configure:28001: checking for strrchr
configure:28001: cc -o conftest -march=x86-64 -mtune=generic -O2 -pipe -fno-plt -fexceptions         -Wp,-D_FORTIFY_SOURCE=3 -Wformat -Werror=format-security         -fstack-clash-protection -fcf-protection         -fno-omit-frame-pointer -mno-omit-leaf-frame-pointer -Wno-incompatible-pointer-types -g -ffile-prefix-map=/home/esteban/Escritorio/hack_the_box/machines/administrator/tools/ntpdate/src=/usr/src/debug/ntpdate -flto=auto  -Wl,-O1 -Wl,--sort-common -Wl,--as-needed -Wl,-z,relro -Wl,-z,now          -Wl,-z,pack-relative-relocs -flto=auto conftest.c  >&5
conftest.c:217:6: warning: conflicting types for built-in function 'strrchr'; expected 'char *(const char *, int)' [-Wbuiltin-declaration-mismatch]
  217 | char strrchr (void);
      |      ^~~~~~~
conftest.c:209:1: note: 'strrchr' is declared in header '<string.h>'
  208 | #include <limits.h>
  209 | #undef strrchr
configure:28001: $? = 0
configure:28001: result: yes
configure:28007: checking for strsignal
configure:28007: cc -o conftest -march=x86-64 -mtune=generic -O2 -pipe -fno-plt -fexceptions         -Wp,-D_FORTIFY_SOURCE=3 -Wformat -Werror=format-security         -fstack-clash-protection -fcf-protection         -fno-omit-frame-pointer -mno-omit-leaf-frame-pointer -Wno-incompatible-pointer-types -g -ffile-prefix-map=/home/esteban/Escritorio/hack_the_box/machines/administrator/tools/ntpdate/src=/usr/src/debug/ntpdate -flto=auto  -Wl,-O1 -Wl,--sort-common -Wl,--as-needed -Wl,-z,relro -Wl,-z,now          -Wl,-z,pack-relative-relocs -flto=auto conftest.c  >&5
configure:28007: $? = 0
configure:28007: result: yes
configure:28013: checking for fchmod
configure:28013: cc -o conftest -march=x86-64 -mtune=generic -O2 -pipe -fno-plt -fexceptions         -Wp,-D_FORTIFY_SOURCE=3 -Wformat -Werror=format-security         -fstack-clash-protection -fcf-protection         -fno-omit-frame-pointer -mno-omit-leaf-frame-pointer -Wno-incompatible-pointer-types -g -ffile-prefix-map=/home/esteban/Escritorio/hack_the_box/machines/administrator/tools/ntpdate/src=/usr/src/debug/ntpdate -flto=auto  -Wl,-O1 -Wl,--sort-common -Wl,--as-needed -Wl,-z,relro -Wl,-z,now          -Wl,-z,pack-relative-relocs -flto=auto conftest.c  >&5
configure:28013: $? = 0
configure:28013: result: yes
configure:28019: checking for fstat
configure:28019: cc -o conftest -march=x86-64 -mtune=generic -O2 -pipe -fno-plt -fexceptions         -Wp,-D_FORTIFY_SOURCE=3 -Wformat -Werror=format-security         -fstack-clash-protection -fcf-protection         -fno-omit-frame-pointer -mno-omit-leaf-frame-pointer -Wno-incompatible-pointer-types -g -ffile-prefix-map=/home/esteban/Escritorio/hack_the_box/machines/administrator/tools/ntpdate/src=/usr/src/debug/ntpdate -flto=auto  -Wl,-O1 -Wl,--sort-common -Wl,--as-needed -Wl,-z,relro -Wl,-z,now          -Wl,-z,pack-relative-relocs -flto=auto conftest.c  >&5
configure:28019: $? = 0
configure:28019: result: yes
configure:28025: checking for chmod
configure:28025: cc -o conftest -march=x86-64 -mtune=generic -O2 -pipe -fno-plt -fexceptions         -Wp,-D_FORTIFY_SOURCE=3 -Wformat -Werror=format-security         -fstack-clash-protection -fcf-protection         -fno-omit-frame-pointer -mno-omit-leaf-frame-pointer -Wno-incompatible-pointer-types -g -ffile-prefix-map=/home/esteban/Escritorio/hack_the_box/machines/administrator/tools/ntpdate/src=/usr/src/debug/ntpdate -flto=auto  -Wl,-O1 -Wl,--sort-common -Wl,--as-needed -Wl,-z,relro -Wl,-z,now          -Wl,-z,pack-relative-relocs -flto=auto conftest.c  >&5
configure:28025: $? = 0
configure:28025: result: yes
configure:28032: checking for a sed that does not truncate output
configure:28104: result: /usr/bin/sed
configure:28142: Using supplied libopts tearoff
configure:28261: checking whether a reg expr header is specified
configure:28270: result: no
configure:28296: checking whether with-libregex was specified
configure:28305: result: no
configure:28326: checking whether with-libregex-cflags was specified
configure:28335: result: no
configure:28348: checking whether with-libregex-libs was specified
configure:28357: result: no
configure:28393: checking whether libregex functions properly
configure:28427: cc -o conftest -march=x86-64 -mtune=generic -O2 -pipe -fno-plt -fexceptions         -Wp,-D_FORTIFY_SOURCE=3 -Wformat -Werror=format-security         -fstack-clash-protection -fcf-protection         -fno-omit-frame-pointer -mno-omit-leaf-frame-pointer -Wno-incompatible-pointer-types -g -ffile-prefix-map=/home/esteban/Escritorio/hack_the_box/machines/administrator/tools/ntpdate/src=/usr/src/debug/ntpdate -flto=auto  -Wl,-O1 -Wl,--sort-common -Wl,--as-needed -Wl,-z,relro -Wl,-z,now          -Wl,-z,pack-relative-relocs -flto=auto conftest.c  >&5
configure:28427: $? = 0
configure:28427: ./conftest
configure:28427: $? = 0
configure:28444: result: yes
configure:28464: checking whether pathfind(3) works
configure:28485: cc -o conftest -march=x86-64 -mtune=generic -O2 -pipe -fno-plt -fexceptions         -Wp,-D_FORTIFY_SOURCE=3 -Wformat -Werror=format-security         -fstack-clash-protection -fcf-protection         -fno-omit-frame-pointer -mno-omit-leaf-frame-pointer -Wno-incompatible-pointer-types -g -ffile-prefix-map=/home/esteban/Escritorio/hack_the_box/machines/administrator/tools/ntpdate/src=/usr/src/debug/ntpdate -flto=auto  -Wl,-O1 -Wl,--sort-common -Wl,--as-needed -Wl,-z,relro -Wl,-z,now          -Wl,-z,pack-relative-relocs -flto=auto conftest.c  >&5
conftest.c: In function 'main':
conftest.c:212:16: error: implicit declaration of function 'pathfind' [-Wimplicit-function-declaration]
  212 |    char * pz = pathfind( getenv( "PATH" ), "sh", "x" );
      |                ^~~~~~~~
conftest.c:212:16: error: initialization of 'char *' from 'int' makes pointer from integer without a cast [-Wint-conversion]
configure:28485: $? = 1
configure: program exited with status 1
configure: failed program was:
| /* confdefs.h */
| #define PACKAGE_NAME "sntp"
| #define PACKAGE_TARNAME "sntp"
| #define PACKAGE_VERSION "4.2.8p18"
| #define PACKAGE_STRING "sntp 4.2.8p18"
| #define PACKAGE_BUGREPORT "https://bugs.ntp.org/"
| #define PACKAGE_URL "https://www.ntp.org/"
| #define PACKAGE "sntp"
| #define VERSION "4.2.8p18"
| #define STR_SYSTEM "x86_64-pc-linux-gnu"
| #define HAVE_STDIO_H 1
| #define HAVE_STDLIB_H 1
| #define HAVE_STRING_H 1
| #define HAVE_INTTYPES_H 1
| #define HAVE_STDINT_H 1
| #define HAVE_STRINGS_H 1
| #define HAVE_SYS_STAT_H 1
| #define HAVE_SYS_TYPES_H 1
| #define HAVE_UNISTD_H 1
| #define HAVE_WCHAR_H 1
| #define HAVE_STDARG_H 1
| #define STDC_HEADERS 1
| #define _ALL_SOURCE 1
| #define _DARWIN_C_SOURCE 1
| #define _GNU_SOURCE 1
| #define _HPUX_ALT_XOPEN_SOCKET_API 1
| #define _NETBSD_SOURCE 1
| #define _OPENBSD_SOURCE 1
| #define _POSIX_PTHREAD_SEMANTICS 1
| #define __STDC_WANT_IEC_60559_ATTRIBS_EXT__ 1
| #define __STDC_WANT_IEC_60559_BFP_EXT__ 1
| #define __STDC_WANT_IEC_60559_DFP_EXT__ 1
| #define __STDC_WANT_IEC_60559_EXT__ 1
| #define __STDC_WANT_IEC_60559_FUNCS_EXT__ 1
| #define __STDC_WANT_IEC_60559_TYPES_EXT__ 1
| #define __STDC_WANT_LIB_EXT2__ 1
| #define __STDC_WANT_MATH_SPEC_FUNCS__ 1
| #define _TANDEM_SOURCE 1
| #define __EXTENSIONS__ 1
| #define HAVE___ATTRIBUTE__ /**/
| #define HAVE_FORK 1
| #define HAVE_VFORK 1
| #define HAVE_VPRINTF 1
| #define HAVE_DECL_STRERROR_R 1
| #define HAVE_UNSIGNED_LONG_LONG_INT 1
| #define HAVE_VSNPRINTF 1
| #define HAVE_SNPRINTF 1
| #define DIR_SEP '/'
| #define HAVE_READLINE_READLINE_H 1
| #define HAVE_HISTEDIT_H 1
| #define HAVE_READLINE_HISTORY_H 1
| #define EL_INIT_ARGS 4
| #define HAVE_READLINE_HISTORY 1
| #define HAVE_WORKING_VFORK 1
| #define HAVE_WORKING_FORK 1
| #define HAVE_ALLOCA_H 1
| #define HAVE_ALLOCA 1
| #define HAVE_STRERROR_R 1
| #define STRERROR_R_CHAR_P 1
| #define HAVE_CLOCK_GETRES 1
| #define HAVE_CLOCK_GETTIME 1
| #define HAVE_CLOCK_SETTIME 1
| #define HAVE_TIMEGM 1
| #define HAVE_STRLCPY 1
| #define HAVE_STRLCAT 1
| #define HAVE_ERRNO_H 1
| #define HAVE_SYS_SOCKET_H 1
| #define HAVE_SYS_TYPES_H 1
| #define HAVE_TIME_H 1
| #define HAVE_NET_IF_H 1
| #define HAVE_LINUX_IF_ADDR_H 1
| #define NEED_EARLY_FORK 1
| #define HAVE_ARPA_NAMESER_H 1
| #define HAVE_SYS_PARAM_H 1
| #define HAVE_SYS_TIME_H 1
| #define HAVE_NETINET_IN_SYSTM_H 1
| #define HAVE_NETINET_IN_H 1
| #define HAVE_RESOLV_H 1
| #define HAVE_NETINET_IP_H 1
| #define HAVE_RECVMSG 1
| #define HAVE_INLINE 1
| #define SIZEOF_TIME_T 8
| #define SIZEOF_SIGNED_CHAR 1
| #define HAVE_LONG_LONG 1
| #define SIZEOF_SHORT 2
| #define SIZEOF_INT 4
| #define SIZEOF_LONG 8
| #define SIZEOF_LONG_LONG 8
| #define NEED_S_CHAR_TYPEDEF 1
| #define DEBUG 1
| #define HAVE_SEMAPHORE_H 1
| #define HAVE_SOCKETPAIR 1
| #define HAVE_PTHREAD_H 1
| #define HAVE_PTHREADS 10
| #define HAVE_SCHED_H 1
| #define HAVE_SCHED_YIELD 1
| #define HAVE_PTHREAD_KILL 1
| #define HAVE_PTHREAD_RWLOCK_DESTROY 1
| #define HAVE_PTHREAD_DETACH 1
| #define HAVE_PTHREAD_SETCONCURRENCY 1
| #define HAVE_PTHREAD_GETCONCURRENCY 1
| #define HAVE_YIELDING_SELECT 1
| #define REENTRANT 1
| #define _REENTRANT 1
| #define THREAD_SAFE 1
| #define _THREAD_SAFE 1
| #define THREADSAFE 1
| #define _THREADSAFE 1
| #define _SGI_MP_SOURCE 1
| #define LDAP_API_FEATURE_X_OPENLDAP_THREAD_SAFE 1
| #define HAVE_SEM_TIMEDWAIT 1
| #define SIZEOF_PTHREAD_T 8
| #define ISC_PLATFORM_USETHREADS 1
| #define HAVE_SIGWAIT 1
| #define HAVE_PTHREAD_ATTR_GETSTACKSIZE 1
| #define HAVE_PTHREAD_ATTR_SETSTACKSIZE 1
| #define HAVE_SYSCONF 1
| #define HAVE_LINUXTHREADS 1
| #define VSNPRINTF_PERCENT_M 1
| #define HAVE_SYS_CAPABILITY_H 1
| #define HAVE_SYS_PRCTL_H 1
| #define HAVE_LINUX_CAPABILITIES 1
| #define HAVE_DROPROOT 1
| #define HAVE_SYS_TYPES_H 1
| #define HAVE_NETINET_IN_H 1
| #define HAVE_ARPA_NAMESER_H 1
| #define HAVE_NETDB_H 1
| #define HAVE_RESOLV_H 1
| #define HAVE___RES_INIT 1
| #define HAVE_UINTPTR_T 1
| #define HAVE_STRUCT_TIMESPEC 1
| #define HAVE_STRUCT_NTPTIMEVAL 1
| #define HAVE_MD5_H 1
| #define HAVE_MD5INIT 1
| #define HAVE_SYSCONF 1
| #define HAVE_GETDTABLESIZE 1
| #define HAVE_SIGACTION 1
| #define HAVE_SIGSET 1
| #define HAVE_SETTIMEOFDAY 1
| #define HAVE_OPENSSL_CMAC_H 1
| #define ENABLE_CMAC 1
| #define OPENSSL /**/
| #define OPENSSL_SUPPRESS_DEPRECATED 1
| #define HAVE_EVP_MD_DO_ALL_SORTED 1
| #define HAVE_RAND_BYTES 1
| #define HAVE_RAND_POLL 1
| #define USE_OPENSSL_CRYPTO_RAND 1
| #define HAVE_DLFCN_H 1
| #define LT_OBJDIR ".libs/"
| #define HAVE_DIRENT_H 1
| #define HAVE_SYS_MMAN_H 1
| #define HAVE_SYS_PARAM_H 1
| #define HAVE_SYS_POLL_H 1
| #define HAVE_SYS_SELECT_H 1
| #define HAVE_SYS_SOCKET_H 1
| #define HAVE_SYS_TIME_H 1
| #define HAVE_SYS_UN_H 1
| #define HAVE_SYS_WAIT_H 1
| #define HAVE_DLFCN_H 1
| #define HAVE_ERRNO_H 1
| #define HAVE_FCNTL_H 1
| #define HAVE_LIBGEN_H 1
| #define HAVE_LIBINTL_H 1
| #define HAVE_MEMORY_H 1
| #define HAVE_NETINET_IN_H 1
| #define HAVE_SETJMP_H 1
| #define HAVE_STDBOOL_H 1
| #define HAVE_SYSEXITS_H 1
| #define HAVE_UNISTD_H 1
| #define HAVE_UTIME_H 1
| #define HAVE_STDARG_H 1
| #define HAVE_STRING_H 1
| #define HAVE_LIMITS_H 1
| #define HAVE_INTTYPES_H 1
| #define HAVE_WCHAR_H 1
| #define HAVE_WCHAR_T 1
| #define HAVE_WINT_T 1
| #define HAVE_INT8_T 1
| #define HAVE_UINT8_T 1
| #define HAVE_INT16_T 1
| #define HAVE_UINT16_T 1
| #define HAVE_INT32_T 1
| #define HAVE_UINT32_T 1
| #define HAVE_INTPTR_T 1
| #define HAVE_UINTPTR_T 1
| #define HAVE_PID_T 1
| #define HAVE_SIZE_T 1
| #define HAVE_PTRDIFF_T 1
| #define SIZEOF_CHAR_P 8
| #define SIZEOF_INT 4
| #define SIZEOF_LONG 8
| #define SIZEOF_SHORT 2
| #define HAVE_WORKING_VFORK 1
| #define HAVE_WORKING_FORK 1
| #define HAVE_MMAP 1
| #define HAVE_CANONICALIZE_FILE_NAME 1
| #define HAVE_SNPRINTF 1
| #define HAVE_STRDUP 1
| #define HAVE_STRCHR 1
| #define HAVE_STRRCHR 1
| #define HAVE_STRSIGNAL 1
| #define HAVE_FCHMOD 1
| #define HAVE_FSTAT 1
| #define HAVE_CHMOD 1
| #define POSIX_SHELL "/usr/bin/bash"
| #define REGEX_HEADER <regex.h>
| #define WITH_LIBREGEX 1
| /* end confdefs.h.  */
| #include <string.h>
| #include <stdlib.h>
| int main (int argc, char ** argv) {
|    char * pz = pathfind( getenv( "PATH" ), "sh", "x" );
|    return (pz == 0) ? 1 : 0;
| }
configure:28501: result: no
configure:28514: checking whether /dev/zero is readable device
configure:28532: result: crw-rw-rw- 1 root root 1, 5 Nov 9 18:27 /dev/zero
configure:28545: checking whether we have a functional realpath(3C)
configure:28571: cc -o conftest -march=x86-64 -mtune=generic -O2 -pipe -fno-plt -fexceptions         -Wp,-D_FORTIFY_SOURCE=3 -Wformat -Werror=format-security         -fstack-clash-protection -fcf-protection         -fno-omit-frame-pointer -mno-omit-leaf-frame-pointer -Wno-incompatible-pointer-types -g -ffile-prefix-map=/home/esteban/Escritorio/hack_the_box/machines/administrator/tools/ntpdate/src=/usr/src/debug/ntpdate -flto=auto  -Wl,-O1 -Wl,--sort-common -Wl,--as-needed -Wl,-z,relro -Wl,-z,now          -Wl,-z,pack-relative-relocs -flto=auto conftest.c  >&5
configure:28571: $? = 0
configure:28571: ./conftest
configure:28571: $? = 0
configure:28587: result: yes
configure:28600: checking whether strftime() works
configure:28632: cc -o conftest -march=x86-64 -mtune=generic -O2 -pipe -fno-plt -fexceptions         -Wp,-D_FORTIFY_SOURCE=3 -Wformat -Werror=format-security         -fstack-clash-protection -fcf-protection         -fno-omit-frame-pointer -mno-omit-leaf-frame-pointer -Wno-incompatible-pointer-types -g -ffile-prefix-map=/home/esteban/Escritorio/hack_the_box/machines/administrator/tools/ntpdate/src=/usr/src/debug/ntpdate -flto=auto  -Wl,-O1 -Wl,--sort-common -Wl,--as-needed -Wl,-z,relro -Wl,-z,now          -Wl,-z,pack-relative-relocs -flto=auto conftest.c  >&5
configure:28632: $? = 0
configure:28632: ./conftest
configure:28632: $? = 0
configure:28648: result: yes
configure:28661: checking whether fopen accepts "b" mode
configure:28680: cc -o conftest -march=x86-64 -mtune=generic -O2 -pipe -fno-plt -fexceptions         -Wp,-D_FORTIFY_SOURCE=3 -Wformat -Werror=format-security         -fstack-clash-protection -fcf-protection         -fno-omit-frame-pointer -mno-omit-leaf-frame-pointer -Wno-incompatible-pointer-types -g -ffile-prefix-map=/home/esteban/Escritorio/hack_the_box/machines/administrator/tools/ntpdate/src=/usr/src/debug/ntpdate -flto=auto  -Wl,-O1 -Wl,--sort-common -Wl,--as-needed -Wl,-z,relro -Wl,-z,now          -Wl,-z,pack-relative-relocs -flto=auto conftest.c  >&5
configure:28680: $? = 0
configure:28680: ./conftest
configure:28680: $? = 0
configure:28696: result: yes
configure:28713: checking whether fopen accepts "t" mode
configure:28732: cc -o conftest -march=x86-64 -mtune=generic -O2 -pipe -fno-plt -fexceptions         -Wp,-D_FORTIFY_SOURCE=3 -Wformat -Werror=format-security         -fstack-clash-protection -fcf-protection         -fno-omit-frame-pointer -mno-omit-leaf-frame-pointer -Wno-incompatible-pointer-types -g -ffile-prefix-map=/home/esteban/Escritorio/hack_the_box/machines/administrator/tools/ntpdate/src=/usr/src/debug/ntpdate -flto=auto  -Wl,-O1 -Wl,--sort-common -Wl,--as-needed -Wl,-z,relro -Wl,-z,now          -Wl,-z,pack-relative-relocs -flto=auto conftest.c  >&5
configure:28732: $? = 0
configure:28732: ./conftest
configure:28732: $? = 0
configure:28748: result: yes
configure:28770: checking whether not wanting optional option args
configure:28779: result: yes
configure:28851: checking if libevent 2 or later is installed
configure:28853: result: yes, version 2.1.12
configure:28961: checking for library containing openlog
configure:28997: cc -o conftest -march=x86-64 -mtune=generic -O2 -pipe -fno-plt -fexceptions         -Wp,-D_FORTIFY_SOURCE=3 -Wformat -Werror=format-security         -fstack-clash-protection -fcf-protection         -fno-omit-frame-pointer -mno-omit-leaf-frame-pointer -Wno-incompatible-pointer-types -g -ffile-prefix-map=/home/esteban/Escritorio/hack_the_box/machines/administrator/tools/ntpdate/src=/usr/src/debug/ntpdate -flto=auto  -Wl,-O1 -Wl,--sort-common -Wl,--as-needed -Wl,-z,relro -Wl,-z,now          -Wl,-z,pack-relative-relocs -flto=auto conftest.c  >&5
configure:28997: $? = 0
configure:29019: result: none required
configure:29035: checking for netdb.h
configure:29035: result: yes
configure:29041: checking for string.h
configure:29041: result: yes
configure:29047: checking for strings.h
configure:29047: result: yes
configure:29053: checking for syslog.h
configure:29053: cc -c -march=x86-64 -mtune=generic -O2 -pipe -fno-plt -fexceptions         -Wp,-D_FORTIFY_SOURCE=3 -Wformat -Werror=format-security         -fstack-clash-protection -fcf-protection         -fno-omit-frame-pointer -mno-omit-leaf-frame-pointer -Wno-incompatible-pointer-types -g -ffile-prefix-map=/home/esteban/Escritorio/hack_the_box/machines/administrator/tools/ntpdate/src=/usr/src/debug/ntpdate -flto=auto  conftest.c >&5
configure:29053: $? = 0
configure:29053: result: yes
configure:29064: checking for sysexits.h
configure:29064: result: yes
configure:29085: checking for facilitynames in syslog.h
configure:29110: cc -c -march=x86-64 -mtune=generic -O2 -pipe -fno-plt -fexceptions         -Wp,-D_FORTIFY_SOURCE=3 -Wformat -Werror=format-security         -fstack-clash-protection -fcf-protection         -fno-omit-frame-pointer -mno-omit-leaf-frame-pointer -Wno-incompatible-pointer-types -g -ffile-prefix-map=/home/esteban/Escritorio/hack_the_box/machines/administrator/tools/ntpdate/src=/usr/src/debug/ntpdate -flto=auto  conftest.c >&5
conftest.c:234:9: warning: data definition has no type or storage class
  234 |         ac_cv_HAVE_SYSLOG_FACILITYNAMES=yes
      |         ^~~~~~~~~~~~~~~~~~~~~~~~~~~~~~~
conftest.c:234:9: error: type defaults to 'int' in declaration of 'ac_cv_HAVE_SYSLOG_FACILITYNAMES' [-Wimplicit-int]
conftest.c:234:41: error: 'yes' undeclared here (not in a function)
  234 |         ac_cv_HAVE_SYSLOG_FACILITYNAMES=yes
      |                                         ^~~
conftest.c:234:9: error: expected ',' or ';' at end of input
  234 |         ac_cv_HAVE_SYSLOG_FACILITYNAMES=yes
      |         ^~~~~~~~~~~~~~~~~~~~~~~~~~~~~~~
configure:29110: $? = 1
configure: failed program was:
| /* confdefs.h */
| #define PACKAGE_NAME "sntp"
| #define PACKAGE_TARNAME "sntp"
| #define PACKAGE_VERSION "4.2.8p18"
| #define PACKAGE_STRING "sntp 4.2.8p18"
| #define PACKAGE_BUGREPORT "https://bugs.ntp.org/"
| #define PACKAGE_URL "https://www.ntp.org/"
| #define PACKAGE "sntp"
| #define VERSION "4.2.8p18"
| #define STR_SYSTEM "x86_64-pc-linux-gnu"
| #define HAVE_STDIO_H 1
| #define HAVE_STDLIB_H 1
| #define HAVE_STRING_H 1
| #define HAVE_INTTYPES_H 1
| #define HAVE_STDINT_H 1
| #define HAVE_STRINGS_H 1
| #define HAVE_SYS_STAT_H 1
| #define HAVE_SYS_TYPES_H 1
| #define HAVE_UNISTD_H 1
| #define HAVE_WCHAR_H 1
| #define HAVE_STDARG_H 1
| #define STDC_HEADERS 1
| #define _ALL_SOURCE 1
| #define _DARWIN_C_SOURCE 1
| #define _GNU_SOURCE 1
| #define _HPUX_ALT_XOPEN_SOCKET_API 1
| #define _NETBSD_SOURCE 1
| #define _OPENBSD_SOURCE 1
| #define _POSIX_PTHREAD_SEMANTICS 1
| #define __STDC_WANT_IEC_60559_ATTRIBS_EXT__ 1
| #define __STDC_WANT_IEC_60559_BFP_EXT__ 1
| #define __STDC_WANT_IEC_60559_DFP_EXT__ 1
| #define __STDC_WANT_IEC_60559_EXT__ 1
| #define __STDC_WANT_IEC_60559_FUNCS_EXT__ 1
| #define __STDC_WANT_IEC_60559_TYPES_EXT__ 1
| #define __STDC_WANT_LIB_EXT2__ 1
| #define __STDC_WANT_MATH_SPEC_FUNCS__ 1
| #define _TANDEM_SOURCE 1
| #define __EXTENSIONS__ 1
| #define HAVE___ATTRIBUTE__ /**/
| #define HAVE_FORK 1
| #define HAVE_VFORK 1
| #define HAVE_VPRINTF 1
| #define HAVE_DECL_STRERROR_R 1
| #define HAVE_UNSIGNED_LONG_LONG_INT 1
| #define HAVE_VSNPRINTF 1
| #define HAVE_SNPRINTF 1
| #define DIR_SEP '/'
| #define HAVE_READLINE_READLINE_H 1
| #define HAVE_HISTEDIT_H 1
| #define HAVE_READLINE_HISTORY_H 1
| #define EL_INIT_ARGS 4
| #define HAVE_READLINE_HISTORY 1
| #define HAVE_WORKING_VFORK 1
| #define HAVE_WORKING_FORK 1
| #define HAVE_ALLOCA_H 1
| #define HAVE_ALLOCA 1
| #define HAVE_STRERROR_R 1
| #define STRERROR_R_CHAR_P 1
| #define HAVE_CLOCK_GETRES 1
| #define HAVE_CLOCK_GETTIME 1
| #define HAVE_CLOCK_SETTIME 1
| #define HAVE_TIMEGM 1
| #define HAVE_STRLCPY 1
| #define HAVE_STRLCAT 1
| #define HAVE_ERRNO_H 1
| #define HAVE_SYS_SOCKET_H 1
| #define HAVE_SYS_TYPES_H 1
| #define HAVE_TIME_H 1
| #define HAVE_NET_IF_H 1
| #define HAVE_LINUX_IF_ADDR_H 1
| #define NEED_EARLY_FORK 1
| #define HAVE_ARPA_NAMESER_H 1
| #define HAVE_SYS_PARAM_H 1
| #define HAVE_SYS_TIME_H 1
| #define HAVE_NETINET_IN_SYSTM_H 1
| #define HAVE_NETINET_IN_H 1
| #define HAVE_RESOLV_H 1
| #define HAVE_NETINET_IP_H 1
| #define HAVE_RECVMSG 1
| #define HAVE_INLINE 1
| #define SIZEOF_TIME_T 8
| #define SIZEOF_SIGNED_CHAR 1
| #define HAVE_LONG_LONG 1
| #define SIZEOF_SHORT 2
| #define SIZEOF_INT 4
| #define SIZEOF_LONG 8
| #define SIZEOF_LONG_LONG 8
| #define NEED_S_CHAR_TYPEDEF 1
| #define DEBUG 1
| #define HAVE_SEMAPHORE_H 1
| #define HAVE_SOCKETPAIR 1
| #define HAVE_PTHREAD_H 1
| #define HAVE_PTHREADS 10
| #define HAVE_SCHED_H 1
| #define HAVE_SCHED_YIELD 1
| #define HAVE_PTHREAD_KILL 1
| #define HAVE_PTHREAD_RWLOCK_DESTROY 1
| #define HAVE_PTHREAD_DETACH 1
| #define HAVE_PTHREAD_SETCONCURRENCY 1
| #define HAVE_PTHREAD_GETCONCURRENCY 1
| #define HAVE_YIELDING_SELECT 1
| #define REENTRANT 1
| #define _REENTRANT 1
| #define THREAD_SAFE 1
| #define _THREAD_SAFE 1
| #define THREADSAFE 1
| #define _THREADSAFE 1
| #define _SGI_MP_SOURCE 1
| #define LDAP_API_FEATURE_X_OPENLDAP_THREAD_SAFE 1
| #define HAVE_SEM_TIMEDWAIT 1
| #define SIZEOF_PTHREAD_T 8
| #define ISC_PLATFORM_USETHREADS 1
| #define HAVE_SIGWAIT 1
| #define HAVE_PTHREAD_ATTR_GETSTACKSIZE 1
| #define HAVE_PTHREAD_ATTR_SETSTACKSIZE 1
| #define HAVE_SYSCONF 1
| #define HAVE_LINUXTHREADS 1
| #define VSNPRINTF_PERCENT_M 1
| #define HAVE_SYS_CAPABILITY_H 1
| #define HAVE_SYS_PRCTL_H 1
| #define HAVE_LINUX_CAPABILITIES 1
| #define HAVE_DROPROOT 1
| #define HAVE_SYS_TYPES_H 1
| #define HAVE_NETINET_IN_H 1
| #define HAVE_ARPA_NAMESER_H 1
| #define HAVE_NETDB_H 1
| #define HAVE_RESOLV_H 1
| #define HAVE___RES_INIT 1
| #define HAVE_UINTPTR_T 1
| #define HAVE_STRUCT_TIMESPEC 1
| #define HAVE_STRUCT_NTPTIMEVAL 1
| #define HAVE_MD5_H 1
| #define HAVE_MD5INIT 1
| #define HAVE_SYSCONF 1
| #define HAVE_GETDTABLESIZE 1
| #define HAVE_SIGACTION 1
| #define HAVE_SIGSET 1
| #define HAVE_SETTIMEOFDAY 1
| #define HAVE_OPENSSL_CMAC_H 1
| #define ENABLE_CMAC 1
| #define OPENSSL /**/
| #define OPENSSL_SUPPRESS_DEPRECATED 1
| #define HAVE_EVP_MD_DO_ALL_SORTED 1
| #define HAVE_RAND_BYTES 1
| #define HAVE_RAND_POLL 1
| #define USE_OPENSSL_CRYPTO_RAND 1
| #define HAVE_DLFCN_H 1
| #define LT_OBJDIR ".libs/"
| #define HAVE_DIRENT_H 1
| #define HAVE_SYS_MMAN_H 1
| #define HAVE_SYS_PARAM_H 1
| #define HAVE_SYS_POLL_H 1
| #define HAVE_SYS_SELECT_H 1
| #define HAVE_SYS_SOCKET_H 1
| #define HAVE_SYS_TIME_H 1
| #define HAVE_SYS_UN_H 1
| #define HAVE_SYS_WAIT_H 1
| #define HAVE_DLFCN_H 1
| #define HAVE_ERRNO_H 1
| #define HAVE_FCNTL_H 1
| #define HAVE_LIBGEN_H 1
| #define HAVE_LIBINTL_H 1
| #define HAVE_MEMORY_H 1
| #define HAVE_NETINET_IN_H 1
| #define HAVE_SETJMP_H 1
| #define HAVE_STDBOOL_H 1
| #define HAVE_SYSEXITS_H 1
| #define HAVE_UNISTD_H 1
| #define HAVE_UTIME_H 1
| #define HAVE_STDARG_H 1
| #define HAVE_STRING_H 1
| #define HAVE_LIMITS_H 1
| #define HAVE_INTTYPES_H 1
| #define HAVE_WCHAR_H 1
| #define HAVE_WCHAR_T 1
| #define HAVE_WINT_T 1
| #define HAVE_INT8_T 1
| #define HAVE_UINT8_T 1
| #define HAVE_INT16_T 1
| #define HAVE_UINT16_T 1
| #define HAVE_INT32_T 1
| #define HAVE_UINT32_T 1
| #define HAVE_INTPTR_T 1
| #define HAVE_UINTPTR_T 1
| #define HAVE_PID_T 1
| #define HAVE_SIZE_T 1
| #define HAVE_PTRDIFF_T 1
| #define SIZEOF_CHAR_P 8
| #define SIZEOF_INT 4
| #define SIZEOF_LONG 8
| #define SIZEOF_SHORT 2
| #define HAVE_WORKING_VFORK 1
| #define HAVE_WORKING_FORK 1
| #define HAVE_MMAP 1
| #define HAVE_CANONICALIZE_FILE_NAME 1
| #define HAVE_SNPRINTF 1
| #define HAVE_STRDUP 1
| #define HAVE_STRCHR 1
| #define HAVE_STRRCHR 1
| #define HAVE_STRSIGNAL 1
| #define HAVE_FCHMOD 1
| #define HAVE_FSTAT 1
| #define HAVE_CHMOD 1
| #define POSIX_SHELL "/usr/bin/bash"
| #define REGEX_HEADER <regex.h>
| #define WITH_LIBREGEX 1
| #define HAVE_DEV_ZERO 1
| #define HAVE_REALPATH 1
| #define HAVE_STRFTIME 1
| #define FOPEN_BINARY_FLAG "b"
| #define FOPEN_TEXT_FLAG "t"
| #define HAVE_NETDB_H 1
| #define HAVE_STRING_H 1
| #define HAVE_STRINGS_H 1
| #define HAVE_SYSLOG_H 1
| #define HAVE_SYSEXITS_H 1
| /* end confdefs.h.  */
| 
| 		#define SYSLOG_NAMES
| 		#include <stdlib.h>
| 		#include <syslog.h>
| 
| int
| main (void)
| {
| 
| 		void *fnames = facilitynames;
| 
| 
|   ;
|   return 0;
| }
| 	ac_cv_HAVE_SYSLOG_FACILITYNAMES=yes
configure:29119: result: 
configure:29134: checking for _Bool
configure:29134: cc -c -march=x86-64 -mtune=generic -O2 -pipe -fno-plt -fexceptions         -Wp,-D_FORTIFY_SOURCE=3 -Wformat -Werror=format-security         -fstack-clash-protection -fcf-protection         -fno-omit-frame-pointer -mno-omit-leaf-frame-pointer -Wno-incompatible-pointer-types -g -ffile-prefix-map=/home/esteban/Escritorio/hack_the_box/machines/administrator/tools/ntpdate/src=/usr/src/debug/ntpdate -flto=auto  conftest.c >&5
configure:29134: $? = 0
configure:29134: cc -c -march=x86-64 -mtune=generic -O2 -pipe -fno-plt -fexceptions         -Wp,-D_FORTIFY_SOURCE=3 -Wformat -Werror=format-security         -fstack-clash-protection -fcf-protection         -fno-omit-frame-pointer -mno-omit-leaf-frame-pointer -Wno-incompatible-pointer-types -g -ffile-prefix-map=/home/esteban/Escritorio/hack_the_box/machines/administrator/tools/ntpdate/src=/usr/src/debug/ntpdate -flto=auto  conftest.c >&5
conftest.c: In function 'main':
conftest.c:250:20: error: expected expression before ')' token
  250 | if (sizeof ((_Bool)))
      |                    ^
configure:29134: $? = 1
configure: failed program was:
| /* confdefs.h */
| #define PACKAGE_NAME "sntp"
| #define PACKAGE_TARNAME "sntp"
| #define PACKAGE_VERSION "4.2.8p18"
| #define PACKAGE_STRING "sntp 4.2.8p18"
| #define PACKAGE_BUGREPORT "https://bugs.ntp.org/"
| #define PACKAGE_URL "https://www.ntp.org/"
| #define PACKAGE "sntp"
| #define VERSION "4.2.8p18"
| #define STR_SYSTEM "x86_64-pc-linux-gnu"
| #define HAVE_STDIO_H 1
| #define HAVE_STDLIB_H 1
| #define HAVE_STRING_H 1
| #define HAVE_INTTYPES_H 1
| #define HAVE_STDINT_H 1
| #define HAVE_STRINGS_H 1
| #define HAVE_SYS_STAT_H 1
| #define HAVE_SYS_TYPES_H 1
| #define HAVE_UNISTD_H 1
| #define HAVE_WCHAR_H 1
| #define HAVE_STDARG_H 1
| #define STDC_HEADERS 1
| #define _ALL_SOURCE 1
| #define _DARWIN_C_SOURCE 1
| #define _GNU_SOURCE 1
| #define _HPUX_ALT_XOPEN_SOCKET_API 1
| #define _NETBSD_SOURCE 1
| #define _OPENBSD_SOURCE 1
| #define _POSIX_PTHREAD_SEMANTICS 1
| #define __STDC_WANT_IEC_60559_ATTRIBS_EXT__ 1
| #define __STDC_WANT_IEC_60559_BFP_EXT__ 1
| #define __STDC_WANT_IEC_60559_DFP_EXT__ 1
| #define __STDC_WANT_IEC_60559_EXT__ 1
| #define __STDC_WANT_IEC_60559_FUNCS_EXT__ 1
| #define __STDC_WANT_IEC_60559_TYPES_EXT__ 1
| #define __STDC_WANT_LIB_EXT2__ 1
| #define __STDC_WANT_MATH_SPEC_FUNCS__ 1
| #define _TANDEM_SOURCE 1
| #define __EXTENSIONS__ 1
| #define HAVE___ATTRIBUTE__ /**/
| #define HAVE_FORK 1
| #define HAVE_VFORK 1
| #define HAVE_VPRINTF 1
| #define HAVE_DECL_STRERROR_R 1
| #define HAVE_UNSIGNED_LONG_LONG_INT 1
| #define HAVE_VSNPRINTF 1
| #define HAVE_SNPRINTF 1
| #define DIR_SEP '/'
| #define HAVE_READLINE_READLINE_H 1
| #define HAVE_HISTEDIT_H 1
| #define HAVE_READLINE_HISTORY_H 1
| #define EL_INIT_ARGS 4
| #define HAVE_READLINE_HISTORY 1
| #define HAVE_WORKING_VFORK 1
| #define HAVE_WORKING_FORK 1
| #define HAVE_ALLOCA_H 1
| #define HAVE_ALLOCA 1
| #define HAVE_STRERROR_R 1
| #define STRERROR_R_CHAR_P 1
| #define HAVE_CLOCK_GETRES 1
| #define HAVE_CLOCK_GETTIME 1
| #define HAVE_CLOCK_SETTIME 1
| #define HAVE_TIMEGM 1
| #define HAVE_STRLCPY 1
| #define HAVE_STRLCAT 1
| #define HAVE_ERRNO_H 1
| #define HAVE_SYS_SOCKET_H 1
| #define HAVE_SYS_TYPES_H 1
| #define HAVE_TIME_H 1
| #define HAVE_NET_IF_H 1
| #define HAVE_LINUX_IF_ADDR_H 1
| #define NEED_EARLY_FORK 1
| #define HAVE_ARPA_NAMESER_H 1
| #define HAVE_SYS_PARAM_H 1
| #define HAVE_SYS_TIME_H 1
| #define HAVE_NETINET_IN_SYSTM_H 1
| #define HAVE_NETINET_IN_H 1
| #define HAVE_RESOLV_H 1
| #define HAVE_NETINET_IP_H 1
| #define HAVE_RECVMSG 1
| #define HAVE_INLINE 1
| #define SIZEOF_TIME_T 8
| #define SIZEOF_SIGNED_CHAR 1
| #define HAVE_LONG_LONG 1
| #define SIZEOF_SHORT 2
| #define SIZEOF_INT 4
| #define SIZEOF_LONG 8
| #define SIZEOF_LONG_LONG 8
| #define NEED_S_CHAR_TYPEDEF 1
| #define DEBUG 1
| #define HAVE_SEMAPHORE_H 1
| #define HAVE_SOCKETPAIR 1
| #define HAVE_PTHREAD_H 1
| #define HAVE_PTHREADS 10
| #define HAVE_SCHED_H 1
| #define HAVE_SCHED_YIELD 1
| #define HAVE_PTHREAD_KILL 1
| #define HAVE_PTHREAD_RWLOCK_DESTROY 1
| #define HAVE_PTHREAD_DETACH 1
| #define HAVE_PTHREAD_SETCONCURRENCY 1
| #define HAVE_PTHREAD_GETCONCURRENCY 1
| #define HAVE_YIELDING_SELECT 1
| #define REENTRANT 1
| #define _REENTRANT 1
| #define THREAD_SAFE 1
| #define _THREAD_SAFE 1
| #define THREADSAFE 1
| #define _THREADSAFE 1
| #define _SGI_MP_SOURCE 1
| #define LDAP_API_FEATURE_X_OPENLDAP_THREAD_SAFE 1
| #define HAVE_SEM_TIMEDWAIT 1
| #define SIZEOF_PTHREAD_T 8
| #define ISC_PLATFORM_USETHREADS 1
| #define HAVE_SIGWAIT 1
| #define HAVE_PTHREAD_ATTR_GETSTACKSIZE 1
| #define HAVE_PTHREAD_ATTR_SETSTACKSIZE 1
| #define HAVE_SYSCONF 1
| #define HAVE_LINUXTHREADS 1
| #define VSNPRINTF_PERCENT_M 1
| #define HAVE_SYS_CAPABILITY_H 1
| #define HAVE_SYS_PRCTL_H 1
| #define HAVE_LINUX_CAPABILITIES 1
| #define HAVE_DROPROOT 1
| #define HAVE_SYS_TYPES_H 1
| #define HAVE_NETINET_IN_H 1
| #define HAVE_ARPA_NAMESER_H 1
| #define HAVE_NETDB_H 1
| #define HAVE_RESOLV_H 1
| #define HAVE___RES_INIT 1
| #define HAVE_UINTPTR_T 1
| #define HAVE_STRUCT_TIMESPEC 1
| #define HAVE_STRUCT_NTPTIMEVAL 1
| #define HAVE_MD5_H 1
| #define HAVE_MD5INIT 1
| #define HAVE_SYSCONF 1
| #define HAVE_GETDTABLESIZE 1
| #define HAVE_SIGACTION 1
| #define HAVE_SIGSET 1
| #define HAVE_SETTIMEOFDAY 1
| #define HAVE_OPENSSL_CMAC_H 1
| #define ENABLE_CMAC 1
| #define OPENSSL /**/
| #define OPENSSL_SUPPRESS_DEPRECATED 1
| #define HAVE_EVP_MD_DO_ALL_SORTED 1
| #define HAVE_RAND_BYTES 1
| #define HAVE_RAND_POLL 1
| #define USE_OPENSSL_CRYPTO_RAND 1
| #define HAVE_DLFCN_H 1
| #define LT_OBJDIR ".libs/"
| #define HAVE_DIRENT_H 1
| #define HAVE_SYS_MMAN_H 1
| #define HAVE_SYS_PARAM_H 1
| #define HAVE_SYS_POLL_H 1
| #define HAVE_SYS_SELECT_H 1
| #define HAVE_SYS_SOCKET_H 1
| #define HAVE_SYS_TIME_H 1
| #define HAVE_SYS_UN_H 1
| #define HAVE_SYS_WAIT_H 1
| #define HAVE_DLFCN_H 1
| #define HAVE_ERRNO_H 1
| #define HAVE_FCNTL_H 1
| #define HAVE_LIBGEN_H 1
| #define HAVE_LIBINTL_H 1
| #define HAVE_MEMORY_H 1
| #define HAVE_NETINET_IN_H 1
| #define HAVE_SETJMP_H 1
| #define HAVE_STDBOOL_H 1
| #define HAVE_SYSEXITS_H 1
| #define HAVE_UNISTD_H 1
| #define HAVE_UTIME_H 1
| #define HAVE_STDARG_H 1
| #define HAVE_STRING_H 1
| #define HAVE_LIMITS_H 1
| #define HAVE_INTTYPES_H 1
| #define HAVE_WCHAR_H 1
| #define HAVE_WCHAR_T 1
| #define HAVE_WINT_T 1
| #define HAVE_INT8_T 1
| #define HAVE_UINT8_T 1
| #define HAVE_INT16_T 1
| #define HAVE_UINT16_T 1
| #define HAVE_INT32_T 1
| #define HAVE_UINT32_T 1
| #define HAVE_INTPTR_T 1
| #define HAVE_UINTPTR_T 1
| #define HAVE_PID_T 1
| #define HAVE_SIZE_T 1
| #define HAVE_PTRDIFF_T 1
| #define SIZEOF_CHAR_P 8
| #define SIZEOF_INT 4
| #define SIZEOF_LONG 8
| #define SIZEOF_SHORT 2
| #define HAVE_WORKING_VFORK 1
| #define HAVE_WORKING_FORK 1
| #define HAVE_MMAP 1
| #define HAVE_CANONICALIZE_FILE_NAME 1
| #define HAVE_SNPRINTF 1
| #define HAVE_STRDUP 1
| #define HAVE_STRCHR 1
| #define HAVE_STRRCHR 1
| #define HAVE_STRSIGNAL 1
| #define HAVE_FCHMOD 1
| #define HAVE_FSTAT 1
| #define HAVE_CHMOD 1
| #define POSIX_SHELL "/usr/bin/bash"
| #define REGEX_HEADER <regex.h>
| #define WITH_LIBREGEX 1
| #define HAVE_DEV_ZERO 1
| #define HAVE_REALPATH 1
| #define HAVE_STRFTIME 1
| #define FOPEN_BINARY_FLAG "b"
| #define FOPEN_TEXT_FLAG "t"
| #define HAVE_NETDB_H 1
| #define HAVE_STRING_H 1
| #define HAVE_STRINGS_H 1
| #define HAVE_SYSLOG_H 1
| #define HAVE_SYSEXITS_H 1
| /* end confdefs.h.  */
| #include <stddef.h>
| #ifdef HAVE_STDIO_H
| # include <stdio.h>
| #endif
| #ifdef HAVE_STDLIB_H
| # include <stdlib.h>
| #endif
| #ifdef HAVE_STRING_H
| # include <string.h>
| #endif
| #ifdef HAVE_INTTYPES_H
| # include <inttypes.h>
| #endif
| #ifdef HAVE_STDINT_H
| # include <stdint.h>
| #endif
| #ifdef HAVE_STRINGS_H
| # include <strings.h>
| #endif
| #ifdef HAVE_SYS_TYPES_H
| # include <sys/types.h>
| #endif
| #ifdef HAVE_SYS_STAT_H
| # include <sys/stat.h>
| #endif
| #ifdef HAVE_UNISTD_H
| # include <unistd.h>
| #endif
| int
| main (void)
| {
| if (sizeof ((_Bool)))
| 	    return 0;
|   ;
|   return 0;
| }
configure:29134: result: yes
configure:29143: checking for stdbool.h that conforms to C99 or later
configure:29228: result: yes
configure:29240: checking for struct sockaddr_storage
configure:29270: cc -c -march=x86-64 -mtune=generic -O2 -pipe -fno-plt -fexceptions         -Wp,-D_FORTIFY_SOURCE=3 -Wformat -Werror=format-security         -fstack-clash-protection -fcf-protection         -fno-omit-frame-pointer -mno-omit-leaf-frame-pointer -Wno-incompatible-pointer-types -g -ffile-prefix-map=/home/esteban/Escritorio/hack_the_box/machines/administrator/tools/ntpdate/src=/usr/src/debug/ntpdate -flto=auto  conftest.c >&5
configure:29270: $? = 0
configure:29282: result: yes
configure:29289: checking for sockaddr_storage.__ss_family
configure:29320: cc -c -march=x86-64 -mtune=generic -O2 -pipe -fno-plt -fexceptions         -Wp,-D_FORTIFY_SOURCE=3 -Wformat -Werror=format-security         -fstack-clash-protection -fcf-protection         -fno-omit-frame-pointer -mno-omit-leaf-frame-pointer -Wno-incompatible-pointer-types -g -ffile-prefix-map=/home/esteban/Escritorio/hack_the_box/machines/administrator/tools/ntpdate/src=/usr/src/debug/ntpdate -flto=auto  conftest.c >&5
conftest.c: In function 'main':
conftest.c:238:23: error: 'struct sockaddr_storage' has no member named '__ss_family'; did you mean 'ss_family'?
  238 |                     s.__ss_family = 1;
      |                       ^~~~~~~~~~~
      |                       ss_family
configure:29320: $? = 1
configure: failed program was:
| /* confdefs.h */
| #define PACKAGE_NAME "sntp"
| #define PACKAGE_TARNAME "sntp"
| #define PACKAGE_VERSION "4.2.8p18"
| #define PACKAGE_STRING "sntp 4.2.8p18"
| #define PACKAGE_BUGREPORT "https://bugs.ntp.org/"
| #define PACKAGE_URL "https://www.ntp.org/"
| #define PACKAGE "sntp"
| #define VERSION "4.2.8p18"
| #define STR_SYSTEM "x86_64-pc-linux-gnu"
| #define HAVE_STDIO_H 1
| #define HAVE_STDLIB_H 1
| #define HAVE_STRING_H 1
| #define HAVE_INTTYPES_H 1
| #define HAVE_STDINT_H 1
| #define HAVE_STRINGS_H 1
| #define HAVE_SYS_STAT_H 1
| #define HAVE_SYS_TYPES_H 1
| #define HAVE_UNISTD_H 1
| #define HAVE_WCHAR_H 1
| #define HAVE_STDARG_H 1
| #define STDC_HEADERS 1
| #define _ALL_SOURCE 1
| #define _DARWIN_C_SOURCE 1
| #define _GNU_SOURCE 1
| #define _HPUX_ALT_XOPEN_SOCKET_API 1
| #define _NETBSD_SOURCE 1
| #define _OPENBSD_SOURCE 1
| #define _POSIX_PTHREAD_SEMANTICS 1
| #define __STDC_WANT_IEC_60559_ATTRIBS_EXT__ 1
| #define __STDC_WANT_IEC_60559_BFP_EXT__ 1
| #define __STDC_WANT_IEC_60559_DFP_EXT__ 1
| #define __STDC_WANT_IEC_60559_EXT__ 1
| #define __STDC_WANT_IEC_60559_FUNCS_EXT__ 1
| #define __STDC_WANT_IEC_60559_TYPES_EXT__ 1
| #define __STDC_WANT_LIB_EXT2__ 1
| #define __STDC_WANT_MATH_SPEC_FUNCS__ 1
| #define _TANDEM_SOURCE 1
| #define __EXTENSIONS__ 1
| #define HAVE___ATTRIBUTE__ /**/
| #define HAVE_FORK 1
| #define HAVE_VFORK 1
| #define HAVE_VPRINTF 1
| #define HAVE_DECL_STRERROR_R 1
| #define HAVE_UNSIGNED_LONG_LONG_INT 1
| #define HAVE_VSNPRINTF 1
| #define HAVE_SNPRINTF 1
| #define DIR_SEP '/'
| #define HAVE_READLINE_READLINE_H 1
| #define HAVE_HISTEDIT_H 1
| #define HAVE_READLINE_HISTORY_H 1
| #define EL_INIT_ARGS 4
| #define HAVE_READLINE_HISTORY 1
| #define HAVE_WORKING_VFORK 1
| #define HAVE_WORKING_FORK 1
| #define HAVE_ALLOCA_H 1
| #define HAVE_ALLOCA 1
| #define HAVE_STRERROR_R 1
| #define STRERROR_R_CHAR_P 1
| #define HAVE_CLOCK_GETRES 1
| #define HAVE_CLOCK_GETTIME 1
| #define HAVE_CLOCK_SETTIME 1
| #define HAVE_TIMEGM 1
| #define HAVE_STRLCPY 1
| #define HAVE_STRLCAT 1
| #define HAVE_ERRNO_H 1
| #define HAVE_SYS_SOCKET_H 1
| #define HAVE_SYS_TYPES_H 1
| #define HAVE_TIME_H 1
| #define HAVE_NET_IF_H 1
| #define HAVE_LINUX_IF_ADDR_H 1
| #define NEED_EARLY_FORK 1
| #define HAVE_ARPA_NAMESER_H 1
| #define HAVE_SYS_PARAM_H 1
| #define HAVE_SYS_TIME_H 1
| #define HAVE_NETINET_IN_SYSTM_H 1
| #define HAVE_NETINET_IN_H 1
| #define HAVE_RESOLV_H 1
| #define HAVE_NETINET_IP_H 1
| #define HAVE_RECVMSG 1
| #define HAVE_INLINE 1
| #define SIZEOF_TIME_T 8
| #define SIZEOF_SIGNED_CHAR 1
| #define HAVE_LONG_LONG 1
| #define SIZEOF_SHORT 2
| #define SIZEOF_INT 4
| #define SIZEOF_LONG 8
| #define SIZEOF_LONG_LONG 8
| #define NEED_S_CHAR_TYPEDEF 1
| #define DEBUG 1
| #define HAVE_SEMAPHORE_H 1
| #define HAVE_SOCKETPAIR 1
| #define HAVE_PTHREAD_H 1
| #define HAVE_PTHREADS 10
| #define HAVE_SCHED_H 1
| #define HAVE_SCHED_YIELD 1
| #define HAVE_PTHREAD_KILL 1
| #define HAVE_PTHREAD_RWLOCK_DESTROY 1
| #define HAVE_PTHREAD_DETACH 1
| #define HAVE_PTHREAD_SETCONCURRENCY 1
| #define HAVE_PTHREAD_GETCONCURRENCY 1
| #define HAVE_YIELDING_SELECT 1
| #define REENTRANT 1
| #define _REENTRANT 1
| #define THREAD_SAFE 1
| #define _THREAD_SAFE 1
| #define THREADSAFE 1
| #define _THREADSAFE 1
| #define _SGI_MP_SOURCE 1
| #define LDAP_API_FEATURE_X_OPENLDAP_THREAD_SAFE 1
| #define HAVE_SEM_TIMEDWAIT 1
| #define SIZEOF_PTHREAD_T 8
| #define ISC_PLATFORM_USETHREADS 1
| #define HAVE_SIGWAIT 1
| #define HAVE_PTHREAD_ATTR_GETSTACKSIZE 1
| #define HAVE_PTHREAD_ATTR_SETSTACKSIZE 1
| #define HAVE_SYSCONF 1
| #define HAVE_LINUXTHREADS 1
| #define VSNPRINTF_PERCENT_M 1
| #define HAVE_SYS_CAPABILITY_H 1
| #define HAVE_SYS_PRCTL_H 1
| #define HAVE_LINUX_CAPABILITIES 1
| #define HAVE_DROPROOT 1
| #define HAVE_SYS_TYPES_H 1
| #define HAVE_NETINET_IN_H 1
| #define HAVE_ARPA_NAMESER_H 1
| #define HAVE_NETDB_H 1
| #define HAVE_RESOLV_H 1
| #define HAVE___RES_INIT 1
| #define HAVE_UINTPTR_T 1
| #define HAVE_STRUCT_TIMESPEC 1
| #define HAVE_STRUCT_NTPTIMEVAL 1
| #define HAVE_MD5_H 1
| #define HAVE_MD5INIT 1
| #define HAVE_SYSCONF 1
| #define HAVE_GETDTABLESIZE 1
| #define HAVE_SIGACTION 1
| #define HAVE_SIGSET 1
| #define HAVE_SETTIMEOFDAY 1
| #define HAVE_OPENSSL_CMAC_H 1
| #define ENABLE_CMAC 1
| #define OPENSSL /**/
| #define OPENSSL_SUPPRESS_DEPRECATED 1
| #define HAVE_EVP_MD_DO_ALL_SORTED 1
| #define HAVE_RAND_BYTES 1
| #define HAVE_RAND_POLL 1
| #define USE_OPENSSL_CRYPTO_RAND 1
| #define HAVE_DLFCN_H 1
| #define LT_OBJDIR ".libs/"
| #define HAVE_DIRENT_H 1
| #define HAVE_SYS_MMAN_H 1
| #define HAVE_SYS_PARAM_H 1
| #define HAVE_SYS_POLL_H 1
| #define HAVE_SYS_SELECT_H 1
| #define HAVE_SYS_SOCKET_H 1
| #define HAVE_SYS_TIME_H 1
| #define HAVE_SYS_UN_H 1
| #define HAVE_SYS_WAIT_H 1
| #define HAVE_DLFCN_H 1
| #define HAVE_ERRNO_H 1
| #define HAVE_FCNTL_H 1
| #define HAVE_LIBGEN_H 1
| #define HAVE_LIBINTL_H 1
| #define HAVE_MEMORY_H 1
| #define HAVE_NETINET_IN_H 1
| #define HAVE_SETJMP_H 1
| #define HAVE_STDBOOL_H 1
| #define HAVE_SYSEXITS_H 1
| #define HAVE_UNISTD_H 1
| #define HAVE_UTIME_H 1
| #define HAVE_STDARG_H 1
| #define HAVE_STRING_H 1
| #define HAVE_LIMITS_H 1
| #define HAVE_INTTYPES_H 1
| #define HAVE_WCHAR_H 1
| #define HAVE_WCHAR_T 1
| #define HAVE_WINT_T 1
| #define HAVE_INT8_T 1
| #define HAVE_UINT8_T 1
| #define HAVE_INT16_T 1
| #define HAVE_UINT16_T 1
| #define HAVE_INT32_T 1
| #define HAVE_UINT32_T 1
| #define HAVE_INTPTR_T 1
| #define HAVE_UINTPTR_T 1
| #define HAVE_PID_T 1
| #define HAVE_SIZE_T 1
| #define HAVE_PTRDIFF_T 1
| #define SIZEOF_CHAR_P 8
| #define SIZEOF_INT 4
| #define SIZEOF_LONG 8
| #define SIZEOF_SHORT 2
| #define HAVE_WORKING_VFORK 1
| #define HAVE_WORKING_FORK 1
| #define HAVE_MMAP 1
| #define HAVE_CANONICALIZE_FILE_NAME 1
| #define HAVE_SNPRINTF 1
| #define HAVE_STRDUP 1
| #define HAVE_STRCHR 1
| #define HAVE_STRRCHR 1
| #define HAVE_STRSIGNAL 1
| #define HAVE_FCHMOD 1
| #define HAVE_FSTAT 1
| #define HAVE_CHMOD 1
| #define POSIX_SHELL "/usr/bin/bash"
| #define REGEX_HEADER <regex.h>
| #define WITH_LIBREGEX 1
| #define HAVE_DEV_ZERO 1
| #define HAVE_REALPATH 1
| #define HAVE_STRFTIME 1
| #define FOPEN_BINARY_FLAG "b"
| #define FOPEN_TEXT_FLAG "t"
| #define HAVE_NETDB_H 1
| #define HAVE_STRING_H 1
| #define HAVE_STRINGS_H 1
| #define HAVE_SYSLOG_H 1
| #define HAVE_SYSEXITS_H 1
| #define HAVE__BOOL 1
| #define HAVE_STDBOOL_H 1
| #define HAVE_STRUCT_SOCKADDR_STORAGE 1
| /* end confdefs.h.  */
| 
| 		    #ifdef HAVE_SYS_TYPES_H
| 		    # include <sys/types.h>
| 		    #endif
| 		    #ifdef HAVE_SYS_SOCKET_H
| 		    # include <sys/socket.h>
| 		    #endif
| 		    #ifdef HAVE_NETINET_IN_H
| 		    # include <netinet/in.h>
| 		    #endif
| 
| int
| main (void)
| {
| 
| 		    struct sockaddr_storage s;
| 		    s.__ss_family = 1;
| 
| 
|   ;
|   return 0;
| }
configure:29332: result: no
configure:29347: checking for in_port_t
configure:29371: cc -c -march=x86-64 -mtune=generic -O2 -pipe -fno-plt -fexceptions         -Wp,-D_FORTIFY_SOURCE=3 -Wformat -Werror=format-security         -fstack-clash-protection -fcf-protection         -fno-omit-frame-pointer -mno-omit-leaf-frame-pointer -Wno-incompatible-pointer-types -g -ffile-prefix-map=/home/esteban/Escritorio/hack_the_box/machines/administrator/tools/ntpdate/src=/usr/src/debug/ntpdate -flto=auto  conftest.c >&5
configure:29371: $? = 0
configure:29383: result: yes
configure:29392: checking type of socklen arg for getsockname()
configure:29425: cc -c -march=x86-64 -mtune=generic -O2 -pipe -fno-plt -fexceptions         -Wp,-D_FORTIFY_SOURCE=3 -Wformat -Werror=format-security         -fstack-clash-protection -fcf-protection         -fno-omit-frame-pointer -mno-omit-leaf-frame-pointer -Wno-incompatible-pointer-types -g -ffile-prefix-map=/home/esteban/Escritorio/hack_the_box/machines/administrator/tools/ntpdate/src=/usr/src/debug/ntpdate -flto=auto  conftest.c >&5
conftest.c: In function 'main':
conftest.c:235:25: error: type defaults to 'int' in declaration of 'getsockname' [-Wimplicit-int]
  235 |                         getsockname(int, struct sockaddr *,
      |                         ^~~~~~~~~~~
configure:29425: $? = 1
configure: failed program was:
| /* confdefs.h */
| #define PACKAGE_NAME "sntp"
| #define PACKAGE_TARNAME "sntp"
| #define PACKAGE_VERSION "4.2.8p18"
| #define PACKAGE_STRING "sntp 4.2.8p18"
| #define PACKAGE_BUGREPORT "https://bugs.ntp.org/"
| #define PACKAGE_URL "https://www.ntp.org/"
| #define PACKAGE "sntp"
| #define VERSION "4.2.8p18"
| #define STR_SYSTEM "x86_64-pc-linux-gnu"
| #define HAVE_STDIO_H 1
| #define HAVE_STDLIB_H 1
| #define HAVE_STRING_H 1
| #define HAVE_INTTYPES_H 1
| #define HAVE_STDINT_H 1
| #define HAVE_STRINGS_H 1
| #define HAVE_SYS_STAT_H 1
| #define HAVE_SYS_TYPES_H 1
| #define HAVE_UNISTD_H 1
| #define HAVE_WCHAR_H 1
| #define HAVE_STDARG_H 1
| #define STDC_HEADERS 1
| #define _ALL_SOURCE 1
| #define _DARWIN_C_SOURCE 1
| #define _GNU_SOURCE 1
| #define _HPUX_ALT_XOPEN_SOCKET_API 1
| #define _NETBSD_SOURCE 1
| #define _OPENBSD_SOURCE 1
| #define _POSIX_PTHREAD_SEMANTICS 1
| #define __STDC_WANT_IEC_60559_ATTRIBS_EXT__ 1
| #define __STDC_WANT_IEC_60559_BFP_EXT__ 1
| #define __STDC_WANT_IEC_60559_DFP_EXT__ 1
| #define __STDC_WANT_IEC_60559_EXT__ 1
| #define __STDC_WANT_IEC_60559_FUNCS_EXT__ 1
| #define __STDC_WANT_IEC_60559_TYPES_EXT__ 1
| #define __STDC_WANT_LIB_EXT2__ 1
| #define __STDC_WANT_MATH_SPEC_FUNCS__ 1
| #define _TANDEM_SOURCE 1
| #define __EXTENSIONS__ 1
| #define HAVE___ATTRIBUTE__ /**/
| #define HAVE_FORK 1
| #define HAVE_VFORK 1
| #define HAVE_VPRINTF 1
| #define HAVE_DECL_STRERROR_R 1
| #define HAVE_UNSIGNED_LONG_LONG_INT 1
| #define HAVE_VSNPRINTF 1
| #define HAVE_SNPRINTF 1
| #define DIR_SEP '/'
| #define HAVE_READLINE_READLINE_H 1
| #define HAVE_HISTEDIT_H 1
| #define HAVE_READLINE_HISTORY_H 1
| #define EL_INIT_ARGS 4
| #define HAVE_READLINE_HISTORY 1
| #define HAVE_WORKING_VFORK 1
| #define HAVE_WORKING_FORK 1
| #define HAVE_ALLOCA_H 1
| #define HAVE_ALLOCA 1
| #define HAVE_STRERROR_R 1
| #define STRERROR_R_CHAR_P 1
| #define HAVE_CLOCK_GETRES 1
| #define HAVE_CLOCK_GETTIME 1
| #define HAVE_CLOCK_SETTIME 1
| #define HAVE_TIMEGM 1
| #define HAVE_STRLCPY 1
| #define HAVE_STRLCAT 1
| #define HAVE_ERRNO_H 1
| #define HAVE_SYS_SOCKET_H 1
| #define HAVE_SYS_TYPES_H 1
| #define HAVE_TIME_H 1
| #define HAVE_NET_IF_H 1
| #define HAVE_LINUX_IF_ADDR_H 1
| #define NEED_EARLY_FORK 1
| #define HAVE_ARPA_NAMESER_H 1
| #define HAVE_SYS_PARAM_H 1
| #define HAVE_SYS_TIME_H 1
| #define HAVE_NETINET_IN_SYSTM_H 1
| #define HAVE_NETINET_IN_H 1
| #define HAVE_RESOLV_H 1
| #define HAVE_NETINET_IP_H 1
| #define HAVE_RECVMSG 1
| #define HAVE_INLINE 1
| #define SIZEOF_TIME_T 8
| #define SIZEOF_SIGNED_CHAR 1
| #define HAVE_LONG_LONG 1
| #define SIZEOF_SHORT 2
| #define SIZEOF_INT 4
| #define SIZEOF_LONG 8
| #define SIZEOF_LONG_LONG 8
| #define NEED_S_CHAR_TYPEDEF 1
| #define DEBUG 1
| #define HAVE_SEMAPHORE_H 1
| #define HAVE_SOCKETPAIR 1
| #define HAVE_PTHREAD_H 1
| #define HAVE_PTHREADS 10
| #define HAVE_SCHED_H 1
| #define HAVE_SCHED_YIELD 1
| #define HAVE_PTHREAD_KILL 1
| #define HAVE_PTHREAD_RWLOCK_DESTROY 1
| #define HAVE_PTHREAD_DETACH 1
| #define HAVE_PTHREAD_SETCONCURRENCY 1
| #define HAVE_PTHREAD_GETCONCURRENCY 1
| #define HAVE_YIELDING_SELECT 1
| #define REENTRANT 1
| #define _REENTRANT 1
| #define THREAD_SAFE 1
| #define _THREAD_SAFE 1
| #define THREADSAFE 1
| #define _THREADSAFE 1
| #define _SGI_MP_SOURCE 1
| #define LDAP_API_FEATURE_X_OPENLDAP_THREAD_SAFE 1
| #define HAVE_SEM_TIMEDWAIT 1
| #define SIZEOF_PTHREAD_T 8
| #define ISC_PLATFORM_USETHREADS 1
| #define HAVE_SIGWAIT 1
| #define HAVE_PTHREAD_ATTR_GETSTACKSIZE 1
| #define HAVE_PTHREAD_ATTR_SETSTACKSIZE 1
| #define HAVE_SYSCONF 1
| #define HAVE_LINUXTHREADS 1
| #define VSNPRINTF_PERCENT_M 1
| #define HAVE_SYS_CAPABILITY_H 1
| #define HAVE_SYS_PRCTL_H 1
| #define HAVE_LINUX_CAPABILITIES 1
| #define HAVE_DROPROOT 1
| #define HAVE_SYS_TYPES_H 1
| #define HAVE_NETINET_IN_H 1
| #define HAVE_ARPA_NAMESER_H 1
| #define HAVE_NETDB_H 1
| #define HAVE_RESOLV_H 1
| #define HAVE___RES_INIT 1
| #define HAVE_UINTPTR_T 1
| #define HAVE_STRUCT_TIMESPEC 1
| #define HAVE_STRUCT_NTPTIMEVAL 1
| #define HAVE_MD5_H 1
| #define HAVE_MD5INIT 1
| #define HAVE_SYSCONF 1
| #define HAVE_GETDTABLESIZE 1
| #define HAVE_SIGACTION 1
| #define HAVE_SIGSET 1
| #define HAVE_SETTIMEOFDAY 1
| #define HAVE_OPENSSL_CMAC_H 1
| #define ENABLE_CMAC 1
| #define OPENSSL /**/
| #define OPENSSL_SUPPRESS_DEPRECATED 1
| #define HAVE_EVP_MD_DO_ALL_SORTED 1
| #define HAVE_RAND_BYTES 1
| #define HAVE_RAND_POLL 1
| #define USE_OPENSSL_CRYPTO_RAND 1
| #define HAVE_DLFCN_H 1
| #define LT_OBJDIR ".libs/"
| #define HAVE_DIRENT_H 1
| #define HAVE_SYS_MMAN_H 1
| #define HAVE_SYS_PARAM_H 1
| #define HAVE_SYS_POLL_H 1
| #define HAVE_SYS_SELECT_H 1
| #define HAVE_SYS_SOCKET_H 1
| #define HAVE_SYS_TIME_H 1
| #define HAVE_SYS_UN_H 1
| #define HAVE_SYS_WAIT_H 1
| #define HAVE_DLFCN_H 1
| #define HAVE_ERRNO_H 1
| #define HAVE_FCNTL_H 1
| #define HAVE_LIBGEN_H 1
| #define HAVE_LIBINTL_H 1
| #define HAVE_MEMORY_H 1
| #define HAVE_NETINET_IN_H 1
| #define HAVE_SETJMP_H 1
| #define HAVE_STDBOOL_H 1
| #define HAVE_SYSEXITS_H 1
| #define HAVE_UNISTD_H 1
| #define HAVE_UTIME_H 1
| #define HAVE_STDARG_H 1
| #define HAVE_STRING_H 1
| #define HAVE_LIMITS_H 1
| #define HAVE_INTTYPES_H 1
| #define HAVE_WCHAR_H 1
| #define HAVE_WCHAR_T 1
| #define HAVE_WINT_T 1
| #define HAVE_INT8_T 1
| #define HAVE_UINT8_T 1
| #define HAVE_INT16_T 1
| #define HAVE_UINT16_T 1
| #define HAVE_INT32_T 1
| #define HAVE_UINT32_T 1
| #define HAVE_INTPTR_T 1
| #define HAVE_UINTPTR_T 1
| #define HAVE_PID_T 1
| #define HAVE_SIZE_T 1
| #define HAVE_PTRDIFF_T 1
| #define SIZEOF_CHAR_P 8
| #define SIZEOF_INT 4
| #define SIZEOF_LONG 8
| #define SIZEOF_SHORT 2
| #define HAVE_WORKING_VFORK 1
| #define HAVE_WORKING_FORK 1
| #define HAVE_MMAP 1
| #define HAVE_CANONICALIZE_FILE_NAME 1
| #define HAVE_SNPRINTF 1
| #define HAVE_STRDUP 1
| #define HAVE_STRCHR 1
| #define HAVE_STRRCHR 1
| #define HAVE_STRSIGNAL 1
| #define HAVE_FCHMOD 1
| #define HAVE_FSTAT 1
| #define HAVE_CHMOD 1
| #define POSIX_SHELL "/usr/bin/bash"
| #define REGEX_HEADER <regex.h>
| #define WITH_LIBREGEX 1
| #define HAVE_DEV_ZERO 1
| #define HAVE_REALPATH 1
| #define HAVE_STRFTIME 1
| #define FOPEN_BINARY_FLAG "b"
| #define FOPEN_TEXT_FLAG "t"
| #define HAVE_NETDB_H 1
| #define HAVE_STRING_H 1
| #define HAVE_STRINGS_H 1
| #define HAVE_SYSLOG_H 1
| #define HAVE_SYSEXITS_H 1
| #define HAVE__BOOL 1
| #define HAVE_STDBOOL_H 1
| #define HAVE_STRUCT_SOCKADDR_STORAGE 1
| /* end confdefs.h.  */
| 
| 			#ifdef HAVE_SYS_TYPES_H
| 			# include <sys/types.h>
| 			#endif
| 			#ifdef HAVE_SYS_SOCKET_H
| 			# include <sys/socket.h>
| 			#endif
| 
| int
| main (void)
| {
| 
| 			extern
| 			getsockname(int, struct sockaddr *,
| 				socklen_t *);
| 
| 
|   ;
|   return 0;
| }
configure:29425: cc -c -march=x86-64 -mtune=generic -O2 -pipe -fno-plt -fexceptions         -Wp,-D_FORTIFY_SOURCE=3 -Wformat -Werror=format-security         -fstack-clash-protection -fcf-protection         -fno-omit-frame-pointer -mno-omit-leaf-frame-pointer -Wno-incompatible-pointer-types -g -ffile-prefix-map=/home/esteban/Escritorio/hack_the_box/machines/administrator/tools/ntpdate/src=/usr/src/debug/ntpdate -flto=auto  conftest.c >&5
conftest.c: In function 'main':
conftest.c:235:25: error: type defaults to 'int' in declaration of 'getsockname' [-Wimplicit-int]
  235 |                         getsockname(int, struct sockaddr *,
      |                         ^~~~~~~~~~~
conftest.c:235:25: error: conflicting types for 'getsockname'; have 'int(int,  struct sockaddr *, size_t *)' {aka 'int(int,  struct sockaddr *, long unsigned int *)'}
In file included from conftest.c:227:
/usr/include/sys/socket.h:116:12: note: previous declaration of 'getsockname' with type 'int(int,  __SOCKADDR_ARG,  socklen_t * restrict)' {aka 'int(int,  __SOCKADDR_ARG,  unsigned int * restrict)'}
  116 | extern int getsockname (int __fd, __SOCKADDR_ARG __addr,
      |            ^~~~~~~~~~~
configure:29425: $? = 1
configure: failed program was:
| /* confdefs.h */
| #define PACKAGE_NAME "sntp"
| #define PACKAGE_TARNAME "sntp"
| #define PACKAGE_VERSION "4.2.8p18"
| #define PACKAGE_STRING "sntp 4.2.8p18"
| #define PACKAGE_BUGREPORT "https://bugs.ntp.org/"
| #define PACKAGE_URL "https://www.ntp.org/"
| #define PACKAGE "sntp"
| #define VERSION "4.2.8p18"
| #define STR_SYSTEM "x86_64-pc-linux-gnu"
| #define HAVE_STDIO_H 1
| #define HAVE_STDLIB_H 1
| #define HAVE_STRING_H 1
| #define HAVE_INTTYPES_H 1
| #define HAVE_STDINT_H 1
| #define HAVE_STRINGS_H 1
| #define HAVE_SYS_STAT_H 1
| #define HAVE_SYS_TYPES_H 1
| #define HAVE_UNISTD_H 1
| #define HAVE_WCHAR_H 1
| #define HAVE_STDARG_H 1
| #define STDC_HEADERS 1
| #define _ALL_SOURCE 1
| #define _DARWIN_C_SOURCE 1
| #define _GNU_SOURCE 1
| #define _HPUX_ALT_XOPEN_SOCKET_API 1
| #define _NETBSD_SOURCE 1
| #define _OPENBSD_SOURCE 1
| #define _POSIX_PTHREAD_SEMANTICS 1
| #define __STDC_WANT_IEC_60559_ATTRIBS_EXT__ 1
| #define __STDC_WANT_IEC_60559_BFP_EXT__ 1
| #define __STDC_WANT_IEC_60559_DFP_EXT__ 1
| #define __STDC_WANT_IEC_60559_EXT__ 1
| #define __STDC_WANT_IEC_60559_FUNCS_EXT__ 1
| #define __STDC_WANT_IEC_60559_TYPES_EXT__ 1
| #define __STDC_WANT_LIB_EXT2__ 1
| #define __STDC_WANT_MATH_SPEC_FUNCS__ 1
| #define _TANDEM_SOURCE 1
| #define __EXTENSIONS__ 1
| #define HAVE___ATTRIBUTE__ /**/
| #define HAVE_FORK 1
| #define HAVE_VFORK 1
| #define HAVE_VPRINTF 1
| #define HAVE_DECL_STRERROR_R 1
| #define HAVE_UNSIGNED_LONG_LONG_INT 1
| #define HAVE_VSNPRINTF 1
| #define HAVE_SNPRINTF 1
| #define DIR_SEP '/'
| #define HAVE_READLINE_READLINE_H 1
| #define HAVE_HISTEDIT_H 1
| #define HAVE_READLINE_HISTORY_H 1
| #define EL_INIT_ARGS 4
| #define HAVE_READLINE_HISTORY 1
| #define HAVE_WORKING_VFORK 1
| #define HAVE_WORKING_FORK 1
| #define HAVE_ALLOCA_H 1
| #define HAVE_ALLOCA 1
| #define HAVE_STRERROR_R 1
| #define STRERROR_R_CHAR_P 1
| #define HAVE_CLOCK_GETRES 1
| #define HAVE_CLOCK_GETTIME 1
| #define HAVE_CLOCK_SETTIME 1
| #define HAVE_TIMEGM 1
| #define HAVE_STRLCPY 1
| #define HAVE_STRLCAT 1
| #define HAVE_ERRNO_H 1
| #define HAVE_SYS_SOCKET_H 1
| #define HAVE_SYS_TYPES_H 1
| #define HAVE_TIME_H 1
| #define HAVE_NET_IF_H 1
| #define HAVE_LINUX_IF_ADDR_H 1
| #define NEED_EARLY_FORK 1
| #define HAVE_ARPA_NAMESER_H 1
| #define HAVE_SYS_PARAM_H 1
| #define HAVE_SYS_TIME_H 1
| #define HAVE_NETINET_IN_SYSTM_H 1
| #define HAVE_NETINET_IN_H 1
| #define HAVE_RESOLV_H 1
| #define HAVE_NETINET_IP_H 1
| #define HAVE_RECVMSG 1
| #define HAVE_INLINE 1
| #define SIZEOF_TIME_T 8
| #define SIZEOF_SIGNED_CHAR 1
| #define HAVE_LONG_LONG 1
| #define SIZEOF_SHORT 2
| #define SIZEOF_INT 4
| #define SIZEOF_LONG 8
| #define SIZEOF_LONG_LONG 8
| #define NEED_S_CHAR_TYPEDEF 1
| #define DEBUG 1
| #define HAVE_SEMAPHORE_H 1
| #define HAVE_SOCKETPAIR 1
| #define HAVE_PTHREAD_H 1
| #define HAVE_PTHREADS 10
| #define HAVE_SCHED_H 1
| #define HAVE_SCHED_YIELD 1
| #define HAVE_PTHREAD_KILL 1
| #define HAVE_PTHREAD_RWLOCK_DESTROY 1
| #define HAVE_PTHREAD_DETACH 1
| #define HAVE_PTHREAD_SETCONCURRENCY 1
| #define HAVE_PTHREAD_GETCONCURRENCY 1
| #define HAVE_YIELDING_SELECT 1
| #define REENTRANT 1
| #define _REENTRANT 1
| #define THREAD_SAFE 1
| #define _THREAD_SAFE 1
| #define THREADSAFE 1
| #define _THREADSAFE 1
| #define _SGI_MP_SOURCE 1
| #define LDAP_API_FEATURE_X_OPENLDAP_THREAD_SAFE 1
| #define HAVE_SEM_TIMEDWAIT 1
| #define SIZEOF_PTHREAD_T 8
| #define ISC_PLATFORM_USETHREADS 1
| #define HAVE_SIGWAIT 1
| #define HAVE_PTHREAD_ATTR_GETSTACKSIZE 1
| #define HAVE_PTHREAD_ATTR_SETSTACKSIZE 1
| #define HAVE_SYSCONF 1
| #define HAVE_LINUXTHREADS 1
| #define VSNPRINTF_PERCENT_M 1
| #define HAVE_SYS_CAPABILITY_H 1
| #define HAVE_SYS_PRCTL_H 1
| #define HAVE_LINUX_CAPABILITIES 1
| #define HAVE_DROPROOT 1
| #define HAVE_SYS_TYPES_H 1
| #define HAVE_NETINET_IN_H 1
| #define HAVE_ARPA_NAMESER_H 1
| #define HAVE_NETDB_H 1
| #define HAVE_RESOLV_H 1
| #define HAVE___RES_INIT 1
| #define HAVE_UINTPTR_T 1
| #define HAVE_STRUCT_TIMESPEC 1
| #define HAVE_STRUCT_NTPTIMEVAL 1
| #define HAVE_MD5_H 1
| #define HAVE_MD5INIT 1
| #define HAVE_SYSCONF 1
| #define HAVE_GETDTABLESIZE 1
| #define HAVE_SIGACTION 1
| #define HAVE_SIGSET 1
| #define HAVE_SETTIMEOFDAY 1
| #define HAVE_OPENSSL_CMAC_H 1
| #define ENABLE_CMAC 1
| #define OPENSSL /**/
| #define OPENSSL_SUPPRESS_DEPRECATED 1
| #define HAVE_EVP_MD_DO_ALL_SORTED 1
| #define HAVE_RAND_BYTES 1
| #define HAVE_RAND_POLL 1
| #define USE_OPENSSL_CRYPTO_RAND 1
| #define HAVE_DLFCN_H 1
| #define LT_OBJDIR ".libs/"
| #define HAVE_DIRENT_H 1
| #define HAVE_SYS_MMAN_H 1
| #define HAVE_SYS_PARAM_H 1
| #define HAVE_SYS_POLL_H 1
| #define HAVE_SYS_SELECT_H 1
| #define HAVE_SYS_SOCKET_H 1
| #define HAVE_SYS_TIME_H 1
| #define HAVE_SYS_UN_H 1
| #define HAVE_SYS_WAIT_H 1
| #define HAVE_DLFCN_H 1
| #define HAVE_ERRNO_H 1
| #define HAVE_FCNTL_H 1
| #define HAVE_LIBGEN_H 1
| #define HAVE_LIBINTL_H 1
| #define HAVE_MEMORY_H 1
| #define HAVE_NETINET_IN_H 1
| #define HAVE_SETJMP_H 1
| #define HAVE_STDBOOL_H 1
| #define HAVE_SYSEXITS_H 1
| #define HAVE_UNISTD_H 1
| #define HAVE_UTIME_H 1
| #define HAVE_STDARG_H 1
| #define HAVE_STRING_H 1
| #define HAVE_LIMITS_H 1
| #define HAVE_INTTYPES_H 1
| #define HAVE_WCHAR_H 1
| #define HAVE_WCHAR_T 1
| #define HAVE_WINT_T 1
| #define HAVE_INT8_T 1
| #define HAVE_UINT8_T 1
| #define HAVE_INT16_T 1
| #define HAVE_UINT16_T 1
| #define HAVE_INT32_T 1
| #define HAVE_UINT32_T 1
| #define HAVE_INTPTR_T 1
| #define HAVE_UINTPTR_T 1
| #define HAVE_PID_T 1
| #define HAVE_SIZE_T 1
| #define HAVE_PTRDIFF_T 1
| #define SIZEOF_CHAR_P 8
| #define SIZEOF_INT 4
| #define SIZEOF_LONG 8
| #define SIZEOF_SHORT 2
| #define HAVE_WORKING_VFORK 1
| #define HAVE_WORKING_FORK 1
| #define HAVE_MMAP 1
| #define HAVE_CANONICALIZE_FILE_NAME 1
| #define HAVE_SNPRINTF 1
| #define HAVE_STRDUP 1
| #define HAVE_STRCHR 1
| #define HAVE_STRRCHR 1
| #define HAVE_STRSIGNAL 1
| #define HAVE_FCHMOD 1
| #define HAVE_FSTAT 1
| #define HAVE_CHMOD 1
| #define POSIX_SHELL "/usr/bin/bash"
| #define REGEX_HEADER <regex.h>
| #define WITH_LIBREGEX 1
| #define HAVE_DEV_ZERO 1
| #define HAVE_REALPATH 1
| #define HAVE_STRFTIME 1
| #define FOPEN_BINARY_FLAG "b"
| #define FOPEN_TEXT_FLAG "t"
| #define HAVE_NETDB_H 1
| #define HAVE_STRING_H 1
| #define HAVE_STRINGS_H 1
| #define HAVE_SYSLOG_H 1
| #define HAVE_SYSEXITS_H 1
| #define HAVE__BOOL 1
| #define HAVE_STDBOOL_H 1
| #define HAVE_STRUCT_SOCKADDR_STORAGE 1
| /* end confdefs.h.  */
| 
| 			#ifdef HAVE_SYS_TYPES_H
| 			# include <sys/types.h>
| 			#endif
| 			#ifdef HAVE_SYS_SOCKET_H
| 			# include <sys/socket.h>
| 			#endif
| 
| int
| main (void)
| {
| 
| 			extern
| 			getsockname(int, struct sockaddr *,
| 				size_t *);
| 
| 
|   ;
|   return 0;
| }
configure:29425: cc -c -march=x86-64 -mtune=generic -O2 -pipe -fno-plt -fexceptions         -Wp,-D_FORTIFY_SOURCE=3 -Wformat -Werror=format-security         -fstack-clash-protection -fcf-protection         -fno-omit-frame-pointer -mno-omit-leaf-frame-pointer -Wno-incompatible-pointer-types -g -ffile-prefix-map=/home/esteban/Escritorio/hack_the_box/machines/administrator/tools/ntpdate/src=/usr/src/debug/ntpdate -flto=auto  conftest.c >&5
conftest.c: In function 'main':
conftest.c:235:25: error: type defaults to 'int' in declaration of 'getsockname' [-Wimplicit-int]
  235 |                         getsockname(int, struct sockaddr *,
      |                         ^~~~~~~~~~~
configure:29425: $? = 1
configure: failed program was:
| /* confdefs.h */
| #define PACKAGE_NAME "sntp"
| #define PACKAGE_TARNAME "sntp"
| #define PACKAGE_VERSION "4.2.8p18"
| #define PACKAGE_STRING "sntp 4.2.8p18"
| #define PACKAGE_BUGREPORT "https://bugs.ntp.org/"
| #define PACKAGE_URL "https://www.ntp.org/"
| #define PACKAGE "sntp"
| #define VERSION "4.2.8p18"
| #define STR_SYSTEM "x86_64-pc-linux-gnu"
| #define HAVE_STDIO_H 1
| #define HAVE_STDLIB_H 1
| #define HAVE_STRING_H 1
| #define HAVE_INTTYPES_H 1
| #define HAVE_STDINT_H 1
| #define HAVE_STRINGS_H 1
| #define HAVE_SYS_STAT_H 1
| #define HAVE_SYS_TYPES_H 1
| #define HAVE_UNISTD_H 1
| #define HAVE_WCHAR_H 1
| #define HAVE_STDARG_H 1
| #define STDC_HEADERS 1
| #define _ALL_SOURCE 1
| #define _DARWIN_C_SOURCE 1
| #define _GNU_SOURCE 1
| #define _HPUX_ALT_XOPEN_SOCKET_API 1
| #define _NETBSD_SOURCE 1
| #define _OPENBSD_SOURCE 1
| #define _POSIX_PTHREAD_SEMANTICS 1
| #define __STDC_WANT_IEC_60559_ATTRIBS_EXT__ 1
| #define __STDC_WANT_IEC_60559_BFP_EXT__ 1
| #define __STDC_WANT_IEC_60559_DFP_EXT__ 1
| #define __STDC_WANT_IEC_60559_EXT__ 1
| #define __STDC_WANT_IEC_60559_FUNCS_EXT__ 1
| #define __STDC_WANT_IEC_60559_TYPES_EXT__ 1
| #define __STDC_WANT_LIB_EXT2__ 1
| #define __STDC_WANT_MATH_SPEC_FUNCS__ 1
| #define _TANDEM_SOURCE 1
| #define __EXTENSIONS__ 1
| #define HAVE___ATTRIBUTE__ /**/
| #define HAVE_FORK 1
| #define HAVE_VFORK 1
| #define HAVE_VPRINTF 1
| #define HAVE_DECL_STRERROR_R 1
| #define HAVE_UNSIGNED_LONG_LONG_INT 1
| #define HAVE_VSNPRINTF 1
| #define HAVE_SNPRINTF 1
| #define DIR_SEP '/'
| #define HAVE_READLINE_READLINE_H 1
| #define HAVE_HISTEDIT_H 1
| #define HAVE_READLINE_HISTORY_H 1
| #define EL_INIT_ARGS 4
| #define HAVE_READLINE_HISTORY 1
| #define HAVE_WORKING_VFORK 1
| #define HAVE_WORKING_FORK 1
| #define HAVE_ALLOCA_H 1
| #define HAVE_ALLOCA 1
| #define HAVE_STRERROR_R 1
| #define STRERROR_R_CHAR_P 1
| #define HAVE_CLOCK_GETRES 1
| #define HAVE_CLOCK_GETTIME 1
| #define HAVE_CLOCK_SETTIME 1
| #define HAVE_TIMEGM 1
| #define HAVE_STRLCPY 1
| #define HAVE_STRLCAT 1
| #define HAVE_ERRNO_H 1
| #define HAVE_SYS_SOCKET_H 1
| #define HAVE_SYS_TYPES_H 1
| #define HAVE_TIME_H 1
| #define HAVE_NET_IF_H 1
| #define HAVE_LINUX_IF_ADDR_H 1
| #define NEED_EARLY_FORK 1
| #define HAVE_ARPA_NAMESER_H 1
| #define HAVE_SYS_PARAM_H 1
| #define HAVE_SYS_TIME_H 1
| #define HAVE_NETINET_IN_SYSTM_H 1
| #define HAVE_NETINET_IN_H 1
| #define HAVE_RESOLV_H 1
| #define HAVE_NETINET_IP_H 1
| #define HAVE_RECVMSG 1
| #define HAVE_INLINE 1
| #define SIZEOF_TIME_T 8
| #define SIZEOF_SIGNED_CHAR 1
| #define HAVE_LONG_LONG 1
| #define SIZEOF_SHORT 2
| #define SIZEOF_INT 4
| #define SIZEOF_LONG 8
| #define SIZEOF_LONG_LONG 8
| #define NEED_S_CHAR_TYPEDEF 1
| #define DEBUG 1
| #define HAVE_SEMAPHORE_H 1
| #define HAVE_SOCKETPAIR 1
| #define HAVE_PTHREAD_H 1
| #define HAVE_PTHREADS 10
| #define HAVE_SCHED_H 1
| #define HAVE_SCHED_YIELD 1
| #define HAVE_PTHREAD_KILL 1
| #define HAVE_PTHREAD_RWLOCK_DESTROY 1
| #define HAVE_PTHREAD_DETACH 1
| #define HAVE_PTHREAD_SETCONCURRENCY 1
| #define HAVE_PTHREAD_GETCONCURRENCY 1
| #define HAVE_YIELDING_SELECT 1
| #define REENTRANT 1
| #define _REENTRANT 1
| #define THREAD_SAFE 1
| #define _THREAD_SAFE 1
| #define THREADSAFE 1
| #define _THREADSAFE 1
| #define _SGI_MP_SOURCE 1
| #define LDAP_API_FEATURE_X_OPENLDAP_THREAD_SAFE 1
| #define HAVE_SEM_TIMEDWAIT 1
| #define SIZEOF_PTHREAD_T 8
| #define ISC_PLATFORM_USETHREADS 1
| #define HAVE_SIGWAIT 1
| #define HAVE_PTHREAD_ATTR_GETSTACKSIZE 1
| #define HAVE_PTHREAD_ATTR_SETSTACKSIZE 1
| #define HAVE_SYSCONF 1
| #define HAVE_LINUXTHREADS 1
| #define VSNPRINTF_PERCENT_M 1
| #define HAVE_SYS_CAPABILITY_H 1
| #define HAVE_SYS_PRCTL_H 1
| #define HAVE_LINUX_CAPABILITIES 1
| #define HAVE_DROPROOT 1
| #define HAVE_SYS_TYPES_H 1
| #define HAVE_NETINET_IN_H 1
| #define HAVE_ARPA_NAMESER_H 1
| #define HAVE_NETDB_H 1
| #define HAVE_RESOLV_H 1
| #define HAVE___RES_INIT 1
| #define HAVE_UINTPTR_T 1
| #define HAVE_STRUCT_TIMESPEC 1
| #define HAVE_STRUCT_NTPTIMEVAL 1
| #define HAVE_MD5_H 1
| #define HAVE_MD5INIT 1
| #define HAVE_SYSCONF 1
| #define HAVE_GETDTABLESIZE 1
| #define HAVE_SIGACTION 1
| #define HAVE_SIGSET 1
| #define HAVE_SETTIMEOFDAY 1
| #define HAVE_OPENSSL_CMAC_H 1
| #define ENABLE_CMAC 1
| #define OPENSSL /**/
| #define OPENSSL_SUPPRESS_DEPRECATED 1
| #define HAVE_EVP_MD_DO_ALL_SORTED 1
| #define HAVE_RAND_BYTES 1
| #define HAVE_RAND_POLL 1
| #define USE_OPENSSL_CRYPTO_RAND 1
| #define HAVE_DLFCN_H 1
| #define LT_OBJDIR ".libs/"
| #define HAVE_DIRENT_H 1
| #define HAVE_SYS_MMAN_H 1
| #define HAVE_SYS_PARAM_H 1
| #define HAVE_SYS_POLL_H 1
| #define HAVE_SYS_SELECT_H 1
| #define HAVE_SYS_SOCKET_H 1
| #define HAVE_SYS_TIME_H 1
| #define HAVE_SYS_UN_H 1
| #define HAVE_SYS_WAIT_H 1
| #define HAVE_DLFCN_H 1
| #define HAVE_ERRNO_H 1
| #define HAVE_FCNTL_H 1
| #define HAVE_LIBGEN_H 1
| #define HAVE_LIBINTL_H 1
| #define HAVE_MEMORY_H 1
| #define HAVE_NETINET_IN_H 1
| #define HAVE_SETJMP_H 1
| #define HAVE_STDBOOL_H 1
| #define HAVE_SYSEXITS_H 1
| #define HAVE_UNISTD_H 1
| #define HAVE_UTIME_H 1
| #define HAVE_STDARG_H 1
| #define HAVE_STRING_H 1
| #define HAVE_LIMITS_H 1
| #define HAVE_INTTYPES_H 1
| #define HAVE_WCHAR_H 1
| #define HAVE_WCHAR_T 1
| #define HAVE_WINT_T 1
| #define HAVE_INT8_T 1
| #define HAVE_UINT8_T 1
| #define HAVE_INT16_T 1
| #define HAVE_UINT16_T 1
| #define HAVE_INT32_T 1
| #define HAVE_UINT32_T 1
| #define HAVE_INTPTR_T 1
| #define HAVE_UINTPTR_T 1
| #define HAVE_PID_T 1
| #define HAVE_SIZE_T 1
| #define HAVE_PTRDIFF_T 1
| #define SIZEOF_CHAR_P 8
| #define SIZEOF_INT 4
| #define SIZEOF_LONG 8
| #define SIZEOF_SHORT 2
| #define HAVE_WORKING_VFORK 1
| #define HAVE_WORKING_FORK 1
| #define HAVE_MMAP 1
| #define HAVE_CANONICALIZE_FILE_NAME 1
| #define HAVE_SNPRINTF 1
| #define HAVE_STRDUP 1
| #define HAVE_STRCHR 1
| #define HAVE_STRRCHR 1
| #define HAVE_STRSIGNAL 1
| #define HAVE_FCHMOD 1
| #define HAVE_FSTAT 1
| #define HAVE_CHMOD 1
| #define POSIX_SHELL "/usr/bin/bash"
| #define REGEX_HEADER <regex.h>
| #define WITH_LIBREGEX 1
| #define HAVE_DEV_ZERO 1
| #define HAVE_REALPATH 1
| #define HAVE_STRFTIME 1
| #define FOPEN_BINARY_FLAG "b"
| #define FOPEN_TEXT_FLAG "t"
| #define HAVE_NETDB_H 1
| #define HAVE_STRING_H 1
| #define HAVE_STRINGS_H 1
| #define HAVE_SYSLOG_H 1
| #define HAVE_SYSEXITS_H 1
| #define HAVE__BOOL 1
| #define HAVE_STDBOOL_H 1
| #define HAVE_STRUCT_SOCKADDR_STORAGE 1
| /* end confdefs.h.  */
| 
| 			#ifdef HAVE_SYS_TYPES_H
| 			# include <sys/types.h>
| 			#endif
| 			#ifdef HAVE_SYS_SOCKET_H
| 			# include <sys/socket.h>
| 			#endif
| 
| int
| main (void)
| {
| 
| 			extern
| 			getsockname(int, struct sockaddr *,
| 				unsigned int *);
| 
| 
|   ;
|   return 0;
| }
configure:29425: cc -c -march=x86-64 -mtune=generic -O2 -pipe -fno-plt -fexceptions         -Wp,-D_FORTIFY_SOURCE=3 -Wformat -Werror=format-security         -fstack-clash-protection -fcf-protection         -fno-omit-frame-pointer -mno-omit-leaf-frame-pointer -Wno-incompatible-pointer-types -g -ffile-prefix-map=/home/esteban/Escritorio/hack_the_box/machines/administrator/tools/ntpdate/src=/usr/src/debug/ntpdate -flto=auto  conftest.c >&5
conftest.c: In function 'main':
conftest.c:235:25: error: type defaults to 'int' in declaration of 'getsockname' [-Wimplicit-int]
  235 |                         getsockname(int, struct sockaddr *,
      |                         ^~~~~~~~~~~
conftest.c:235:25: error: conflicting types for 'getsockname'; have 'int(int,  struct sockaddr *, int *)'
In file included from conftest.c:227:
/usr/include/sys/socket.h:116:12: note: previous declaration of 'getsockname' with type 'int(int,  __SOCKADDR_ARG,  socklen_t * restrict)' {aka 'int(int,  __SOCKADDR_ARG,  unsigned int * restrict)'}
  116 | extern int getsockname (int __fd, __SOCKADDR_ARG __addr,
      |            ^~~~~~~~~~~
configure:29425: $? = 1
configure: failed program was:
| /* confdefs.h */
| #define PACKAGE_NAME "sntp"
| #define PACKAGE_TARNAME "sntp"
| #define PACKAGE_VERSION "4.2.8p18"
| #define PACKAGE_STRING "sntp 4.2.8p18"
| #define PACKAGE_BUGREPORT "https://bugs.ntp.org/"
| #define PACKAGE_URL "https://www.ntp.org/"
| #define PACKAGE "sntp"
| #define VERSION "4.2.8p18"
| #define STR_SYSTEM "x86_64-pc-linux-gnu"
| #define HAVE_STDIO_H 1
| #define HAVE_STDLIB_H 1
| #define HAVE_STRING_H 1
| #define HAVE_INTTYPES_H 1
| #define HAVE_STDINT_H 1
| #define HAVE_STRINGS_H 1
| #define HAVE_SYS_STAT_H 1
| #define HAVE_SYS_TYPES_H 1
| #define HAVE_UNISTD_H 1
| #define HAVE_WCHAR_H 1
| #define HAVE_STDARG_H 1
| #define STDC_HEADERS 1
| #define _ALL_SOURCE 1
| #define _DARWIN_C_SOURCE 1
| #define _GNU_SOURCE 1
| #define _HPUX_ALT_XOPEN_SOCKET_API 1
| #define _NETBSD_SOURCE 1
| #define _OPENBSD_SOURCE 1
| #define _POSIX_PTHREAD_SEMANTICS 1
| #define __STDC_WANT_IEC_60559_ATTRIBS_EXT__ 1
| #define __STDC_WANT_IEC_60559_BFP_EXT__ 1
| #define __STDC_WANT_IEC_60559_DFP_EXT__ 1
| #define __STDC_WANT_IEC_60559_EXT__ 1
| #define __STDC_WANT_IEC_60559_FUNCS_EXT__ 1
| #define __STDC_WANT_IEC_60559_TYPES_EXT__ 1
| #define __STDC_WANT_LIB_EXT2__ 1
| #define __STDC_WANT_MATH_SPEC_FUNCS__ 1
| #define _TANDEM_SOURCE 1
| #define __EXTENSIONS__ 1
| #define HAVE___ATTRIBUTE__ /**/
| #define HAVE_FORK 1
| #define HAVE_VFORK 1
| #define HAVE_VPRINTF 1
| #define HAVE_DECL_STRERROR_R 1
| #define HAVE_UNSIGNED_LONG_LONG_INT 1
| #define HAVE_VSNPRINTF 1
| #define HAVE_SNPRINTF 1
| #define DIR_SEP '/'
| #define HAVE_READLINE_READLINE_H 1
| #define HAVE_HISTEDIT_H 1
| #define HAVE_READLINE_HISTORY_H 1
| #define EL_INIT_ARGS 4
| #define HAVE_READLINE_HISTORY 1
| #define HAVE_WORKING_VFORK 1
| #define HAVE_WORKING_FORK 1
| #define HAVE_ALLOCA_H 1
| #define HAVE_ALLOCA 1
| #define HAVE_STRERROR_R 1
| #define STRERROR_R_CHAR_P 1
| #define HAVE_CLOCK_GETRES 1
| #define HAVE_CLOCK_GETTIME 1
| #define HAVE_CLOCK_SETTIME 1
| #define HAVE_TIMEGM 1
| #define HAVE_STRLCPY 1
| #define HAVE_STRLCAT 1
| #define HAVE_ERRNO_H 1
| #define HAVE_SYS_SOCKET_H 1
| #define HAVE_SYS_TYPES_H 1
| #define HAVE_TIME_H 1
| #define HAVE_NET_IF_H 1
| #define HAVE_LINUX_IF_ADDR_H 1
| #define NEED_EARLY_FORK 1
| #define HAVE_ARPA_NAMESER_H 1
| #define HAVE_SYS_PARAM_H 1
| #define HAVE_SYS_TIME_H 1
| #define HAVE_NETINET_IN_SYSTM_H 1
| #define HAVE_NETINET_IN_H 1
| #define HAVE_RESOLV_H 1
| #define HAVE_NETINET_IP_H 1
| #define HAVE_RECVMSG 1
| #define HAVE_INLINE 1
| #define SIZEOF_TIME_T 8
| #define SIZEOF_SIGNED_CHAR 1
| #define HAVE_LONG_LONG 1
| #define SIZEOF_SHORT 2
| #define SIZEOF_INT 4
| #define SIZEOF_LONG 8
| #define SIZEOF_LONG_LONG 8
| #define NEED_S_CHAR_TYPEDEF 1
| #define DEBUG 1
| #define HAVE_SEMAPHORE_H 1
| #define HAVE_SOCKETPAIR 1
| #define HAVE_PTHREAD_H 1
| #define HAVE_PTHREADS 10
| #define HAVE_SCHED_H 1
| #define HAVE_SCHED_YIELD 1
| #define HAVE_PTHREAD_KILL 1
| #define HAVE_PTHREAD_RWLOCK_DESTROY 1
| #define HAVE_PTHREAD_DETACH 1
| #define HAVE_PTHREAD_SETCONCURRENCY 1
| #define HAVE_PTHREAD_GETCONCURRENCY 1
| #define HAVE_YIELDING_SELECT 1
| #define REENTRANT 1
| #define _REENTRANT 1
| #define THREAD_SAFE 1
| #define _THREAD_SAFE 1
| #define THREADSAFE 1
| #define _THREADSAFE 1
| #define _SGI_MP_SOURCE 1
| #define LDAP_API_FEATURE_X_OPENLDAP_THREAD_SAFE 1
| #define HAVE_SEM_TIMEDWAIT 1
| #define SIZEOF_PTHREAD_T 8
| #define ISC_PLATFORM_USETHREADS 1
| #define HAVE_SIGWAIT 1
| #define HAVE_PTHREAD_ATTR_GETSTACKSIZE 1
| #define HAVE_PTHREAD_ATTR_SETSTACKSIZE 1
| #define HAVE_SYSCONF 1
| #define HAVE_LINUXTHREADS 1
| #define VSNPRINTF_PERCENT_M 1
| #define HAVE_SYS_CAPABILITY_H 1
| #define HAVE_SYS_PRCTL_H 1
| #define HAVE_LINUX_CAPABILITIES 1
| #define HAVE_DROPROOT 1
| #define HAVE_SYS_TYPES_H 1
| #define HAVE_NETINET_IN_H 1
| #define HAVE_ARPA_NAMESER_H 1
| #define HAVE_NETDB_H 1
| #define HAVE_RESOLV_H 1
| #define HAVE___RES_INIT 1
| #define HAVE_UINTPTR_T 1
| #define HAVE_STRUCT_TIMESPEC 1
| #define HAVE_STRUCT_NTPTIMEVAL 1
| #define HAVE_MD5_H 1
| #define HAVE_MD5INIT 1
| #define HAVE_SYSCONF 1
| #define HAVE_GETDTABLESIZE 1
| #define HAVE_SIGACTION 1
| #define HAVE_SIGSET 1
| #define HAVE_SETTIMEOFDAY 1
| #define HAVE_OPENSSL_CMAC_H 1
| #define ENABLE_CMAC 1
| #define OPENSSL /**/
| #define OPENSSL_SUPPRESS_DEPRECATED 1
| #define HAVE_EVP_MD_DO_ALL_SORTED 1
| #define HAVE_RAND_BYTES 1
| #define HAVE_RAND_POLL 1
| #define USE_OPENSSL_CRYPTO_RAND 1
| #define HAVE_DLFCN_H 1
| #define LT_OBJDIR ".libs/"
| #define HAVE_DIRENT_H 1
| #define HAVE_SYS_MMAN_H 1
| #define HAVE_SYS_PARAM_H 1
| #define HAVE_SYS_POLL_H 1
| #define HAVE_SYS_SELECT_H 1
| #define HAVE_SYS_SOCKET_H 1
| #define HAVE_SYS_TIME_H 1
| #define HAVE_SYS_UN_H 1
| #define HAVE_SYS_WAIT_H 1
| #define HAVE_DLFCN_H 1
| #define HAVE_ERRNO_H 1
| #define HAVE_FCNTL_H 1
| #define HAVE_LIBGEN_H 1
| #define HAVE_LIBINTL_H 1
| #define HAVE_MEMORY_H 1
| #define HAVE_NETINET_IN_H 1
| #define HAVE_SETJMP_H 1
| #define HAVE_STDBOOL_H 1
| #define HAVE_SYSEXITS_H 1
| #define HAVE_UNISTD_H 1
| #define HAVE_UTIME_H 1
| #define HAVE_STDARG_H 1
| #define HAVE_STRING_H 1
| #define HAVE_LIMITS_H 1
| #define HAVE_INTTYPES_H 1
| #define HAVE_WCHAR_H 1
| #define HAVE_WCHAR_T 1
| #define HAVE_WINT_T 1
| #define HAVE_INT8_T 1
| #define HAVE_UINT8_T 1
| #define HAVE_INT16_T 1
| #define HAVE_UINT16_T 1
| #define HAVE_INT32_T 1
| #define HAVE_UINT32_T 1
| #define HAVE_INTPTR_T 1
| #define HAVE_UINTPTR_T 1
| #define HAVE_PID_T 1
| #define HAVE_SIZE_T 1
| #define HAVE_PTRDIFF_T 1
| #define SIZEOF_CHAR_P 8
| #define SIZEOF_INT 4
| #define SIZEOF_LONG 8
| #define SIZEOF_SHORT 2
| #define HAVE_WORKING_VFORK 1
| #define HAVE_WORKING_FORK 1
| #define HAVE_MMAP 1
| #define HAVE_CANONICALIZE_FILE_NAME 1
| #define HAVE_SNPRINTF 1
| #define HAVE_STRDUP 1
| #define HAVE_STRCHR 1
| #define HAVE_STRRCHR 1
| #define HAVE_STRSIGNAL 1
| #define HAVE_FCHMOD 1
| #define HAVE_FSTAT 1
| #define HAVE_CHMOD 1
| #define POSIX_SHELL "/usr/bin/bash"
| #define REGEX_HEADER <regex.h>
| #define WITH_LIBREGEX 1
| #define HAVE_DEV_ZERO 1
| #define HAVE_REALPATH 1
| #define HAVE_STRFTIME 1
| #define FOPEN_BINARY_FLAG "b"
| #define FOPEN_TEXT_FLAG "t"
| #define HAVE_NETDB_H 1
| #define HAVE_STRING_H 1
| #define HAVE_STRINGS_H 1
| #define HAVE_SYSLOG_H 1
| #define HAVE_SYSEXITS_H 1
| #define HAVE__BOOL 1
| #define HAVE_STDBOOL_H 1
| #define HAVE_STRUCT_SOCKADDR_STORAGE 1
| /* end confdefs.h.  */
| 
| 			#ifdef HAVE_SYS_TYPES_H
| 			# include <sys/types.h>
| 			#endif
| 			#ifdef HAVE_SYS_SOCKET_H
| 			# include <sys/socket.h>
| 			#endif
| 
| int
| main (void)
| {
| 
| 			extern
| 			getsockname(int, struct sockaddr *,
| 				int *);
| 
| 
|   ;
|   return 0;
| }
configure:29425: cc -c -march=x86-64 -mtune=generic -O2 -pipe -fno-plt -fexceptions         -Wp,-D_FORTIFY_SOURCE=3 -Wformat -Werror=format-security         -fstack-clash-protection -fcf-protection         -fno-omit-frame-pointer -mno-omit-leaf-frame-pointer -Wno-incompatible-pointer-types -g -ffile-prefix-map=/home/esteban/Escritorio/hack_the_box/machines/administrator/tools/ntpdate/src=/usr/src/debug/ntpdate -flto=auto  conftest.c >&5
conftest.c: In function 'main':
conftest.c:235:25: error: type defaults to 'int' in declaration of 'getsockname' [-Wimplicit-int]
  235 |                         getsockname(int, void *,
      |                         ^~~~~~~~~~~
conftest.c:235:25: error: conflicting types for 'getsockname'; have 'int(int,  void *, socklen_t *)' {aka 'int(int,  void *, unsigned int *)'}
In file included from conftest.c:227:
/usr/include/sys/socket.h:116:12: note: previous declaration of 'getsockname' with type 'int(int,  __SOCKADDR_ARG,  socklen_t * restrict)' {aka 'int(int,  __SOCKADDR_ARG,  unsigned int * restrict)'}
  116 | extern int getsockname (int __fd, __SOCKADDR_ARG __addr,
      |            ^~~~~~~~~~~
configure:29425: $? = 1
configure: failed program was:
| /* confdefs.h */
| #define PACKAGE_NAME "sntp"
| #define PACKAGE_TARNAME "sntp"
| #define PACKAGE_VERSION "4.2.8p18"
| #define PACKAGE_STRING "sntp 4.2.8p18"
| #define PACKAGE_BUGREPORT "https://bugs.ntp.org/"
| #define PACKAGE_URL "https://www.ntp.org/"
| #define PACKAGE "sntp"
| #define VERSION "4.2.8p18"
| #define STR_SYSTEM "x86_64-pc-linux-gnu"
| #define HAVE_STDIO_H 1
| #define HAVE_STDLIB_H 1
| #define HAVE_STRING_H 1
| #define HAVE_INTTYPES_H 1
| #define HAVE_STDINT_H 1
| #define HAVE_STRINGS_H 1
| #define HAVE_SYS_STAT_H 1
| #define HAVE_SYS_TYPES_H 1
| #define HAVE_UNISTD_H 1
| #define HAVE_WCHAR_H 1
| #define HAVE_STDARG_H 1
| #define STDC_HEADERS 1
| #define _ALL_SOURCE 1
| #define _DARWIN_C_SOURCE 1
| #define _GNU_SOURCE 1
| #define _HPUX_ALT_XOPEN_SOCKET_API 1
| #define _NETBSD_SOURCE 1
| #define _OPENBSD_SOURCE 1
| #define _POSIX_PTHREAD_SEMANTICS 1
| #define __STDC_WANT_IEC_60559_ATTRIBS_EXT__ 1
| #define __STDC_WANT_IEC_60559_BFP_EXT__ 1
| #define __STDC_WANT_IEC_60559_DFP_EXT__ 1
| #define __STDC_WANT_IEC_60559_EXT__ 1
| #define __STDC_WANT_IEC_60559_FUNCS_EXT__ 1
| #define __STDC_WANT_IEC_60559_TYPES_EXT__ 1
| #define __STDC_WANT_LIB_EXT2__ 1
| #define __STDC_WANT_MATH_SPEC_FUNCS__ 1
| #define _TANDEM_SOURCE 1
| #define __EXTENSIONS__ 1
| #define HAVE___ATTRIBUTE__ /**/
| #define HAVE_FORK 1
| #define HAVE_VFORK 1
| #define HAVE_VPRINTF 1
| #define HAVE_DECL_STRERROR_R 1
| #define HAVE_UNSIGNED_LONG_LONG_INT 1
| #define HAVE_VSNPRINTF 1
| #define HAVE_SNPRINTF 1
| #define DIR_SEP '/'
| #define HAVE_READLINE_READLINE_H 1
| #define HAVE_HISTEDIT_H 1
| #define HAVE_READLINE_HISTORY_H 1
| #define EL_INIT_ARGS 4
| #define HAVE_READLINE_HISTORY 1
| #define HAVE_WORKING_VFORK 1
| #define HAVE_WORKING_FORK 1
| #define HAVE_ALLOCA_H 1
| #define HAVE_ALLOCA 1
| #define HAVE_STRERROR_R 1
| #define STRERROR_R_CHAR_P 1
| #define HAVE_CLOCK_GETRES 1
| #define HAVE_CLOCK_GETTIME 1
| #define HAVE_CLOCK_SETTIME 1
| #define HAVE_TIMEGM 1
| #define HAVE_STRLCPY 1
| #define HAVE_STRLCAT 1
| #define HAVE_ERRNO_H 1
| #define HAVE_SYS_SOCKET_H 1
| #define HAVE_SYS_TYPES_H 1
| #define HAVE_TIME_H 1
| #define HAVE_NET_IF_H 1
| #define HAVE_LINUX_IF_ADDR_H 1
| #define NEED_EARLY_FORK 1
| #define HAVE_ARPA_NAMESER_H 1
| #define HAVE_SYS_PARAM_H 1
| #define HAVE_SYS_TIME_H 1
| #define HAVE_NETINET_IN_SYSTM_H 1
| #define HAVE_NETINET_IN_H 1
| #define HAVE_RESOLV_H 1
| #define HAVE_NETINET_IP_H 1
| #define HAVE_RECVMSG 1
| #define HAVE_INLINE 1
| #define SIZEOF_TIME_T 8
| #define SIZEOF_SIGNED_CHAR 1
| #define HAVE_LONG_LONG 1
| #define SIZEOF_SHORT 2
| #define SIZEOF_INT 4
| #define SIZEOF_LONG 8
| #define SIZEOF_LONG_LONG 8
| #define NEED_S_CHAR_TYPEDEF 1
| #define DEBUG 1
| #define HAVE_SEMAPHORE_H 1
| #define HAVE_SOCKETPAIR 1
| #define HAVE_PTHREAD_H 1
| #define HAVE_PTHREADS 10
| #define HAVE_SCHED_H 1
| #define HAVE_SCHED_YIELD 1
| #define HAVE_PTHREAD_KILL 1
| #define HAVE_PTHREAD_RWLOCK_DESTROY 1
| #define HAVE_PTHREAD_DETACH 1
| #define HAVE_PTHREAD_SETCONCURRENCY 1
| #define HAVE_PTHREAD_GETCONCURRENCY 1
| #define HAVE_YIELDING_SELECT 1
| #define REENTRANT 1
| #define _REENTRANT 1
| #define THREAD_SAFE 1
| #define _THREAD_SAFE 1
| #define THREADSAFE 1
| #define _THREADSAFE 1
| #define _SGI_MP_SOURCE 1
| #define LDAP_API_FEATURE_X_OPENLDAP_THREAD_SAFE 1
| #define HAVE_SEM_TIMEDWAIT 1
| #define SIZEOF_PTHREAD_T 8
| #define ISC_PLATFORM_USETHREADS 1
| #define HAVE_SIGWAIT 1
| #define HAVE_PTHREAD_ATTR_GETSTACKSIZE 1
| #define HAVE_PTHREAD_ATTR_SETSTACKSIZE 1
| #define HAVE_SYSCONF 1
| #define HAVE_LINUXTHREADS 1
| #define VSNPRINTF_PERCENT_M 1
| #define HAVE_SYS_CAPABILITY_H 1
| #define HAVE_SYS_PRCTL_H 1
| #define HAVE_LINUX_CAPABILITIES 1
| #define HAVE_DROPROOT 1
| #define HAVE_SYS_TYPES_H 1
| #define HAVE_NETINET_IN_H 1
| #define HAVE_ARPA_NAMESER_H 1
| #define HAVE_NETDB_H 1
| #define HAVE_RESOLV_H 1
| #define HAVE___RES_INIT 1
| #define HAVE_UINTPTR_T 1
| #define HAVE_STRUCT_TIMESPEC 1
| #define HAVE_STRUCT_NTPTIMEVAL 1
| #define HAVE_MD5_H 1
| #define HAVE_MD5INIT 1
| #define HAVE_SYSCONF 1
| #define HAVE_GETDTABLESIZE 1
| #define HAVE_SIGACTION 1
| #define HAVE_SIGSET 1
| #define HAVE_SETTIMEOFDAY 1
| #define HAVE_OPENSSL_CMAC_H 1
| #define ENABLE_CMAC 1
| #define OPENSSL /**/
| #define OPENSSL_SUPPRESS_DEPRECATED 1
| #define HAVE_EVP_MD_DO_ALL_SORTED 1
| #define HAVE_RAND_BYTES 1
| #define HAVE_RAND_POLL 1
| #define USE_OPENSSL_CRYPTO_RAND 1
| #define HAVE_DLFCN_H 1
| #define LT_OBJDIR ".libs/"
| #define HAVE_DIRENT_H 1
| #define HAVE_SYS_MMAN_H 1
| #define HAVE_SYS_PARAM_H 1
| #define HAVE_SYS_POLL_H 1
| #define HAVE_SYS_SELECT_H 1
| #define HAVE_SYS_SOCKET_H 1
| #define HAVE_SYS_TIME_H 1
| #define HAVE_SYS_UN_H 1
| #define HAVE_SYS_WAIT_H 1
| #define HAVE_DLFCN_H 1
| #define HAVE_ERRNO_H 1
| #define HAVE_FCNTL_H 1
| #define HAVE_LIBGEN_H 1
| #define HAVE_LIBINTL_H 1
| #define HAVE_MEMORY_H 1
| #define HAVE_NETINET_IN_H 1
| #define HAVE_SETJMP_H 1
| #define HAVE_STDBOOL_H 1
| #define HAVE_SYSEXITS_H 1
| #define HAVE_UNISTD_H 1
| #define HAVE_UTIME_H 1
| #define HAVE_STDARG_H 1
| #define HAVE_STRING_H 1
| #define HAVE_LIMITS_H 1
| #define HAVE_INTTYPES_H 1
| #define HAVE_WCHAR_H 1
| #define HAVE_WCHAR_T 1
| #define HAVE_WINT_T 1
| #define HAVE_INT8_T 1
| #define HAVE_UINT8_T 1
| #define HAVE_INT16_T 1
| #define HAVE_UINT16_T 1
| #define HAVE_INT32_T 1
| #define HAVE_UINT32_T 1
| #define HAVE_INTPTR_T 1
| #define HAVE_UINTPTR_T 1
| #define HAVE_PID_T 1
| #define HAVE_SIZE_T 1
| #define HAVE_PTRDIFF_T 1
| #define SIZEOF_CHAR_P 8
| #define SIZEOF_INT 4
| #define SIZEOF_LONG 8
| #define SIZEOF_SHORT 2
| #define HAVE_WORKING_VFORK 1
| #define HAVE_WORKING_FORK 1
| #define HAVE_MMAP 1
| #define HAVE_CANONICALIZE_FILE_NAME 1
| #define HAVE_SNPRINTF 1
| #define HAVE_STRDUP 1
| #define HAVE_STRCHR 1
| #define HAVE_STRRCHR 1
| #define HAVE_STRSIGNAL 1
| #define HAVE_FCHMOD 1
| #define HAVE_FSTAT 1
| #define HAVE_CHMOD 1
| #define POSIX_SHELL "/usr/bin/bash"
| #define REGEX_HEADER <regex.h>
| #define WITH_LIBREGEX 1
| #define HAVE_DEV_ZERO 1
| #define HAVE_REALPATH 1
| #define HAVE_STRFTIME 1
| #define FOPEN_BINARY_FLAG "b"
| #define FOPEN_TEXT_FLAG "t"
| #define HAVE_NETDB_H 1
| #define HAVE_STRING_H 1
| #define HAVE_STRINGS_H 1
| #define HAVE_SYSLOG_H 1
| #define HAVE_SYSEXITS_H 1
| #define HAVE__BOOL 1
| #define HAVE_STDBOOL_H 1
| #define HAVE_STRUCT_SOCKADDR_STORAGE 1
| /* end confdefs.h.  */
| 
| 			#ifdef HAVE_SYS_TYPES_H
| 			# include <sys/types.h>
| 			#endif
| 			#ifdef HAVE_SYS_SOCKET_H
| 			# include <sys/socket.h>
| 			#endif
| 
| int
| main (void)
| {
| 
| 			extern
| 			getsockname(int, void *,
| 				socklen_t *);
| 
| 
|   ;
|   return 0;
| }
configure:29425: cc -c -march=x86-64 -mtune=generic -O2 -pipe -fno-plt -fexceptions         -Wp,-D_FORTIFY_SOURCE=3 -Wformat -Werror=format-security         -fstack-clash-protection -fcf-protection         -fno-omit-frame-pointer -mno-omit-leaf-frame-pointer -Wno-incompatible-pointer-types -g -ffile-prefix-map=/home/esteban/Escritorio/hack_the_box/machines/administrator/tools/ntpdate/src=/usr/src/debug/ntpdate -flto=auto  conftest.c >&5
conftest.c: In function 'main':
conftest.c:235:25: error: type defaults to 'int' in declaration of 'getsockname' [-Wimplicit-int]
  235 |                         getsockname(int, void *,
      |                         ^~~~~~~~~~~
conftest.c:235:25: error: conflicting types for 'getsockname'; have 'int(int,  void *, size_t *)' {aka 'int(int,  void *, long unsigned int *)'}
In file included from conftest.c:227:
/usr/include/sys/socket.h:116:12: note: previous declaration of 'getsockname' with type 'int(int,  __SOCKADDR_ARG,  socklen_t * restrict)' {aka 'int(int,  __SOCKADDR_ARG,  unsigned int * restrict)'}
  116 | extern int getsockname (int __fd, __SOCKADDR_ARG __addr,
      |            ^~~~~~~~~~~
configure:29425: $? = 1
configure: failed program was:
| /* confdefs.h */
| #define PACKAGE_NAME "sntp"
| #define PACKAGE_TARNAME "sntp"
| #define PACKAGE_VERSION "4.2.8p18"
| #define PACKAGE_STRING "sntp 4.2.8p18"
| #define PACKAGE_BUGREPORT "https://bugs.ntp.org/"
| #define PACKAGE_URL "https://www.ntp.org/"
| #define PACKAGE "sntp"
| #define VERSION "4.2.8p18"
| #define STR_SYSTEM "x86_64-pc-linux-gnu"
| #define HAVE_STDIO_H 1
| #define HAVE_STDLIB_H 1
| #define HAVE_STRING_H 1
| #define HAVE_INTTYPES_H 1
| #define HAVE_STDINT_H 1
| #define HAVE_STRINGS_H 1
| #define HAVE_SYS_STAT_H 1
| #define HAVE_SYS_TYPES_H 1
| #define HAVE_UNISTD_H 1
| #define HAVE_WCHAR_H 1
| #define HAVE_STDARG_H 1
| #define STDC_HEADERS 1
| #define _ALL_SOURCE 1
| #define _DARWIN_C_SOURCE 1
| #define _GNU_SOURCE 1
| #define _HPUX_ALT_XOPEN_SOCKET_API 1
| #define _NETBSD_SOURCE 1
| #define _OPENBSD_SOURCE 1
| #define _POSIX_PTHREAD_SEMANTICS 1
| #define __STDC_WANT_IEC_60559_ATTRIBS_EXT__ 1
| #define __STDC_WANT_IEC_60559_BFP_EXT__ 1
| #define __STDC_WANT_IEC_60559_DFP_EXT__ 1
| #define __STDC_WANT_IEC_60559_EXT__ 1
| #define __STDC_WANT_IEC_60559_FUNCS_EXT__ 1
| #define __STDC_WANT_IEC_60559_TYPES_EXT__ 1
| #define __STDC_WANT_LIB_EXT2__ 1
| #define __STDC_WANT_MATH_SPEC_FUNCS__ 1
| #define _TANDEM_SOURCE 1
| #define __EXTENSIONS__ 1
| #define HAVE___ATTRIBUTE__ /**/
| #define HAVE_FORK 1
| #define HAVE_VFORK 1
| #define HAVE_VPRINTF 1
| #define HAVE_DECL_STRERROR_R 1
| #define HAVE_UNSIGNED_LONG_LONG_INT 1
| #define HAVE_VSNPRINTF 1
| #define HAVE_SNPRINTF 1
| #define DIR_SEP '/'
| #define HAVE_READLINE_READLINE_H 1
| #define HAVE_HISTEDIT_H 1
| #define HAVE_READLINE_HISTORY_H 1
| #define EL_INIT_ARGS 4
| #define HAVE_READLINE_HISTORY 1
| #define HAVE_WORKING_VFORK 1
| #define HAVE_WORKING_FORK 1
| #define HAVE_ALLOCA_H 1
| #define HAVE_ALLOCA 1
| #define HAVE_STRERROR_R 1
| #define STRERROR_R_CHAR_P 1
| #define HAVE_CLOCK_GETRES 1
| #define HAVE_CLOCK_GETTIME 1
| #define HAVE_CLOCK_SETTIME 1
| #define HAVE_TIMEGM 1
| #define HAVE_STRLCPY 1
| #define HAVE_STRLCAT 1
| #define HAVE_ERRNO_H 1
| #define HAVE_SYS_SOCKET_H 1
| #define HAVE_SYS_TYPES_H 1
| #define HAVE_TIME_H 1
| #define HAVE_NET_IF_H 1
| #define HAVE_LINUX_IF_ADDR_H 1
| #define NEED_EARLY_FORK 1
| #define HAVE_ARPA_NAMESER_H 1
| #define HAVE_SYS_PARAM_H 1
| #define HAVE_SYS_TIME_H 1
| #define HAVE_NETINET_IN_SYSTM_H 1
| #define HAVE_NETINET_IN_H 1
| #define HAVE_RESOLV_H 1
| #define HAVE_NETINET_IP_H 1
| #define HAVE_RECVMSG 1
| #define HAVE_INLINE 1
| #define SIZEOF_TIME_T 8
| #define SIZEOF_SIGNED_CHAR 1
| #define HAVE_LONG_LONG 1
| #define SIZEOF_SHORT 2
| #define SIZEOF_INT 4
| #define SIZEOF_LONG 8
| #define SIZEOF_LONG_LONG 8
| #define NEED_S_CHAR_TYPEDEF 1
| #define DEBUG 1
| #define HAVE_SEMAPHORE_H 1
| #define HAVE_SOCKETPAIR 1
| #define HAVE_PTHREAD_H 1
| #define HAVE_PTHREADS 10
| #define HAVE_SCHED_H 1
| #define HAVE_SCHED_YIELD 1
| #define HAVE_PTHREAD_KILL 1
| #define HAVE_PTHREAD_RWLOCK_DESTROY 1
| #define HAVE_PTHREAD_DETACH 1
| #define HAVE_PTHREAD_SETCONCURRENCY 1
| #define HAVE_PTHREAD_GETCONCURRENCY 1
| #define HAVE_YIELDING_SELECT 1
| #define REENTRANT 1
| #define _REENTRANT 1
| #define THREAD_SAFE 1
| #define _THREAD_SAFE 1
| #define THREADSAFE 1
| #define _THREADSAFE 1
| #define _SGI_MP_SOURCE 1
| #define LDAP_API_FEATURE_X_OPENLDAP_THREAD_SAFE 1
| #define HAVE_SEM_TIMEDWAIT 1
| #define SIZEOF_PTHREAD_T 8
| #define ISC_PLATFORM_USETHREADS 1
| #define HAVE_SIGWAIT 1
| #define HAVE_PTHREAD_ATTR_GETSTACKSIZE 1
| #define HAVE_PTHREAD_ATTR_SETSTACKSIZE 1
| #define HAVE_SYSCONF 1
| #define HAVE_LINUXTHREADS 1
| #define VSNPRINTF_PERCENT_M 1
| #define HAVE_SYS_CAPABILITY_H 1
| #define HAVE_SYS_PRCTL_H 1
| #define HAVE_LINUX_CAPABILITIES 1
| #define HAVE_DROPROOT 1
| #define HAVE_SYS_TYPES_H 1
| #define HAVE_NETINET_IN_H 1
| #define HAVE_ARPA_NAMESER_H 1
| #define HAVE_NETDB_H 1
| #define HAVE_RESOLV_H 1
| #define HAVE___RES_INIT 1
| #define HAVE_UINTPTR_T 1
| #define HAVE_STRUCT_TIMESPEC 1
| #define HAVE_STRUCT_NTPTIMEVAL 1
| #define HAVE_MD5_H 1
| #define HAVE_MD5INIT 1
| #define HAVE_SYSCONF 1
| #define HAVE_GETDTABLESIZE 1
| #define HAVE_SIGACTION 1
| #define HAVE_SIGSET 1
| #define HAVE_SETTIMEOFDAY 1
| #define HAVE_OPENSSL_CMAC_H 1
| #define ENABLE_CMAC 1
| #define OPENSSL /**/
| #define OPENSSL_SUPPRESS_DEPRECATED 1
| #define HAVE_EVP_MD_DO_ALL_SORTED 1
| #define HAVE_RAND_BYTES 1
| #define HAVE_RAND_POLL 1
| #define USE_OPENSSL_CRYPTO_RAND 1
| #define HAVE_DLFCN_H 1
| #define LT_OBJDIR ".libs/"
| #define HAVE_DIRENT_H 1
| #define HAVE_SYS_MMAN_H 1
| #define HAVE_SYS_PARAM_H 1
| #define HAVE_SYS_POLL_H 1
| #define HAVE_SYS_SELECT_H 1
| #define HAVE_SYS_SOCKET_H 1
| #define HAVE_SYS_TIME_H 1
| #define HAVE_SYS_UN_H 1
| #define HAVE_SYS_WAIT_H 1
| #define HAVE_DLFCN_H 1
| #define HAVE_ERRNO_H 1
| #define HAVE_FCNTL_H 1
| #define HAVE_LIBGEN_H 1
| #define HAVE_LIBINTL_H 1
| #define HAVE_MEMORY_H 1
| #define HAVE_NETINET_IN_H 1
| #define HAVE_SETJMP_H 1
| #define HAVE_STDBOOL_H 1
| #define HAVE_SYSEXITS_H 1
| #define HAVE_UNISTD_H 1
| #define HAVE_UTIME_H 1
| #define HAVE_STDARG_H 1
| #define HAVE_STRING_H 1
| #define HAVE_LIMITS_H 1
| #define HAVE_INTTYPES_H 1
| #define HAVE_WCHAR_H 1
| #define HAVE_WCHAR_T 1
| #define HAVE_WINT_T 1
| #define HAVE_INT8_T 1
| #define HAVE_UINT8_T 1
| #define HAVE_INT16_T 1
| #define HAVE_UINT16_T 1
| #define HAVE_INT32_T 1
| #define HAVE_UINT32_T 1
| #define HAVE_INTPTR_T 1
| #define HAVE_UINTPTR_T 1
| #define HAVE_PID_T 1
| #define HAVE_SIZE_T 1
| #define HAVE_PTRDIFF_T 1
| #define SIZEOF_CHAR_P 8
| #define SIZEOF_INT 4
| #define SIZEOF_LONG 8
| #define SIZEOF_SHORT 2
| #define HAVE_WORKING_VFORK 1
| #define HAVE_WORKING_FORK 1
| #define HAVE_MMAP 1
| #define HAVE_CANONICALIZE_FILE_NAME 1
| #define HAVE_SNPRINTF 1
| #define HAVE_STRDUP 1
| #define HAVE_STRCHR 1
| #define HAVE_STRRCHR 1
| #define HAVE_STRSIGNAL 1
| #define HAVE_FCHMOD 1
| #define HAVE_FSTAT 1
| #define HAVE_CHMOD 1
| #define POSIX_SHELL "/usr/bin/bash"
| #define REGEX_HEADER <regex.h>
| #define WITH_LIBREGEX 1
| #define HAVE_DEV_ZERO 1
| #define HAVE_REALPATH 1
| #define HAVE_STRFTIME 1
| #define FOPEN_BINARY_FLAG "b"
| #define FOPEN_TEXT_FLAG "t"
| #define HAVE_NETDB_H 1
| #define HAVE_STRING_H 1
| #define HAVE_STRINGS_H 1
| #define HAVE_SYSLOG_H 1
| #define HAVE_SYSEXITS_H 1
| #define HAVE__BOOL 1
| #define HAVE_STDBOOL_H 1
| #define HAVE_STRUCT_SOCKADDR_STORAGE 1
| /* end confdefs.h.  */
| 
| 			#ifdef HAVE_SYS_TYPES_H
| 			# include <sys/types.h>
| 			#endif
| 			#ifdef HAVE_SYS_SOCKET_H
| 			# include <sys/socket.h>
| 			#endif
| 
| int
| main (void)
| {
| 
| 			extern
| 			getsockname(int, void *,
| 				size_t *);
| 
| 
|   ;
|   return 0;
| }
configure:29425: cc -c -march=x86-64 -mtune=generic -O2 -pipe -fno-plt -fexceptions         -Wp,-D_FORTIFY_SOURCE=3 -Wformat -Werror=format-security         -fstack-clash-protection -fcf-protection         -fno-omit-frame-pointer -mno-omit-leaf-frame-pointer -Wno-incompatible-pointer-types -g -ffile-prefix-map=/home/esteban/Escritorio/hack_the_box/machines/administrator/tools/ntpdate/src=/usr/src/debug/ntpdate -flto=auto  conftest.c >&5
conftest.c: In function 'main':
conftest.c:235:25: error: type defaults to 'int' in declaration of 'getsockname' [-Wimplicit-int]
  235 |                         getsockname(int, void *,
      |                         ^~~~~~~~~~~
conftest.c:235:25: error: conflicting types for 'getsockname'; have 'int(int,  void *, unsigned int *)'
In file included from conftest.c:227:
/usr/include/sys/socket.h:116:12: note: previous declaration of 'getsockname' with type 'int(int,  __SOCKADDR_ARG,  socklen_t * restrict)' {aka 'int(int,  __SOCKADDR_ARG,  unsigned int * restrict)'}
  116 | extern int getsockname (int __fd, __SOCKADDR_ARG __addr,
      |            ^~~~~~~~~~~
configure:29425: $? = 1
configure: failed program was:
| /* confdefs.h */
| #define PACKAGE_NAME "sntp"
| #define PACKAGE_TARNAME "sntp"
| #define PACKAGE_VERSION "4.2.8p18"
| #define PACKAGE_STRING "sntp 4.2.8p18"
| #define PACKAGE_BUGREPORT "https://bugs.ntp.org/"
| #define PACKAGE_URL "https://www.ntp.org/"
| #define PACKAGE "sntp"
| #define VERSION "4.2.8p18"
| #define STR_SYSTEM "x86_64-pc-linux-gnu"
| #define HAVE_STDIO_H 1
| #define HAVE_STDLIB_H 1
| #define HAVE_STRING_H 1
| #define HAVE_INTTYPES_H 1
| #define HAVE_STDINT_H 1
| #define HAVE_STRINGS_H 1
| #define HAVE_SYS_STAT_H 1
| #define HAVE_SYS_TYPES_H 1
| #define HAVE_UNISTD_H 1
| #define HAVE_WCHAR_H 1
| #define HAVE_STDARG_H 1
| #define STDC_HEADERS 1
| #define _ALL_SOURCE 1
| #define _DARWIN_C_SOURCE 1
| #define _GNU_SOURCE 1
| #define _HPUX_ALT_XOPEN_SOCKET_API 1
| #define _NETBSD_SOURCE 1
| #define _OPENBSD_SOURCE 1
| #define _POSIX_PTHREAD_SEMANTICS 1
| #define __STDC_WANT_IEC_60559_ATTRIBS_EXT__ 1
| #define __STDC_WANT_IEC_60559_BFP_EXT__ 1
| #define __STDC_WANT_IEC_60559_DFP_EXT__ 1
| #define __STDC_WANT_IEC_60559_EXT__ 1
| #define __STDC_WANT_IEC_60559_FUNCS_EXT__ 1
| #define __STDC_WANT_IEC_60559_TYPES_EXT__ 1
| #define __STDC_WANT_LIB_EXT2__ 1
| #define __STDC_WANT_MATH_SPEC_FUNCS__ 1
| #define _TANDEM_SOURCE 1
| #define __EXTENSIONS__ 1
| #define HAVE___ATTRIBUTE__ /**/
| #define HAVE_FORK 1
| #define HAVE_VFORK 1
| #define HAVE_VPRINTF 1
| #define HAVE_DECL_STRERROR_R 1
| #define HAVE_UNSIGNED_LONG_LONG_INT 1
| #define HAVE_VSNPRINTF 1
| #define HAVE_SNPRINTF 1
| #define DIR_SEP '/'
| #define HAVE_READLINE_READLINE_H 1
| #define HAVE_HISTEDIT_H 1
| #define HAVE_READLINE_HISTORY_H 1
| #define EL_INIT_ARGS 4
| #define HAVE_READLINE_HISTORY 1
| #define HAVE_WORKING_VFORK 1
| #define HAVE_WORKING_FORK 1
| #define HAVE_ALLOCA_H 1
| #define HAVE_ALLOCA 1
| #define HAVE_STRERROR_R 1
| #define STRERROR_R_CHAR_P 1
| #define HAVE_CLOCK_GETRES 1
| #define HAVE_CLOCK_GETTIME 1
| #define HAVE_CLOCK_SETTIME 1
| #define HAVE_TIMEGM 1
| #define HAVE_STRLCPY 1
| #define HAVE_STRLCAT 1
| #define HAVE_ERRNO_H 1
| #define HAVE_SYS_SOCKET_H 1
| #define HAVE_SYS_TYPES_H 1
| #define HAVE_TIME_H 1
| #define HAVE_NET_IF_H 1
| #define HAVE_LINUX_IF_ADDR_H 1
| #define NEED_EARLY_FORK 1
| #define HAVE_ARPA_NAMESER_H 1
| #define HAVE_SYS_PARAM_H 1
| #define HAVE_SYS_TIME_H 1
| #define HAVE_NETINET_IN_SYSTM_H 1
| #define HAVE_NETINET_IN_H 1
| #define HAVE_RESOLV_H 1
| #define HAVE_NETINET_IP_H 1
| #define HAVE_RECVMSG 1
| #define HAVE_INLINE 1
| #define SIZEOF_TIME_T 8
| #define SIZEOF_SIGNED_CHAR 1
| #define HAVE_LONG_LONG 1
| #define SIZEOF_SHORT 2
| #define SIZEOF_INT 4
| #define SIZEOF_LONG 8
| #define SIZEOF_LONG_LONG 8
| #define NEED_S_CHAR_TYPEDEF 1
| #define DEBUG 1
| #define HAVE_SEMAPHORE_H 1
| #define HAVE_SOCKETPAIR 1
| #define HAVE_PTHREAD_H 1
| #define HAVE_PTHREADS 10
| #define HAVE_SCHED_H 1
| #define HAVE_SCHED_YIELD 1
| #define HAVE_PTHREAD_KILL 1
| #define HAVE_PTHREAD_RWLOCK_DESTROY 1
| #define HAVE_PTHREAD_DETACH 1
| #define HAVE_PTHREAD_SETCONCURRENCY 1
| #define HAVE_PTHREAD_GETCONCURRENCY 1
| #define HAVE_YIELDING_SELECT 1
| #define REENTRANT 1
| #define _REENTRANT 1
| #define THREAD_SAFE 1
| #define _THREAD_SAFE 1
| #define THREADSAFE 1
| #define _THREADSAFE 1
| #define _SGI_MP_SOURCE 1
| #define LDAP_API_FEATURE_X_OPENLDAP_THREAD_SAFE 1
| #define HAVE_SEM_TIMEDWAIT 1
| #define SIZEOF_PTHREAD_T 8
| #define ISC_PLATFORM_USETHREADS 1
| #define HAVE_SIGWAIT 1
| #define HAVE_PTHREAD_ATTR_GETSTACKSIZE 1
| #define HAVE_PTHREAD_ATTR_SETSTACKSIZE 1
| #define HAVE_SYSCONF 1
| #define HAVE_LINUXTHREADS 1
| #define VSNPRINTF_PERCENT_M 1
| #define HAVE_SYS_CAPABILITY_H 1
| #define HAVE_SYS_PRCTL_H 1
| #define HAVE_LINUX_CAPABILITIES 1
| #define HAVE_DROPROOT 1
| #define HAVE_SYS_TYPES_H 1
| #define HAVE_NETINET_IN_H 1
| #define HAVE_ARPA_NAMESER_H 1
| #define HAVE_NETDB_H 1
| #define HAVE_RESOLV_H 1
| #define HAVE___RES_INIT 1
| #define HAVE_UINTPTR_T 1
| #define HAVE_STRUCT_TIMESPEC 1
| #define HAVE_STRUCT_NTPTIMEVAL 1
| #define HAVE_MD5_H 1
| #define HAVE_MD5INIT 1
| #define HAVE_SYSCONF 1
| #define HAVE_GETDTABLESIZE 1
| #define HAVE_SIGACTION 1
| #define HAVE_SIGSET 1
| #define HAVE_SETTIMEOFDAY 1
| #define HAVE_OPENSSL_CMAC_H 1
| #define ENABLE_CMAC 1
| #define OPENSSL /**/
| #define OPENSSL_SUPPRESS_DEPRECATED 1
| #define HAVE_EVP_MD_DO_ALL_SORTED 1
| #define HAVE_RAND_BYTES 1
| #define HAVE_RAND_POLL 1
| #define USE_OPENSSL_CRYPTO_RAND 1
| #define HAVE_DLFCN_H 1
| #define LT_OBJDIR ".libs/"
| #define HAVE_DIRENT_H 1
| #define HAVE_SYS_MMAN_H 1
| #define HAVE_SYS_PARAM_H 1
| #define HAVE_SYS_POLL_H 1
| #define HAVE_SYS_SELECT_H 1
| #define HAVE_SYS_SOCKET_H 1
| #define HAVE_SYS_TIME_H 1
| #define HAVE_SYS_UN_H 1
| #define HAVE_SYS_WAIT_H 1
| #define HAVE_DLFCN_H 1
| #define HAVE_ERRNO_H 1
| #define HAVE_FCNTL_H 1
| #define HAVE_LIBGEN_H 1
| #define HAVE_LIBINTL_H 1
| #define HAVE_MEMORY_H 1
| #define HAVE_NETINET_IN_H 1
| #define HAVE_SETJMP_H 1
| #define HAVE_STDBOOL_H 1
| #define HAVE_SYSEXITS_H 1
| #define HAVE_UNISTD_H 1
| #define HAVE_UTIME_H 1
| #define HAVE_STDARG_H 1
| #define HAVE_STRING_H 1
| #define HAVE_LIMITS_H 1
| #define HAVE_INTTYPES_H 1
| #define HAVE_WCHAR_H 1
| #define HAVE_WCHAR_T 1
| #define HAVE_WINT_T 1
| #define HAVE_INT8_T 1
| #define HAVE_UINT8_T 1
| #define HAVE_INT16_T 1
| #define HAVE_UINT16_T 1
| #define HAVE_INT32_T 1
| #define HAVE_UINT32_T 1
| #define HAVE_INTPTR_T 1
| #define HAVE_UINTPTR_T 1
| #define HAVE_PID_T 1
| #define HAVE_SIZE_T 1
| #define HAVE_PTRDIFF_T 1
| #define SIZEOF_CHAR_P 8
| #define SIZEOF_INT 4
| #define SIZEOF_LONG 8
| #define SIZEOF_SHORT 2
| #define HAVE_WORKING_VFORK 1
| #define HAVE_WORKING_FORK 1
| #define HAVE_MMAP 1
| #define HAVE_CANONICALIZE_FILE_NAME 1
| #define HAVE_SNPRINTF 1
| #define HAVE_STRDUP 1
| #define HAVE_STRCHR 1
| #define HAVE_STRRCHR 1
| #define HAVE_STRSIGNAL 1
| #define HAVE_FCHMOD 1
| #define HAVE_FSTAT 1
| #define HAVE_CHMOD 1
| #define POSIX_SHELL "/usr/bin/bash"
| #define REGEX_HEADER <regex.h>
| #define WITH_LIBREGEX 1
| #define HAVE_DEV_ZERO 1
| #define HAVE_REALPATH 1
| #define HAVE_STRFTIME 1
| #define FOPEN_BINARY_FLAG "b"
| #define FOPEN_TEXT_FLAG "t"
| #define HAVE_NETDB_H 1
| #define HAVE_STRING_H 1
| #define HAVE_STRINGS_H 1
| #define HAVE_SYSLOG_H 1
| #define HAVE_SYSEXITS_H 1
| #define HAVE__BOOL 1
| #define HAVE_STDBOOL_H 1
| #define HAVE_STRUCT_SOCKADDR_STORAGE 1
| /* end confdefs.h.  */
| 
| 			#ifdef HAVE_SYS_TYPES_H
| 			# include <sys/types.h>
| 			#endif
| 			#ifdef HAVE_SYS_SOCKET_H
| 			# include <sys/socket.h>
| 			#endif
| 
| int
| main (void)
| {
| 
| 			extern
| 			getsockname(int, void *,
| 				unsigned int *);
| 
| 
|   ;
|   return 0;
| }
configure:29425: cc -c -march=x86-64 -mtune=generic -O2 -pipe -fno-plt -fexceptions         -Wp,-D_FORTIFY_SOURCE=3 -Wformat -Werror=format-security         -fstack-clash-protection -fcf-protection         -fno-omit-frame-pointer -mno-omit-leaf-frame-pointer -Wno-incompatible-pointer-types -g -ffile-prefix-map=/home/esteban/Escritorio/hack_the_box/machines/administrator/tools/ntpdate/src=/usr/src/debug/ntpdate -flto=auto  conftest.c >&5
conftest.c: In function 'main':
conftest.c:235:25: error: type defaults to 'int' in declaration of 'getsockname' [-Wimplicit-int]
  235 |                         getsockname(int, void *,
      |                         ^~~~~~~~~~~
conftest.c:235:25: error: conflicting types for 'getsockname'; have 'int(int,  void *, int *)'
In file included from conftest.c:227:
/usr/include/sys/socket.h:116:12: note: previous declaration of 'getsockname' with type 'int(int,  __SOCKADDR_ARG,  socklen_t * restrict)' {aka 'int(int,  __SOCKADDR_ARG,  unsigned int * restrict)'}
  116 | extern int getsockname (int __fd, __SOCKADDR_ARG __addr,
      |            ^~~~~~~~~~~
configure:29425: $? = 1
configure: failed program was:
| /* confdefs.h */
| #define PACKAGE_NAME "sntp"
| #define PACKAGE_TARNAME "sntp"
| #define PACKAGE_VERSION "4.2.8p18"
| #define PACKAGE_STRING "sntp 4.2.8p18"
| #define PACKAGE_BUGREPORT "https://bugs.ntp.org/"
| #define PACKAGE_URL "https://www.ntp.org/"
| #define PACKAGE "sntp"
| #define VERSION "4.2.8p18"
| #define STR_SYSTEM "x86_64-pc-linux-gnu"
| #define HAVE_STDIO_H 1
| #define HAVE_STDLIB_H 1
| #define HAVE_STRING_H 1
| #define HAVE_INTTYPES_H 1
| #define HAVE_STDINT_H 1
| #define HAVE_STRINGS_H 1
| #define HAVE_SYS_STAT_H 1
| #define HAVE_SYS_TYPES_H 1
| #define HAVE_UNISTD_H 1
| #define HAVE_WCHAR_H 1
| #define HAVE_STDARG_H 1
| #define STDC_HEADERS 1
| #define _ALL_SOURCE 1
| #define _DARWIN_C_SOURCE 1
| #define _GNU_SOURCE 1
| #define _HPUX_ALT_XOPEN_SOCKET_API 1
| #define _NETBSD_SOURCE 1
| #define _OPENBSD_SOURCE 1
| #define _POSIX_PTHREAD_SEMANTICS 1
| #define __STDC_WANT_IEC_60559_ATTRIBS_EXT__ 1
| #define __STDC_WANT_IEC_60559_BFP_EXT__ 1
| #define __STDC_WANT_IEC_60559_DFP_EXT__ 1
| #define __STDC_WANT_IEC_60559_EXT__ 1
| #define __STDC_WANT_IEC_60559_FUNCS_EXT__ 1
| #define __STDC_WANT_IEC_60559_TYPES_EXT__ 1
| #define __STDC_WANT_LIB_EXT2__ 1
| #define __STDC_WANT_MATH_SPEC_FUNCS__ 1
| #define _TANDEM_SOURCE 1
| #define __EXTENSIONS__ 1
| #define HAVE___ATTRIBUTE__ /**/
| #define HAVE_FORK 1
| #define HAVE_VFORK 1
| #define HAVE_VPRINTF 1
| #define HAVE_DECL_STRERROR_R 1
| #define HAVE_UNSIGNED_LONG_LONG_INT 1
| #define HAVE_VSNPRINTF 1
| #define HAVE_SNPRINTF 1
| #define DIR_SEP '/'
| #define HAVE_READLINE_READLINE_H 1
| #define HAVE_HISTEDIT_H 1
| #define HAVE_READLINE_HISTORY_H 1
| #define EL_INIT_ARGS 4
| #define HAVE_READLINE_HISTORY 1
| #define HAVE_WORKING_VFORK 1
| #define HAVE_WORKING_FORK 1
| #define HAVE_ALLOCA_H 1
| #define HAVE_ALLOCA 1
| #define HAVE_STRERROR_R 1
| #define STRERROR_R_CHAR_P 1
| #define HAVE_CLOCK_GETRES 1
| #define HAVE_CLOCK_GETTIME 1
| #define HAVE_CLOCK_SETTIME 1
| #define HAVE_TIMEGM 1
| #define HAVE_STRLCPY 1
| #define HAVE_STRLCAT 1
| #define HAVE_ERRNO_H 1
| #define HAVE_SYS_SOCKET_H 1
| #define HAVE_SYS_TYPES_H 1
| #define HAVE_TIME_H 1
| #define HAVE_NET_IF_H 1
| #define HAVE_LINUX_IF_ADDR_H 1
| #define NEED_EARLY_FORK 1
| #define HAVE_ARPA_NAMESER_H 1
| #define HAVE_SYS_PARAM_H 1
| #define HAVE_SYS_TIME_H 1
| #define HAVE_NETINET_IN_SYSTM_H 1
| #define HAVE_NETINET_IN_H 1
| #define HAVE_RESOLV_H 1
| #define HAVE_NETINET_IP_H 1
| #define HAVE_RECVMSG 1
| #define HAVE_INLINE 1
| #define SIZEOF_TIME_T 8
| #define SIZEOF_SIGNED_CHAR 1
| #define HAVE_LONG_LONG 1
| #define SIZEOF_SHORT 2
| #define SIZEOF_INT 4
| #define SIZEOF_LONG 8
| #define SIZEOF_LONG_LONG 8
| #define NEED_S_CHAR_TYPEDEF 1
| #define DEBUG 1
| #define HAVE_SEMAPHORE_H 1
| #define HAVE_SOCKETPAIR 1
| #define HAVE_PTHREAD_H 1
| #define HAVE_PTHREADS 10
| #define HAVE_SCHED_H 1
| #define HAVE_SCHED_YIELD 1
| #define HAVE_PTHREAD_KILL 1
| #define HAVE_PTHREAD_RWLOCK_DESTROY 1
| #define HAVE_PTHREAD_DETACH 1
| #define HAVE_PTHREAD_SETCONCURRENCY 1
| #define HAVE_PTHREAD_GETCONCURRENCY 1
| #define HAVE_YIELDING_SELECT 1
| #define REENTRANT 1
| #define _REENTRANT 1
| #define THREAD_SAFE 1
| #define _THREAD_SAFE 1
| #define THREADSAFE 1
| #define _THREADSAFE 1
| #define _SGI_MP_SOURCE 1
| #define LDAP_API_FEATURE_X_OPENLDAP_THREAD_SAFE 1
| #define HAVE_SEM_TIMEDWAIT 1
| #define SIZEOF_PTHREAD_T 8
| #define ISC_PLATFORM_USETHREADS 1
| #define HAVE_SIGWAIT 1
| #define HAVE_PTHREAD_ATTR_GETSTACKSIZE 1
| #define HAVE_PTHREAD_ATTR_SETSTACKSIZE 1
| #define HAVE_SYSCONF 1
| #define HAVE_LINUXTHREADS 1
| #define VSNPRINTF_PERCENT_M 1
| #define HAVE_SYS_CAPABILITY_H 1
| #define HAVE_SYS_PRCTL_H 1
| #define HAVE_LINUX_CAPABILITIES 1
| #define HAVE_DROPROOT 1
| #define HAVE_SYS_TYPES_H 1
| #define HAVE_NETINET_IN_H 1
| #define HAVE_ARPA_NAMESER_H 1
| #define HAVE_NETDB_H 1
| #define HAVE_RESOLV_H 1
| #define HAVE___RES_INIT 1
| #define HAVE_UINTPTR_T 1
| #define HAVE_STRUCT_TIMESPEC 1
| #define HAVE_STRUCT_NTPTIMEVAL 1
| #define HAVE_MD5_H 1
| #define HAVE_MD5INIT 1
| #define HAVE_SYSCONF 1
| #define HAVE_GETDTABLESIZE 1
| #define HAVE_SIGACTION 1
| #define HAVE_SIGSET 1
| #define HAVE_SETTIMEOFDAY 1
| #define HAVE_OPENSSL_CMAC_H 1
| #define ENABLE_CMAC 1
| #define OPENSSL /**/
| #define OPENSSL_SUPPRESS_DEPRECATED 1
| #define HAVE_EVP_MD_DO_ALL_SORTED 1
| #define HAVE_RAND_BYTES 1
| #define HAVE_RAND_POLL 1
| #define USE_OPENSSL_CRYPTO_RAND 1
| #define HAVE_DLFCN_H 1
| #define LT_OBJDIR ".libs/"
| #define HAVE_DIRENT_H 1
| #define HAVE_SYS_MMAN_H 1
| #define HAVE_SYS_PARAM_H 1
| #define HAVE_SYS_POLL_H 1
| #define HAVE_SYS_SELECT_H 1
| #define HAVE_SYS_SOCKET_H 1
| #define HAVE_SYS_TIME_H 1
| #define HAVE_SYS_UN_H 1
| #define HAVE_SYS_WAIT_H 1
| #define HAVE_DLFCN_H 1
| #define HAVE_ERRNO_H 1
| #define HAVE_FCNTL_H 1
| #define HAVE_LIBGEN_H 1
| #define HAVE_LIBINTL_H 1
| #define HAVE_MEMORY_H 1
| #define HAVE_NETINET_IN_H 1
| #define HAVE_SETJMP_H 1
| #define HAVE_STDBOOL_H 1
| #define HAVE_SYSEXITS_H 1
| #define HAVE_UNISTD_H 1
| #define HAVE_UTIME_H 1
| #define HAVE_STDARG_H 1
| #define HAVE_STRING_H 1
| #define HAVE_LIMITS_H 1
| #define HAVE_INTTYPES_H 1
| #define HAVE_WCHAR_H 1
| #define HAVE_WCHAR_T 1
| #define HAVE_WINT_T 1
| #define HAVE_INT8_T 1
| #define HAVE_UINT8_T 1
| #define HAVE_INT16_T 1
| #define HAVE_UINT16_T 1
| #define HAVE_INT32_T 1
| #define HAVE_UINT32_T 1
| #define HAVE_INTPTR_T 1
| #define HAVE_UINTPTR_T 1
| #define HAVE_PID_T 1
| #define HAVE_SIZE_T 1
| #define HAVE_PTRDIFF_T 1
| #define SIZEOF_CHAR_P 8
| #define SIZEOF_INT 4
| #define SIZEOF_LONG 8
| #define SIZEOF_SHORT 2
| #define HAVE_WORKING_VFORK 1
| #define HAVE_WORKING_FORK 1
| #define HAVE_MMAP 1
| #define HAVE_CANONICALIZE_FILE_NAME 1
| #define HAVE_SNPRINTF 1
| #define HAVE_STRDUP 1
| #define HAVE_STRCHR 1
| #define HAVE_STRRCHR 1
| #define HAVE_STRSIGNAL 1
| #define HAVE_FCHMOD 1
| #define HAVE_FSTAT 1
| #define HAVE_CHMOD 1
| #define POSIX_SHELL "/usr/bin/bash"
| #define REGEX_HEADER <regex.h>
| #define WITH_LIBREGEX 1
| #define HAVE_DEV_ZERO 1
| #define HAVE_REALPATH 1
| #define HAVE_STRFTIME 1
| #define FOPEN_BINARY_FLAG "b"
| #define FOPEN_TEXT_FLAG "t"
| #define HAVE_NETDB_H 1
| #define HAVE_STRING_H 1
| #define HAVE_STRINGS_H 1
| #define HAVE_SYSLOG_H 1
| #define HAVE_SYSEXITS_H 1
| #define HAVE__BOOL 1
| #define HAVE_STDBOOL_H 1
| #define HAVE_STRUCT_SOCKADDR_STORAGE 1
| /* end confdefs.h.  */
| 
| 			#ifdef HAVE_SYS_TYPES_H
| 			# include <sys/types.h>
| 			#endif
| 			#ifdef HAVE_SYS_SOCKET_H
| 			# include <sys/socket.h>
| 			#endif
| 
| int
| main (void)
| {
| 
| 			extern
| 			getsockname(int, void *,
| 				int *);
| 
| 
|   ;
|   return 0;
| }
configure:29442: result: socklen_t
configure:29448: checking struct sockaddr for sa_len
configure:29472: cc -c -march=x86-64 -mtune=generic -O2 -pipe -fno-plt -fexceptions         -Wp,-D_FORTIFY_SOURCE=3 -Wformat -Werror=format-security         -fstack-clash-protection -fcf-protection         -fno-omit-frame-pointer -mno-omit-leaf-frame-pointer -Wno-incompatible-pointer-types -g -ffile-prefix-map=/home/esteban/Escritorio/hack_the_box/machines/administrator/tools/ntpdate/src=/usr/src/debug/ntpdate -flto=auto  conftest.c >&5
conftest.c: In function 'main':
conftest.c:232:26: error: 'struct sockaddr' has no member named 'sa_len'
  232 |                 return ps->sa_len;
      |                          ^~
configure:29472: $? = 1
configure: failed program was:
| /* confdefs.h */
| #define PACKAGE_NAME "sntp"
| #define PACKAGE_TARNAME "sntp"
| #define PACKAGE_VERSION "4.2.8p18"
| #define PACKAGE_STRING "sntp 4.2.8p18"
| #define PACKAGE_BUGREPORT "https://bugs.ntp.org/"
| #define PACKAGE_URL "https://www.ntp.org/"
| #define PACKAGE "sntp"
| #define VERSION "4.2.8p18"
| #define STR_SYSTEM "x86_64-pc-linux-gnu"
| #define HAVE_STDIO_H 1
| #define HAVE_STDLIB_H 1
| #define HAVE_STRING_H 1
| #define HAVE_INTTYPES_H 1
| #define HAVE_STDINT_H 1
| #define HAVE_STRINGS_H 1
| #define HAVE_SYS_STAT_H 1
| #define HAVE_SYS_TYPES_H 1
| #define HAVE_UNISTD_H 1
| #define HAVE_WCHAR_H 1
| #define HAVE_STDARG_H 1
| #define STDC_HEADERS 1
| #define _ALL_SOURCE 1
| #define _DARWIN_C_SOURCE 1
| #define _GNU_SOURCE 1
| #define _HPUX_ALT_XOPEN_SOCKET_API 1
| #define _NETBSD_SOURCE 1
| #define _OPENBSD_SOURCE 1
| #define _POSIX_PTHREAD_SEMANTICS 1
| #define __STDC_WANT_IEC_60559_ATTRIBS_EXT__ 1
| #define __STDC_WANT_IEC_60559_BFP_EXT__ 1
| #define __STDC_WANT_IEC_60559_DFP_EXT__ 1
| #define __STDC_WANT_IEC_60559_EXT__ 1
| #define __STDC_WANT_IEC_60559_FUNCS_EXT__ 1
| #define __STDC_WANT_IEC_60559_TYPES_EXT__ 1
| #define __STDC_WANT_LIB_EXT2__ 1
| #define __STDC_WANT_MATH_SPEC_FUNCS__ 1
| #define _TANDEM_SOURCE 1
| #define __EXTENSIONS__ 1
| #define HAVE___ATTRIBUTE__ /**/
| #define HAVE_FORK 1
| #define HAVE_VFORK 1
| #define HAVE_VPRINTF 1
| #define HAVE_DECL_STRERROR_R 1
| #define HAVE_UNSIGNED_LONG_LONG_INT 1
| #define HAVE_VSNPRINTF 1
| #define HAVE_SNPRINTF 1
| #define DIR_SEP '/'
| #define HAVE_READLINE_READLINE_H 1
| #define HAVE_HISTEDIT_H 1
| #define HAVE_READLINE_HISTORY_H 1
| #define EL_INIT_ARGS 4
| #define HAVE_READLINE_HISTORY 1
| #define HAVE_WORKING_VFORK 1
| #define HAVE_WORKING_FORK 1
| #define HAVE_ALLOCA_H 1
| #define HAVE_ALLOCA 1
| #define HAVE_STRERROR_R 1
| #define STRERROR_R_CHAR_P 1
| #define HAVE_CLOCK_GETRES 1
| #define HAVE_CLOCK_GETTIME 1
| #define HAVE_CLOCK_SETTIME 1
| #define HAVE_TIMEGM 1
| #define HAVE_STRLCPY 1
| #define HAVE_STRLCAT 1
| #define HAVE_ERRNO_H 1
| #define HAVE_SYS_SOCKET_H 1
| #define HAVE_SYS_TYPES_H 1
| #define HAVE_TIME_H 1
| #define HAVE_NET_IF_H 1
| #define HAVE_LINUX_IF_ADDR_H 1
| #define NEED_EARLY_FORK 1
| #define HAVE_ARPA_NAMESER_H 1
| #define HAVE_SYS_PARAM_H 1
| #define HAVE_SYS_TIME_H 1
| #define HAVE_NETINET_IN_SYSTM_H 1
| #define HAVE_NETINET_IN_H 1
| #define HAVE_RESOLV_H 1
| #define HAVE_NETINET_IP_H 1
| #define HAVE_RECVMSG 1
| #define HAVE_INLINE 1
| #define SIZEOF_TIME_T 8
| #define SIZEOF_SIGNED_CHAR 1
| #define HAVE_LONG_LONG 1
| #define SIZEOF_SHORT 2
| #define SIZEOF_INT 4
| #define SIZEOF_LONG 8
| #define SIZEOF_LONG_LONG 8
| #define NEED_S_CHAR_TYPEDEF 1
| #define DEBUG 1
| #define HAVE_SEMAPHORE_H 1
| #define HAVE_SOCKETPAIR 1
| #define HAVE_PTHREAD_H 1
| #define HAVE_PTHREADS 10
| #define HAVE_SCHED_H 1
| #define HAVE_SCHED_YIELD 1
| #define HAVE_PTHREAD_KILL 1
| #define HAVE_PTHREAD_RWLOCK_DESTROY 1
| #define HAVE_PTHREAD_DETACH 1
| #define HAVE_PTHREAD_SETCONCURRENCY 1
| #define HAVE_PTHREAD_GETCONCURRENCY 1
| #define HAVE_YIELDING_SELECT 1
| #define REENTRANT 1
| #define _REENTRANT 1
| #define THREAD_SAFE 1
| #define _THREAD_SAFE 1
| #define THREADSAFE 1
| #define _THREADSAFE 1
| #define _SGI_MP_SOURCE 1
| #define LDAP_API_FEATURE_X_OPENLDAP_THREAD_SAFE 1
| #define HAVE_SEM_TIMEDWAIT 1
| #define SIZEOF_PTHREAD_T 8
| #define ISC_PLATFORM_USETHREADS 1
| #define HAVE_SIGWAIT 1
| #define HAVE_PTHREAD_ATTR_GETSTACKSIZE 1
| #define HAVE_PTHREAD_ATTR_SETSTACKSIZE 1
| #define HAVE_SYSCONF 1
| #define HAVE_LINUXTHREADS 1
| #define VSNPRINTF_PERCENT_M 1
| #define HAVE_SYS_CAPABILITY_H 1
| #define HAVE_SYS_PRCTL_H 1
| #define HAVE_LINUX_CAPABILITIES 1
| #define HAVE_DROPROOT 1
| #define HAVE_SYS_TYPES_H 1
| #define HAVE_NETINET_IN_H 1
| #define HAVE_ARPA_NAMESER_H 1
| #define HAVE_NETDB_H 1
| #define HAVE_RESOLV_H 1
| #define HAVE___RES_INIT 1
| #define HAVE_UINTPTR_T 1
| #define HAVE_STRUCT_TIMESPEC 1
| #define HAVE_STRUCT_NTPTIMEVAL 1
| #define HAVE_MD5_H 1
| #define HAVE_MD5INIT 1
| #define HAVE_SYSCONF 1
| #define HAVE_GETDTABLESIZE 1
| #define HAVE_SIGACTION 1
| #define HAVE_SIGSET 1
| #define HAVE_SETTIMEOFDAY 1
| #define HAVE_OPENSSL_CMAC_H 1
| #define ENABLE_CMAC 1
| #define OPENSSL /**/
| #define OPENSSL_SUPPRESS_DEPRECATED 1
| #define HAVE_EVP_MD_DO_ALL_SORTED 1
| #define HAVE_RAND_BYTES 1
| #define HAVE_RAND_POLL 1
| #define USE_OPENSSL_CRYPTO_RAND 1
| #define HAVE_DLFCN_H 1
| #define LT_OBJDIR ".libs/"
| #define HAVE_DIRENT_H 1
| #define HAVE_SYS_MMAN_H 1
| #define HAVE_SYS_PARAM_H 1
| #define HAVE_SYS_POLL_H 1
| #define HAVE_SYS_SELECT_H 1
| #define HAVE_SYS_SOCKET_H 1
| #define HAVE_SYS_TIME_H 1
| #define HAVE_SYS_UN_H 1
| #define HAVE_SYS_WAIT_H 1
| #define HAVE_DLFCN_H 1
| #define HAVE_ERRNO_H 1
| #define HAVE_FCNTL_H 1
| #define HAVE_LIBGEN_H 1
| #define HAVE_LIBINTL_H 1
| #define HAVE_MEMORY_H 1
| #define HAVE_NETINET_IN_H 1
| #define HAVE_SETJMP_H 1
| #define HAVE_STDBOOL_H 1
| #define HAVE_SYSEXITS_H 1
| #define HAVE_UNISTD_H 1
| #define HAVE_UTIME_H 1
| #define HAVE_STDARG_H 1
| #define HAVE_STRING_H 1
| #define HAVE_LIMITS_H 1
| #define HAVE_INTTYPES_H 1
| #define HAVE_WCHAR_H 1
| #define HAVE_WCHAR_T 1
| #define HAVE_WINT_T 1
| #define HAVE_INT8_T 1
| #define HAVE_UINT8_T 1
| #define HAVE_INT16_T 1
| #define HAVE_UINT16_T 1
| #define HAVE_INT32_T 1
| #define HAVE_UINT32_T 1
| #define HAVE_INTPTR_T 1
| #define HAVE_UINTPTR_T 1
| #define HAVE_PID_T 1
| #define HAVE_SIZE_T 1
| #define HAVE_PTRDIFF_T 1
| #define SIZEOF_CHAR_P 8
| #define SIZEOF_INT 4
| #define SIZEOF_LONG 8
| #define SIZEOF_SHORT 2
| #define HAVE_WORKING_VFORK 1
| #define HAVE_WORKING_FORK 1
| #define HAVE_MMAP 1
| #define HAVE_CANONICALIZE_FILE_NAME 1
| #define HAVE_SNPRINTF 1
| #define HAVE_STRDUP 1
| #define HAVE_STRCHR 1
| #define HAVE_STRRCHR 1
| #define HAVE_STRSIGNAL 1
| #define HAVE_FCHMOD 1
| #define HAVE_FSTAT 1
| #define HAVE_CHMOD 1
| #define POSIX_SHELL "/usr/bin/bash"
| #define REGEX_HEADER <regex.h>
| #define WITH_LIBREGEX 1
| #define HAVE_DEV_ZERO 1
| #define HAVE_REALPATH 1
| #define HAVE_STRFTIME 1
| #define FOPEN_BINARY_FLAG "b"
| #define FOPEN_TEXT_FLAG "t"
| #define HAVE_NETDB_H 1
| #define HAVE_STRING_H 1
| #define HAVE_STRINGS_H 1
| #define HAVE_SYSLOG_H 1
| #define HAVE_SYSEXITS_H 1
| #define HAVE__BOOL 1
| #define HAVE_STDBOOL_H 1
| #define HAVE_STRUCT_SOCKADDR_STORAGE 1
| #define GETSOCKNAME_SOCKLEN_TYPE socklen_t
| /* end confdefs.h.  */
| 
| 		#include <sys/types.h>
| 		#include <sys/socket.h>
| 
| int
| main (void)
| {
| 
| 		extern struct sockaddr *ps;
| 		return ps->sa_len;
| 
| 
|   ;
|   return 0;
| }
configure:29484: result: no
configure:29525: checking for IPv6 structures
configure:29549: cc -c -march=x86-64 -mtune=generic -O2 -pipe -fno-plt -fexceptions         -Wp,-D_FORTIFY_SOURCE=3 -Wformat -Werror=format-security         -fstack-clash-protection -fcf-protection         -fno-omit-frame-pointer -mno-omit-leaf-frame-pointer -Wno-incompatible-pointer-types -g -ffile-prefix-map=/home/esteban/Escritorio/hack_the_box/machines/administrator/tools/ntpdate/src=/usr/src/debug/ntpdate -flto=auto  conftest.c >&5
configure:29549: $? = 0
configure:29561: result: yes
configure:29568: checking for Kame IPv6 support
configure:29593: result: no
configure:29653: checking for in6_pktinfo
configure:29679: cc -c -march=x86-64 -mtune=generic -O2 -pipe -fno-plt -fexceptions         -Wp,-D_FORTIFY_SOURCE=3 -Wformat -Werror=format-security         -fstack-clash-protection -fcf-protection         -fno-omit-frame-pointer -mno-omit-leaf-frame-pointer -Wno-incompatible-pointer-types -g -ffile-prefix-map=/home/esteban/Escritorio/hack_the_box/machines/administrator/tools/ntpdate/src=/usr/src/debug/ntpdate -flto=auto  conftest.c >&5
configure:29679: $? = 0
configure:29691: result: yes
configure:29702: checking for sockaddr_in6.sin6_scope_id
configure:29729: cc -c -march=x86-64 -mtune=generic -O2 -pipe -fno-plt -fexceptions         -Wp,-D_FORTIFY_SOURCE=3 -Wformat -Werror=format-security         -fstack-clash-protection -fcf-protection         -fno-omit-frame-pointer -mno-omit-leaf-frame-pointer -Wno-incompatible-pointer-types -g -ffile-prefix-map=/home/esteban/Escritorio/hack_the_box/machines/administrator/tools/ntpdate/src=/usr/src/debug/ntpdate -flto=auto  conftest.c >&5
configure:29729: $? = 0
configure:29741: result: yes
configure:29755: checking for in6addr_any
configure:29783: cc -o conftest -march=x86-64 -mtune=generic -O2 -pipe -fno-plt -fexceptions         -Wp,-D_FORTIFY_SOURCE=3 -Wformat -Werror=format-security         -fstack-clash-protection -fcf-protection         -fno-omit-frame-pointer -mno-omit-leaf-frame-pointer -Wno-incompatible-pointer-types -g -ffile-prefix-map=/home/esteban/Escritorio/hack_the_box/machines/administrator/tools/ntpdate/src=/usr/src/debug/ntpdate -flto=auto  -Wl,-O1 -Wl,--sort-common -Wl,--as-needed -Wl,-z,relro -Wl,-z,now          -Wl,-z,pack-relative-relocs -flto=auto conftest.c -Wl,--gc-sections -lmd  -lcap  >&5
configure:29783: $? = 0
configure:29799: result: yes
configure:29810: checking for struct if_laddrconf
configure:29833: cc -c -march=x86-64 -mtune=generic -O2 -pipe -fno-plt -fexceptions         -Wp,-D_FORTIFY_SOURCE=3 -Wformat -Werror=format-security         -fstack-clash-protection -fcf-protection         -fno-omit-frame-pointer -mno-omit-leaf-frame-pointer -Wno-incompatible-pointer-types -g -ffile-prefix-map=/home/esteban/Escritorio/hack_the_box/machines/administrator/tools/ntpdate/src=/usr/src/debug/ntpdate -flto=auto  conftest.c >&5
conftest.c:229:26: fatal error: net/if6.h: No such file or directory
  229 |                 #include <net/if6.h>
      |                          ^~~~~~~~~~~
compilation terminated.
configure:29833: $? = 1
configure: failed program was:
| /* confdefs.h */
| #define PACKAGE_NAME "sntp"
| #define PACKAGE_TARNAME "sntp"
| #define PACKAGE_VERSION "4.2.8p18"
| #define PACKAGE_STRING "sntp 4.2.8p18"
| #define PACKAGE_BUGREPORT "https://bugs.ntp.org/"
| #define PACKAGE_URL "https://www.ntp.org/"
| #define PACKAGE "sntp"
| #define VERSION "4.2.8p18"
| #define STR_SYSTEM "x86_64-pc-linux-gnu"
| #define HAVE_STDIO_H 1
| #define HAVE_STDLIB_H 1
| #define HAVE_STRING_H 1
| #define HAVE_INTTYPES_H 1
| #define HAVE_STDINT_H 1
| #define HAVE_STRINGS_H 1
| #define HAVE_SYS_STAT_H 1
| #define HAVE_SYS_TYPES_H 1
| #define HAVE_UNISTD_H 1
| #define HAVE_WCHAR_H 1
| #define HAVE_STDARG_H 1
| #define STDC_HEADERS 1
| #define _ALL_SOURCE 1
| #define _DARWIN_C_SOURCE 1
| #define _GNU_SOURCE 1
| #define _HPUX_ALT_XOPEN_SOCKET_API 1
| #define _NETBSD_SOURCE 1
| #define _OPENBSD_SOURCE 1
| #define _POSIX_PTHREAD_SEMANTICS 1
| #define __STDC_WANT_IEC_60559_ATTRIBS_EXT__ 1
| #define __STDC_WANT_IEC_60559_BFP_EXT__ 1
| #define __STDC_WANT_IEC_60559_DFP_EXT__ 1
| #define __STDC_WANT_IEC_60559_EXT__ 1
| #define __STDC_WANT_IEC_60559_FUNCS_EXT__ 1
| #define __STDC_WANT_IEC_60559_TYPES_EXT__ 1
| #define __STDC_WANT_LIB_EXT2__ 1
| #define __STDC_WANT_MATH_SPEC_FUNCS__ 1
| #define _TANDEM_SOURCE 1
| #define __EXTENSIONS__ 1
| #define HAVE___ATTRIBUTE__ /**/
| #define HAVE_FORK 1
| #define HAVE_VFORK 1
| #define HAVE_VPRINTF 1
| #define HAVE_DECL_STRERROR_R 1
| #define HAVE_UNSIGNED_LONG_LONG_INT 1
| #define HAVE_VSNPRINTF 1
| #define HAVE_SNPRINTF 1
| #define DIR_SEP '/'
| #define HAVE_READLINE_READLINE_H 1
| #define HAVE_HISTEDIT_H 1
| #define HAVE_READLINE_HISTORY_H 1
| #define EL_INIT_ARGS 4
| #define HAVE_READLINE_HISTORY 1
| #define HAVE_WORKING_VFORK 1
| #define HAVE_WORKING_FORK 1
| #define HAVE_ALLOCA_H 1
| #define HAVE_ALLOCA 1
| #define HAVE_STRERROR_R 1
| #define STRERROR_R_CHAR_P 1
| #define HAVE_CLOCK_GETRES 1
| #define HAVE_CLOCK_GETTIME 1
| #define HAVE_CLOCK_SETTIME 1
| #define HAVE_TIMEGM 1
| #define HAVE_STRLCPY 1
| #define HAVE_STRLCAT 1
| #define HAVE_ERRNO_H 1
| #define HAVE_SYS_SOCKET_H 1
| #define HAVE_SYS_TYPES_H 1
| #define HAVE_TIME_H 1
| #define HAVE_NET_IF_H 1
| #define HAVE_LINUX_IF_ADDR_H 1
| #define NEED_EARLY_FORK 1
| #define HAVE_ARPA_NAMESER_H 1
| #define HAVE_SYS_PARAM_H 1
| #define HAVE_SYS_TIME_H 1
| #define HAVE_NETINET_IN_SYSTM_H 1
| #define HAVE_NETINET_IN_H 1
| #define HAVE_RESOLV_H 1
| #define HAVE_NETINET_IP_H 1
| #define HAVE_RECVMSG 1
| #define HAVE_INLINE 1
| #define SIZEOF_TIME_T 8
| #define SIZEOF_SIGNED_CHAR 1
| #define HAVE_LONG_LONG 1
| #define SIZEOF_SHORT 2
| #define SIZEOF_INT 4
| #define SIZEOF_LONG 8
| #define SIZEOF_LONG_LONG 8
| #define NEED_S_CHAR_TYPEDEF 1
| #define DEBUG 1
| #define HAVE_SEMAPHORE_H 1
| #define HAVE_SOCKETPAIR 1
| #define HAVE_PTHREAD_H 1
| #define HAVE_PTHREADS 10
| #define HAVE_SCHED_H 1
| #define HAVE_SCHED_YIELD 1
| #define HAVE_PTHREAD_KILL 1
| #define HAVE_PTHREAD_RWLOCK_DESTROY 1
| #define HAVE_PTHREAD_DETACH 1
| #define HAVE_PTHREAD_SETCONCURRENCY 1
| #define HAVE_PTHREAD_GETCONCURRENCY 1
| #define HAVE_YIELDING_SELECT 1
| #define REENTRANT 1
| #define _REENTRANT 1
| #define THREAD_SAFE 1
| #define _THREAD_SAFE 1
| #define THREADSAFE 1
| #define _THREADSAFE 1
| #define _SGI_MP_SOURCE 1
| #define LDAP_API_FEATURE_X_OPENLDAP_THREAD_SAFE 1
| #define HAVE_SEM_TIMEDWAIT 1
| #define SIZEOF_PTHREAD_T 8
| #define ISC_PLATFORM_USETHREADS 1
| #define HAVE_SIGWAIT 1
| #define HAVE_PTHREAD_ATTR_GETSTACKSIZE 1
| #define HAVE_PTHREAD_ATTR_SETSTACKSIZE 1
| #define HAVE_SYSCONF 1
| #define HAVE_LINUXTHREADS 1
| #define VSNPRINTF_PERCENT_M 1
| #define HAVE_SYS_CAPABILITY_H 1
| #define HAVE_SYS_PRCTL_H 1
| #define HAVE_LINUX_CAPABILITIES 1
| #define HAVE_DROPROOT 1
| #define HAVE_SYS_TYPES_H 1
| #define HAVE_NETINET_IN_H 1
| #define HAVE_ARPA_NAMESER_H 1
| #define HAVE_NETDB_H 1
| #define HAVE_RESOLV_H 1
| #define HAVE___RES_INIT 1
| #define HAVE_UINTPTR_T 1
| #define HAVE_STRUCT_TIMESPEC 1
| #define HAVE_STRUCT_NTPTIMEVAL 1
| #define HAVE_MD5_H 1
| #define HAVE_MD5INIT 1
| #define HAVE_SYSCONF 1
| #define HAVE_GETDTABLESIZE 1
| #define HAVE_SIGACTION 1
| #define HAVE_SIGSET 1
| #define HAVE_SETTIMEOFDAY 1
| #define HAVE_OPENSSL_CMAC_H 1
| #define ENABLE_CMAC 1
| #define OPENSSL /**/
| #define OPENSSL_SUPPRESS_DEPRECATED 1
| #define HAVE_EVP_MD_DO_ALL_SORTED 1
| #define HAVE_RAND_BYTES 1
| #define HAVE_RAND_POLL 1
| #define USE_OPENSSL_CRYPTO_RAND 1
| #define HAVE_DLFCN_H 1
| #define LT_OBJDIR ".libs/"
| #define HAVE_DIRENT_H 1
| #define HAVE_SYS_MMAN_H 1
| #define HAVE_SYS_PARAM_H 1
| #define HAVE_SYS_POLL_H 1
| #define HAVE_SYS_SELECT_H 1
| #define HAVE_SYS_SOCKET_H 1
| #define HAVE_SYS_TIME_H 1
| #define HAVE_SYS_UN_H 1
| #define HAVE_SYS_WAIT_H 1
| #define HAVE_DLFCN_H 1
| #define HAVE_ERRNO_H 1
| #define HAVE_FCNTL_H 1
| #define HAVE_LIBGEN_H 1
| #define HAVE_LIBINTL_H 1
| #define HAVE_MEMORY_H 1
| #define HAVE_NETINET_IN_H 1
| #define HAVE_SETJMP_H 1
| #define HAVE_STDBOOL_H 1
| #define HAVE_SYSEXITS_H 1
| #define HAVE_UNISTD_H 1
| #define HAVE_UTIME_H 1
| #define HAVE_STDARG_H 1
| #define HAVE_STRING_H 1
| #define HAVE_LIMITS_H 1
| #define HAVE_INTTYPES_H 1
| #define HAVE_WCHAR_H 1
| #define HAVE_WCHAR_T 1
| #define HAVE_WINT_T 1
| #define HAVE_INT8_T 1
| #define HAVE_UINT8_T 1
| #define HAVE_INT16_T 1
| #define HAVE_UINT16_T 1
| #define HAVE_INT32_T 1
| #define HAVE_UINT32_T 1
| #define HAVE_INTPTR_T 1
| #define HAVE_UINTPTR_T 1
| #define HAVE_PID_T 1
| #define HAVE_SIZE_T 1
| #define HAVE_PTRDIFF_T 1
| #define SIZEOF_CHAR_P 8
| #define SIZEOF_INT 4
| #define SIZEOF_LONG 8
| #define SIZEOF_SHORT 2
| #define HAVE_WORKING_VFORK 1
| #define HAVE_WORKING_FORK 1
| #define HAVE_MMAP 1
| #define HAVE_CANONICALIZE_FILE_NAME 1
| #define HAVE_SNPRINTF 1
| #define HAVE_STRDUP 1
| #define HAVE_STRCHR 1
| #define HAVE_STRRCHR 1
| #define HAVE_STRSIGNAL 1
| #define HAVE_FCHMOD 1
| #define HAVE_FSTAT 1
| #define HAVE_CHMOD 1
| #define POSIX_SHELL "/usr/bin/bash"
| #define REGEX_HEADER <regex.h>
| #define WITH_LIBREGEX 1
| #define HAVE_DEV_ZERO 1
| #define HAVE_REALPATH 1
| #define HAVE_STRFTIME 1
| #define FOPEN_BINARY_FLAG "b"
| #define FOPEN_TEXT_FLAG "t"
| #define HAVE_NETDB_H 1
| #define HAVE_STRING_H 1
| #define HAVE_STRINGS_H 1
| #define HAVE_SYSLOG_H 1
| #define HAVE_SYSEXITS_H 1
| #define HAVE__BOOL 1
| #define HAVE_STDBOOL_H 1
| #define HAVE_STRUCT_SOCKADDR_STORAGE 1
| #define GETSOCKNAME_SOCKLEN_TYPE socklen_t
| #define WANT_IPV6 1
| #define ISC_PLATFORM_HAVEIPV6 1
| #define ISC_PLATFORM_HAVEIN6PKTINFO 1
| #define ISC_PLATFORM_HAVESCOPEID 1
| /* end confdefs.h.  */
| 
| 		#include <sys/types.h>
| 		#include <net/if6.h>
| 
| int
| main (void)
| {
| 
| 		struct if_laddrconf a;
| 
| 
|   ;
|   return 0;
| }
configure:29845: result: no
configure:29855: checking for struct if_laddrreq
configure:29878: cc -c -march=x86-64 -mtune=generic -O2 -pipe -fno-plt -fexceptions         -Wp,-D_FORTIFY_SOURCE=3 -Wformat -Werror=format-security         -fstack-clash-protection -fcf-protection         -fno-omit-frame-pointer -mno-omit-leaf-frame-pointer -Wno-incompatible-pointer-types -g -ffile-prefix-map=/home/esteban/Escritorio/hack_the_box/machines/administrator/tools/ntpdate/src=/usr/src/debug/ntpdate -flto=auto  conftest.c >&5
conftest.c:229:26: fatal error: net/if6.h: No such file or directory
  229 |                 #include <net/if6.h>
      |                          ^~~~~~~~~~~
compilation terminated.
configure:29878: $? = 1
configure: failed program was:
| /* confdefs.h */
| #define PACKAGE_NAME "sntp"
| #define PACKAGE_TARNAME "sntp"
| #define PACKAGE_VERSION "4.2.8p18"
| #define PACKAGE_STRING "sntp 4.2.8p18"
| #define PACKAGE_BUGREPORT "https://bugs.ntp.org/"
| #define PACKAGE_URL "https://www.ntp.org/"
| #define PACKAGE "sntp"
| #define VERSION "4.2.8p18"
| #define STR_SYSTEM "x86_64-pc-linux-gnu"
| #define HAVE_STDIO_H 1
| #define HAVE_STDLIB_H 1
| #define HAVE_STRING_H 1
| #define HAVE_INTTYPES_H 1
| #define HAVE_STDINT_H 1
| #define HAVE_STRINGS_H 1
| #define HAVE_SYS_STAT_H 1
| #define HAVE_SYS_TYPES_H 1
| #define HAVE_UNISTD_H 1
| #define HAVE_WCHAR_H 1
| #define HAVE_STDARG_H 1
| #define STDC_HEADERS 1
| #define _ALL_SOURCE 1
| #define _DARWIN_C_SOURCE 1
| #define _GNU_SOURCE 1
| #define _HPUX_ALT_XOPEN_SOCKET_API 1
| #define _NETBSD_SOURCE 1
| #define _OPENBSD_SOURCE 1
| #define _POSIX_PTHREAD_SEMANTICS 1
| #define __STDC_WANT_IEC_60559_ATTRIBS_EXT__ 1
| #define __STDC_WANT_IEC_60559_BFP_EXT__ 1
| #define __STDC_WANT_IEC_60559_DFP_EXT__ 1
| #define __STDC_WANT_IEC_60559_EXT__ 1
| #define __STDC_WANT_IEC_60559_FUNCS_EXT__ 1
| #define __STDC_WANT_IEC_60559_TYPES_EXT__ 1
| #define __STDC_WANT_LIB_EXT2__ 1
| #define __STDC_WANT_MATH_SPEC_FUNCS__ 1
| #define _TANDEM_SOURCE 1
| #define __EXTENSIONS__ 1
| #define HAVE___ATTRIBUTE__ /**/
| #define HAVE_FORK 1
| #define HAVE_VFORK 1
| #define HAVE_VPRINTF 1
| #define HAVE_DECL_STRERROR_R 1
| #define HAVE_UNSIGNED_LONG_LONG_INT 1
| #define HAVE_VSNPRINTF 1
| #define HAVE_SNPRINTF 1
| #define DIR_SEP '/'
| #define HAVE_READLINE_READLINE_H 1
| #define HAVE_HISTEDIT_H 1
| #define HAVE_READLINE_HISTORY_H 1
| #define EL_INIT_ARGS 4
| #define HAVE_READLINE_HISTORY 1
| #define HAVE_WORKING_VFORK 1
| #define HAVE_WORKING_FORK 1
| #define HAVE_ALLOCA_H 1
| #define HAVE_ALLOCA 1
| #define HAVE_STRERROR_R 1
| #define STRERROR_R_CHAR_P 1
| #define HAVE_CLOCK_GETRES 1
| #define HAVE_CLOCK_GETTIME 1
| #define HAVE_CLOCK_SETTIME 1
| #define HAVE_TIMEGM 1
| #define HAVE_STRLCPY 1
| #define HAVE_STRLCAT 1
| #define HAVE_ERRNO_H 1
| #define HAVE_SYS_SOCKET_H 1
| #define HAVE_SYS_TYPES_H 1
| #define HAVE_TIME_H 1
| #define HAVE_NET_IF_H 1
| #define HAVE_LINUX_IF_ADDR_H 1
| #define NEED_EARLY_FORK 1
| #define HAVE_ARPA_NAMESER_H 1
| #define HAVE_SYS_PARAM_H 1
| #define HAVE_SYS_TIME_H 1
| #define HAVE_NETINET_IN_SYSTM_H 1
| #define HAVE_NETINET_IN_H 1
| #define HAVE_RESOLV_H 1
| #define HAVE_NETINET_IP_H 1
| #define HAVE_RECVMSG 1
| #define HAVE_INLINE 1
| #define SIZEOF_TIME_T 8
| #define SIZEOF_SIGNED_CHAR 1
| #define HAVE_LONG_LONG 1
| #define SIZEOF_SHORT 2
| #define SIZEOF_INT 4
| #define SIZEOF_LONG 8
| #define SIZEOF_LONG_LONG 8
| #define NEED_S_CHAR_TYPEDEF 1
| #define DEBUG 1
| #define HAVE_SEMAPHORE_H 1
| #define HAVE_SOCKETPAIR 1
| #define HAVE_PTHREAD_H 1
| #define HAVE_PTHREADS 10
| #define HAVE_SCHED_H 1
| #define HAVE_SCHED_YIELD 1
| #define HAVE_PTHREAD_KILL 1
| #define HAVE_PTHREAD_RWLOCK_DESTROY 1
| #define HAVE_PTHREAD_DETACH 1
| #define HAVE_PTHREAD_SETCONCURRENCY 1
| #define HAVE_PTHREAD_GETCONCURRENCY 1
| #define HAVE_YIELDING_SELECT 1
| #define REENTRANT 1
| #define _REENTRANT 1
| #define THREAD_SAFE 1
| #define _THREAD_SAFE 1
| #define THREADSAFE 1
| #define _THREADSAFE 1
| #define _SGI_MP_SOURCE 1
| #define LDAP_API_FEATURE_X_OPENLDAP_THREAD_SAFE 1
| #define HAVE_SEM_TIMEDWAIT 1
| #define SIZEOF_PTHREAD_T 8
| #define ISC_PLATFORM_USETHREADS 1
| #define HAVE_SIGWAIT 1
| #define HAVE_PTHREAD_ATTR_GETSTACKSIZE 1
| #define HAVE_PTHREAD_ATTR_SETSTACKSIZE 1
| #define HAVE_SYSCONF 1
| #define HAVE_LINUXTHREADS 1
| #define VSNPRINTF_PERCENT_M 1
| #define HAVE_SYS_CAPABILITY_H 1
| #define HAVE_SYS_PRCTL_H 1
| #define HAVE_LINUX_CAPABILITIES 1
| #define HAVE_DROPROOT 1
| #define HAVE_SYS_TYPES_H 1
| #define HAVE_NETINET_IN_H 1
| #define HAVE_ARPA_NAMESER_H 1
| #define HAVE_NETDB_H 1
| #define HAVE_RESOLV_H 1
| #define HAVE___RES_INIT 1
| #define HAVE_UINTPTR_T 1
| #define HAVE_STRUCT_TIMESPEC 1
| #define HAVE_STRUCT_NTPTIMEVAL 1
| #define HAVE_MD5_H 1
| #define HAVE_MD5INIT 1
| #define HAVE_SYSCONF 1
| #define HAVE_GETDTABLESIZE 1
| #define HAVE_SIGACTION 1
| #define HAVE_SIGSET 1
| #define HAVE_SETTIMEOFDAY 1
| #define HAVE_OPENSSL_CMAC_H 1
| #define ENABLE_CMAC 1
| #define OPENSSL /**/
| #define OPENSSL_SUPPRESS_DEPRECATED 1
| #define HAVE_EVP_MD_DO_ALL_SORTED 1
| #define HAVE_RAND_BYTES 1
| #define HAVE_RAND_POLL 1
| #define USE_OPENSSL_CRYPTO_RAND 1
| #define HAVE_DLFCN_H 1
| #define LT_OBJDIR ".libs/"
| #define HAVE_DIRENT_H 1
| #define HAVE_SYS_MMAN_H 1
| #define HAVE_SYS_PARAM_H 1
| #define HAVE_SYS_POLL_H 1
| #define HAVE_SYS_SELECT_H 1
| #define HAVE_SYS_SOCKET_H 1
| #define HAVE_SYS_TIME_H 1
| #define HAVE_SYS_UN_H 1
| #define HAVE_SYS_WAIT_H 1
| #define HAVE_DLFCN_H 1
| #define HAVE_ERRNO_H 1
| #define HAVE_FCNTL_H 1
| #define HAVE_LIBGEN_H 1
| #define HAVE_LIBINTL_H 1
| #define HAVE_MEMORY_H 1
| #define HAVE_NETINET_IN_H 1
| #define HAVE_SETJMP_H 1
| #define HAVE_STDBOOL_H 1
| #define HAVE_SYSEXITS_H 1
| #define HAVE_UNISTD_H 1
| #define HAVE_UTIME_H 1
| #define HAVE_STDARG_H 1
| #define HAVE_STRING_H 1
| #define HAVE_LIMITS_H 1
| #define HAVE_INTTYPES_H 1
| #define HAVE_WCHAR_H 1
| #define HAVE_WCHAR_T 1
| #define HAVE_WINT_T 1
| #define HAVE_INT8_T 1
| #define HAVE_UINT8_T 1
| #define HAVE_INT16_T 1
| #define HAVE_UINT16_T 1
| #define HAVE_INT32_T 1
| #define HAVE_UINT32_T 1
| #define HAVE_INTPTR_T 1
| #define HAVE_UINTPTR_T 1
| #define HAVE_PID_T 1
| #define HAVE_SIZE_T 1
| #define HAVE_PTRDIFF_T 1
| #define SIZEOF_CHAR_P 8
| #define SIZEOF_INT 4
| #define SIZEOF_LONG 8
| #define SIZEOF_SHORT 2
| #define HAVE_WORKING_VFORK 1
| #define HAVE_WORKING_FORK 1
| #define HAVE_MMAP 1
| #define HAVE_CANONICALIZE_FILE_NAME 1
| #define HAVE_SNPRINTF 1
| #define HAVE_STRDUP 1
| #define HAVE_STRCHR 1
| #define HAVE_STRRCHR 1
| #define HAVE_STRSIGNAL 1
| #define HAVE_FCHMOD 1
| #define HAVE_FSTAT 1
| #define HAVE_CHMOD 1
| #define POSIX_SHELL "/usr/bin/bash"
| #define REGEX_HEADER <regex.h>
| #define WITH_LIBREGEX 1
| #define HAVE_DEV_ZERO 1
| #define HAVE_REALPATH 1
| #define HAVE_STRFTIME 1
| #define FOPEN_BINARY_FLAG "b"
| #define FOPEN_TEXT_FLAG "t"
| #define HAVE_NETDB_H 1
| #define HAVE_STRING_H 1
| #define HAVE_STRINGS_H 1
| #define HAVE_SYSLOG_H 1
| #define HAVE_SYSEXITS_H 1
| #define HAVE__BOOL 1
| #define HAVE_STDBOOL_H 1
| #define HAVE_STRUCT_SOCKADDR_STORAGE 1
| #define GETSOCKNAME_SOCKLEN_TYPE socklen_t
| #define WANT_IPV6 1
| #define ISC_PLATFORM_HAVEIPV6 1
| #define ISC_PLATFORM_HAVEIN6PKTINFO 1
| #define ISC_PLATFORM_HAVESCOPEID 1
| /* end confdefs.h.  */
| 
| 		#include <sys/types.h>
| 		#include <net/if6.h>
| 
| int
| main (void)
| {
| 
| 		struct if_laddrreq a;
| 
| 
|   ;
|   return 0;
| }
configure:29890: result: no
configure:29900: checking for multicast IP support
configure:29931: cc -c -march=x86-64 -mtune=generic -O2 -pipe -fno-plt -fexceptions         -Wp,-D_FORTIFY_SOURCE=3 -Wformat -Werror=format-security         -fstack-clash-protection -fcf-protection         -fno-omit-frame-pointer -mno-omit-leaf-frame-pointer -Wno-incompatible-pointer-types -g -ffile-prefix-map=/home/esteban/Escritorio/hack_the_box/machines/administrator/tools/ntpdate/src=/usr/src/debug/ntpdate -flto=auto  conftest.c >&5
configure:29931: $? = 0
configure:29942: result: yes
configure:29949: checking arg type needed for setsockopt() IP*_MULTICAST_LOOP
configure:29968: result: u_int
configure:29997: checking for getifaddrs
configure:29997: cc -o conftest -march=x86-64 -mtune=generic -O2 -pipe -fno-plt -fexceptions         -Wp,-D_FORTIFY_SOURCE=3 -Wformat -Werror=format-security         -fstack-clash-protection -fcf-protection         -fno-omit-frame-pointer -mno-omit-leaf-frame-pointer -Wno-incompatible-pointer-types -g -ffile-prefix-map=/home/esteban/Escritorio/hack_the_box/machines/administrator/tools/ntpdate/src=/usr/src/debug/ntpdate -flto=auto  -Wl,-O1 -Wl,--sort-common -Wl,--as-needed -Wl,-z,relro -Wl,-z,now          -Wl,-z,pack-relative-relocs -flto=auto conftest.c -Wl,--gc-sections -lmd  -lcap  >&5
configure:29997: $? = 0
configure:29997: result: yes
configure:30084: checking for if_nametoindex
configure:30084: cc -o conftest -march=x86-64 -mtune=generic -O2 -pipe -fno-plt -fexceptions         -Wp,-D_FORTIFY_SOURCE=3 -Wformat -Werror=format-security         -fstack-clash-protection -fcf-protection         -fno-omit-frame-pointer -mno-omit-leaf-frame-pointer -Wno-incompatible-pointer-types -g -ffile-prefix-map=/home/esteban/Escritorio/hack_the_box/machines/administrator/tools/ntpdate/src=/usr/src/debug/ntpdate -flto=auto  -Wl,-O1 -Wl,--sort-common -Wl,--as-needed -Wl,-z,relro -Wl,-z,now          -Wl,-z,pack-relative-relocs -flto=auto conftest.c -Wl,--gc-sections -lmd  -lcap  >&5
configure:30084: $? = 0
configure:30084: result: yes
configure:30114: checking for socket
configure:30114: cc -o conftest -march=x86-64 -mtune=generic -O2 -pipe -fno-plt -fexceptions         -Wp,-D_FORTIFY_SOURCE=3 -Wformat -Werror=format-security         -fstack-clash-protection -fcf-protection         -fno-omit-frame-pointer -mno-omit-leaf-frame-pointer -Wno-incompatible-pointer-types -g -ffile-prefix-map=/home/esteban/Escritorio/hack_the_box/machines/administrator/tools/ntpdate/src=/usr/src/debug/ntpdate -flto=auto  -Wl,-O1 -Wl,--sort-common -Wl,--as-needed -Wl,-z,relro -Wl,-z,now          -Wl,-z,pack-relative-relocs -flto=auto conftest.c  >&5
configure:30114: $? = 0
configure:30114: result: yes
configure:30127: checking for ruby
configure:30150: found /usr/bin/ruby
configure:30163: result: /usr/bin/ruby
configure:30196: checking if we want to enable tests with undiagnosed problems
configure:30208: result: yes
configure:30211: checking if we can run test-kodDatabase
configure:30218: result: yes
configure:30229: checking if we can run test-kodFile
configure:30236: result: yes
configure:30376: checking that generated files are newer than configure
configure:30382: result: done
configure:30474: creating ./config.status

## ---------------- ##
## Cache variables. ##
## ---------------- ##

ac_cv_build=x86_64-pc-linux-gnu
ac_cv_c_bigendian=no
ac_cv_c_char_unsigned=no
ac_cv_c_compiler_gnu=yes
ac_cv_c_inline=inline
ac_cv_c_undeclared_builtin_options='none needed'
ac_cv_c_volatile=yes
ac_cv_env_CC_set=
ac_cv_env_CC_value=
ac_cv_env_CFLAGS_set=set
ac_cv_env_CFLAGS_value='-march=x86-64 -mtune=generic -O2 -pipe -fno-plt -fexceptions         -Wp,-D_FORTIFY_SOURCE=3 -Wformat -Werror=format-security         -fstack-clash-protection -fcf-protection         -fno-omit-frame-pointer -mno-omit-leaf-frame-pointer -Wno-incompatible-pointer-types -g -ffile-prefix-map=/home/esteban/Escritorio/hack_the_box/machines/administrator/tools/ntpdate/src=/usr/src/debug/ntpdate -flto=auto'
ac_cv_env_CPPFLAGS_set=
ac_cv_env_CPPFLAGS_value=
ac_cv_env_CPP_set=
ac_cv_env_CPP_value=
ac_cv_env_LDFLAGS_set=set
ac_cv_env_LDFLAGS_value='-Wl,-O1 -Wl,--sort-common -Wl,--as-needed -Wl,-z,relro -Wl,-z,now          -Wl,-z,pack-relative-relocs -flto=auto'
ac_cv_env_LIBS_set=
ac_cv_env_LIBS_value=
ac_cv_env_LT_SYS_LIBRARY_PATH_set=
ac_cv_env_LT_SYS_LIBRARY_PATH_value=
ac_cv_env_build_alias_set=
ac_cv_env_build_alias_value=
ac_cv_env_host_alias_set=
ac_cv_env_host_alias_value=
ac_cv_env_target_alias_set=
ac_cv_env_target_alias_value=
ac_cv_func_EVP_MD_do_all_sorted=yes
ac_cv_func_MD5Init=yes
ac_cv_func_RAND_bytes=yes
ac_cv_func_RAND_poll=yes
ac_cv_func___res_init=yes
ac_cv_func__beginthread=no
ac_cv_func_alloca_works=yes
ac_cv_func_canonicalize_file_name=yes
ac_cv_func_chmod=yes
ac_cv_func_clock_getres=yes
ac_cv_func_clock_gettime=yes
ac_cv_func_clock_settime=yes
ac_cv_func_fchmod=yes
ac_cv_func_fork=yes
ac_cv_func_fork_works=yes
ac_cv_func_fstat=yes
ac_cv_func_getclock=no
ac_cv_func_getdtablesize=yes
ac_cv_func_getifaddrs=yes
ac_cv_func_if_nametoindex=yes
ac_cv_func_inet_ntop=yes
ac_cv_func_inet_pton=yes
ac_cv_func_mmap=yes
ac_cv_func_pthread_attr_getstacksize=yes
ac_cv_func_pthread_attr_setstacksize=yes
ac_cv_func_pthread_getconcurrency=yes
ac_cv_func_pthread_kill=yes
ac_cv_func_pthread_kill_other_threads_np=no
ac_cv_func_pthread_setconcurrency=yes
ac_cv_func_pthread_yield=no
ac_cv_func_recvmsg=yes
ac_cv_func_res_init=no
ac_cv_func_sched_yield=yes
ac_cv_func_sem_timedwait=yes
ac_cv_func_settimeofday=yes
ac_cv_func_sigaction=yes
ac_cv_func_sigset=yes
ac_cv_func_sigvec=no
ac_cv_func_sigwait=yes
ac_cv_func_snprintf=yes
ac_cv_func_socket=yes
ac_cv_func_socketpair=yes
ac_cv_func_stime=no
ac_cv_func_strchr=yes
ac_cv_func_strdup=yes
ac_cv_func_strerror_r_char_p=yes
ac_cv_func_strlcat=yes
ac_cv_func_strlcpy=yes
ac_cv_func_strrchr=yes
ac_cv_func_strsignal=yes
ac_cv_func_sysconf=yes
ac_cv_func_thr_getconcurrency=no
ac_cv_func_thr_setconcurrency=no
ac_cv_func_thr_yield=no
ac_cv_func_timegm=yes
ac_cv_func_vfork=yes
ac_cv_func_vfork_works=yes
ac_cv_func_vprintf=yes
ac_cv_func_vsnprintf=yes
ac_cv_have_decl_strerror_r=yes
ac_cv_header_arpa_nameser_h=yes
ac_cv_header_dirent_dirent_h=yes
ac_cv_header_dlfcn_h=yes
ac_cv_header_errno_h=yes
ac_cv_header_fcntl_h=yes
ac_cv_header_histedit_h=yes
ac_cv_header_history_h=no
ac_cv_header_inttypes_h=yes
ac_cv_header_libgen_h=yes
ac_cv_header_libintl_h=yes
ac_cv_header_limits_h=yes
ac_cv_header_linux_if_addr_h=yes
ac_cv_header_md5_h=yes
ac_cv_header_memory_h=yes
ac_cv_header_minix_config_h=no
ac_cv_header_net_if_h=yes
ac_cv_header_net_if_var_h=no
ac_cv_header_netdb_h=yes
ac_cv_header_netinet_in_h=yes
ac_cv_header_netinet_in_system_h=no
ac_cv_header_netinet_in_systm_h=yes
ac_cv_header_netinet_in_var_h=no
ac_cv_header_netinet_ip_h=yes
ac_cv_header_openssl_cmac_h=yes
ac_cv_header_openssl_evp_h=yes
ac_cv_header_priv_h=no
ac_cv_header_pthread_h=yes
ac_cv_header_readline_h=no
ac_cv_header_readline_history_h=yes
ac_cv_header_readline_readline_h=yes
ac_cv_header_resolv_h=yes
ac_cv_header_runetype_h=no
ac_cv_header_sched_h=yes
ac_cv_header_semaphore_h=yes
ac_cv_header_setjmp_h=yes
ac_cv_header_stdarg_h=yes
ac_cv_header_stdbool_h=yes
ac_cv_header_stdint_h=yes
ac_cv_header_stdio_h=yes
ac_cv_header_stdlib_h=yes
ac_cv_header_string_h=yes
ac_cv_header_strings_h=yes
ac_cv_header_sys_capability_h=yes
ac_cv_header_sys_clockctl_h=no
ac_cv_header_sys_mac_h=no
ac_cv_header_sys_mman_h=yes
ac_cv_header_sys_param_h=yes
ac_cv_header_sys_poll_h=yes
ac_cv_header_sys_prctl_h=yes
ac_cv_header_sys_procset_h=no
ac_cv_header_sys_select_h=yes
ac_cv_header_sys_socket_h=yes
ac_cv_header_sys_stat_h=yes
ac_cv_header_sys_stropts_h=no
ac_cv_header_sys_sysctl_h=no
ac_cv_header_sys_time_h=yes
ac_cv_header_sys_timepps_h=no
ac_cv_header_sys_timers_h=no
ac_cv_header_sys_types_h=yes
ac_cv_header_sys_un_h=yes
ac_cv_header_sys_wait_h=yes
ac_cv_header_sysexits_h=yes
ac_cv_header_syslog_h=yes
ac_cv_header_time_h=yes
ac_cv_header_unistd_h=yes
ac_cv_header_utime_h=yes
ac_cv_header_vfork_h=no
ac_cv_header_wchar_h=yes
ac_cv_host=x86_64-pc-linux-gnu
ac_cv_lib_gen_pathfind=no
ac_cv_lib_intl_gettext=no
ac_cv_objext=o
ac_cv_path_EGREP='/usr/bin/grep -E'
ac_cv_path_EGREP_TRADITIONAL='/usr/bin/grep -E'
ac_cv_path_FGREP='/usr/bin/grep -F'
ac_cv_path_GREP=/usr/bin/grep
ac_cv_path_PATH_OPENSSL=/usr/bin/openssl
ac_cv_path_PATH_RUBY=/usr/bin/ruby
ac_cv_path_SED=/usr/bin/sed
ac_cv_path_install='/usr/bin/install -c'
ac_cv_path_lt_DD=/usr/bin/dd
ac_cv_path_mkdir=/usr/bin/mkdir
ac_cv_prog_AWK=gawk
ac_cv_prog_CPP='cc -E'
ac_cv_prog_FILECMD=file
ac_cv_prog_ac_ct_AR=ar
ac_cv_prog_ac_ct_CC=cc
ac_cv_prog_ac_ct_OBJDUMP=objdump
ac_cv_prog_ac_ct_RANLIB=ranlib
ac_cv_prog_ac_ct_STRIP=strip
ac_cv_prog_cc_c11=
ac_cv_prog_cc_g=yes
ac_cv_prog_cc_stdc=
ac_cv_prog_make_make_set=yes
ac_cv_safe_to_define___extensions__=yes
ac_cv_search_MD5Init=-lmd
ac_cv_search_clock_gettime='none required'
ac_cv_search_cos=-lm
ac_cv_search_inet_ntop='none required'
ac_cv_search_inet_pton='none required'
ac_cv_search_opendir='none required'
ac_cv_search_openlog='none required'
ac_cv_search_res_init=no
ac_cv_search_setsockopt='none required'
ac_cv_search_snprintb=no
ac_cv_should_define__xopen_source=no
ac_cv_sizeof_char_p=8
ac_cv_sizeof_int=4
ac_cv_sizeof_long=8
ac_cv_sizeof_long_long=8
ac_cv_sizeof_pthread_t=8
ac_cv_sizeof_short=2
ac_cv_sizeof_signed_char=1
ac_cv_sizeof_time_t=8
ac_cv_type__Bool=yes
ac_cv_type_gid_t=yes
ac_cv_type_int16_t=yes
ac_cv_type_int32=no
ac_cv_type_int32_t=yes
ac_cv_type_int8_t=yes
ac_cv_type_intptr_t=yes
ac_cv_type_long_long=yes
ac_cv_type_pid_t=yes
ac_cv_type_ptrdiff_t=yes
ac_cv_type_s_char=no
ac_cv_type_size_t=yes
ac_cv_type_u_int32=no
ac_cv_type_uid_t=yes
ac_cv_type_uint16_t=yes
ac_cv_type_uint32_t=yes
ac_cv_type_uint8_t=yes
ac_cv_type_uint_t=no
ac_cv_type_uintptr_t=yes
ac_cv_type_unsigned_long_long_int=yes
ac_cv_type_wchar_t=yes
ac_cv_type_wint_t=yes
ac_cv_working_alloca_h=yes
am_cv_CC_dependencies_compiler_type=gcc3
am_cv_ar_interface=ar
am_cv_filesystem_timestamp_resolution=0.01
am_cv_make_support_nested_variables=yes
am_cv_prog_cc_c_o=yes
am_cv_prog_tar_ustar=gnutar
am_cv_sleep_fractional_seconds=yes
am_cv_xargs_n_works=yes
gl_cv_header_working_stdnoreturn_h=yes
hw_cv_func_snprintf=yes
hw_cv_func_snprintf_c99=yes
hw_cv_func_vsnprintf=yes
hw_cv_func_vsnprintf_c99=yes
isc_cv_found_ipv6=yes
isc_cv_have_in6_pktinfo=yes
isc_cv_have_in_port_t=yes
isc_cv_have_sin6_scope_id=yes
isc_cv_in6addr_any_links=yes
isc_cv_platform_havesalen=no
isc_cv_struct_if_laddrconf=no
isc_cv_struct_if_laddrreq=no
libopts_cv_enable_optional_args=yes
libopts_cv_run_fopen_binary=yes
libopts_cv_run_fopen_text=yes
libopts_cv_run_pathfind=no
libopts_cv_run_realpath=yes
libopts_cv_run_strftime=yes
libopts_cv_test_dev_zero='crw-rw-rw- 1 root root 1, 5 Nov 9 18:27 /dev/zero'
libopts_cv_with_libregex=yes
libopts_cv_with_libregex_cflags=
libopts_cv_with_libregex_libs=
libopts_cv_with_libregex_root=no
libopts_cv_with_regex_header=no
lt_cv_ar_at_file=@
lt_cv_deplibs_check_method=pass_all
lt_cv_file_magic_cmd='$MAGIC_CMD'
lt_cv_file_magic_test_file=
lt_cv_ld_reload_flag=-r
lt_cv_nm_interface='BSD nm'
lt_cv_objdir=.libs
lt_cv_path_LD=/usr/bin/ld
lt_cv_path_NM='/usr/bin/nm -B'
lt_cv_path_manifest_tool=no
lt_cv_prog_compiler_c_o=yes
lt_cv_prog_compiler_pic='-fPIC -DPIC'
lt_cv_prog_compiler_pic_works=yes
lt_cv_prog_compiler_rtti_exceptions=no
lt_cv_prog_compiler_static_works=yes
lt_cv_prog_gnu_ld=yes
lt_cv_sharedlib_from_linklib_cmd='printf %s\n'
lt_cv_shlibpath_overrides_runpath=yes
lt_cv_sys_global_symbol_pipe='/usr/bin/sed -n -e '\''s/^.*[	 ]\([ABCDGIRSTW][ABCDGIRSTW]*\)[	 ][	 ]*\([_A-Za-z][_A-Za-z0-9]*\)$/\1 \2 \2/p'\'' | /usr/bin/sed '\''/ __gnu_lto/d'\'''
lt_cv_sys_global_symbol_to_c_name_address='/usr/bin/sed -n -e '\''s/^: \(.*\) .*$/  {"\1", (void *) 0},/p'\'' -e '\''s/^[ABCDGIRSTW][ABCDGIRSTW]* .* \([a-zA-Z_][a-zA-Z0-9_]*\)$/  {"\1", (void *) \&\1},/p'\'''
lt_cv_sys_global_symbol_to_c_name_address_lib_prefix='/usr/bin/sed -n -e '\''s/^: \(.*\) .*$/  {"\1", (void *) 0},/p'\'' -e '\''s/^[ABCDGIRSTW][ABCDGIRSTW]* .* \(lib[a-zA-Z_][a-zA-Z0-9_]*\)$/  {"\1", (void *) \&\1},/p'\'' -e '\''s/^[ABCDGIRSTW][ABCDGIRSTW]* .* \([a-zA-Z_][a-zA-Z0-9_]*\)$/  {"lib\1", (void *) \&\1},/p'\'''
lt_cv_sys_global_symbol_to_cdecl='/usr/bin/sed -n -e '\''s/^T .* \([a-zA-Z_][a-zA-Z0-9_]*\)$/extern int \1();/p'\'' -e '\''s/^[ABCDGIRSTW][ABCDGIRSTW]* .* \([a-zA-Z_][a-zA-Z0-9_]*\)$/extern char \1;/p'\'''
lt_cv_sys_global_symbol_to_import=
lt_cv_sys_max_cmd_len=1572864
lt_cv_to_host_file_cmd=func_convert_file_noop
lt_cv_to_tool_file_cmd=func_convert_file_noop
lt_cv_truncate_bin='/usr/bin/dd bs=4096 count=1'
ntp_cv_cc_attribute=yes
ntp_cv_cpp_warning=yes
ntp_cv_dir_sep=''\''/'\'''
ntp_cv_el_init_args=4
ntp_cv_func_Xettimeofday_nargs=2
ntp_cv_gc_sections_runs=yes
ntp_cv_gcc_Winit_self=yes
ntp_cv_gcc_Wno_format=yes
ntp_cv_gcc_Wno_format_truncation=yes
ntp_cv_gcc_Wstrict_overflow=yes
ntp_cv_gcc_supports_Werror=yes
ntp_cv_getsockname_socklen_type=socklen_t
ntp_cv_have___ss_family=no
ntp_cv_hdr_def_sigio=yes
ntp_cv_hdr_def_sigpoll=yes
ntp_cv_multicast=yes
ntp_cv_sntp_cache_version=20240218
ntp_cv_sockaddr_storage=yes
ntp_cv_struct_ntptimeval=yes
ntp_cv_struct_timespec=yes
ntp_cv_typeof_ip_multicast_loop=u_int
ntp_cv_vsnprintf_percent_m=yes
ol_cv_errno_thread_specific=yes
ol_cv_func_pthread_detach=yes
ol_cv_func_pthread_rwlock_destroy=yes
ol_cv_h_errno_thread_specific=yes
ol_cv_header_gnu_pth_pthread_h=no
ol_cv_header_linux_threads=no
ol_cv_linux_threads=no
ol_cv_pthread_create=yes
ol_cv_pthread_create_works=yes
ol_cv_pthread_select_yields=yes
ol_cv_pthread_version=10
ol_cv_sys_linux_threads=no

## ----------------- ##
## Output variables. ##
## ----------------- ##

ACLOCAL='${SHELL} '\''/home/esteban/Escritorio/hack_the_box/machines/administrator/tools/ntpdate/src/ntp-4.2.8p18/sntp/libevent/build-aux/missing'\'' aclocal-1.18'
ALLOCA=''
AMDEPBACKSLASH='\'
AMDEP_FALSE='#'
AMDEP_TRUE=''
AMTAR='$${TAR-tar}'
AM_BACKSLASH='\'
AM_DEFAULT_V='$(AM_DEFAULT_VERBOSITY)'
AM_DEFAULT_VERBOSITY='0'
AM_V='$(V)'
AR='ar'
AUTOCONF='${SHELL} '\''/home/esteban/Escritorio/hack_the_box/machines/administrator/tools/ntpdate/src/ntp-4.2.8p18/sntp/libevent/build-aux/missing'\'' autoconf'
AUTOHEADER='${SHELL} '\''/home/esteban/Escritorio/hack_the_box/machines/administrator/tools/ntpdate/src/ntp-4.2.8p18/sntp/libevent/build-aux/missing'\'' autoheader'
AUTOMAKE='${SHELL} '\''/home/esteban/Escritorio/hack_the_box/machines/administrator/tools/ntpdate/src/ntp-4.2.8p18/sntp/libevent/build-aux/missing'\'' automake-1.18'
AWK='gawk'
BUILD_LIBEVENT_FALSE=''
BUILD_LIBEVENT_TRUE='#'
BUILD_SNTP_FALSE='#'
BUILD_SNTP_TRUE=''
BUILD_TEST_KODDATABASE_FALSE='#'
BUILD_TEST_KODDATABASE_TRUE=''
BUILD_TEST_KODFILE_FALSE='#'
BUILD_TEST_KODFILE_TRUE=''
BUILD_THREAD='yes'
CALC_TICKADJ_DB='calc_tickadj'
CALC_TICKADJ_DL=''
CALC_TICKADJ_DS=''
CALC_TICKADJ_MS='1'
CALC_TICKADJ_NI=''
CC='cc'
CCDEPMODE='depmode=gcc3'
CC_NOFORMAT='-Wno-format -Wno-format-security'
CFLAGS='-march=x86-64 -mtune=generic -O2 -pipe -fno-plt -fexceptions         -Wp,-D_FORTIFY_SOURCE=3 -Wformat -Werror=format-security         -fstack-clash-protection -fcf-protection         -fno-omit-frame-pointer -mno-omit-leaf-frame-pointer -Wno-incompatible-pointer-types -g -ffile-prefix-map=/home/esteban/Escritorio/hack_the_box/machines/administrator/tools/ntpdate/src=/usr/src/debug/ntpdate -flto=auto'
CFLAGS_LIBEVENT=''
CFLAGS_NTP=' -ffunction-sections -fdata-sections -Wall -Wcast-align -Wcast-qual -Wmissing-prototypes -Wpointer-arith -Wshadow -Winit-self -Wstrict-overflow -Wno-format-truncation    -Wstrict-prototypes'
CPP='cc -E'
CPPFLAGS=''
CPPFLAGS_LIBEVENT=''
CPPFLAGS_NTP=' '
CSCOPE='cscope'
CTAGS='ctags'
CYGPATH_W='echo'
DEFS='-DHAVE_CONFIG_H'
DEPDIR='.deps'
DLLTOOL='false'
DSYMUTIL=''
DUMPBIN=''
ECHO_C=''
ECHO_N='-n'
ECHO_T=''
EDITLINE_LIBS='-ledit'
EGREP='/usr/bin/grep -E'
ETAGS='etags'
EXEEXT=''
FGREP='/usr/bin/grep -F'
FILECMD='file'
GL_GENERATE_STDNORETURN_H_FALSE=''
GL_GENERATE_STDNORETURN_H_TRUE='#'
GREP='/usr/bin/grep'
HAVE_INLINE=''
INSTALL_DATA='${INSTALL} -m 644'
INSTALL_LIBOPTS_FALSE=''
INSTALL_LIBOPTS_TRUE='#'
INSTALL_NTPSWEEP_FALSE=''
INSTALL_NTPSWEEP_TRUE='#'
INSTALL_PROGRAM='${INSTALL}'
INSTALL_SCRIPT='${INSTALL}'
INSTALL_STRIP_PROGRAM='$(install_sh) -c -s'
INSTALL_UPDATE_LEAP_FALSE='#'
INSTALL_UPDATE_LEAP_TRUE=''
LD='/usr/bin/ld -m elf_x86_64'
LDADD_LIBEVENT=' -levent_pthreads -levent_core'
LDADD_LIBNTP='-Wl,--gc-sections -lmd  -lcap'
LDADD_LIBUTIL=''
LDADD_NTP=' -lssl -lcrypto '
LDFLAGS='-Wl,-O1 -Wl,--sort-common -Wl,--as-needed -Wl,-z,relro -Wl,-z,now          -Wl,-z,pack-relative-relocs -flto=auto'
LDFLAGS_NTP='  '
LIBISC_PTHREADS_NOTHREADS='pthreads'
LIBM='-lm'
LIBNTP_SUBMAKES_FALSE=''
LIBNTP_SUBMAKES_TRUE='#'
LIBOBJS=''
LIBOPTS_CFLAGS='-I$(top_srcdir)/libopts'
LIBOPTS_DIR='libopts'
LIBOPTS_LDADD='$(top_builddir)/libopts/libopts.la'
LIBS=''
LIBTOOL='$(SHELL) $(top_builddir)/libtool'
LIBTOOL_DEPS='./libevent/build-aux//ltmain.sh'
LIB_SYSLOG=''
LIPO=''
LN_S='ln -s'
LTHREAD_LIBS=' '
LTLIBOBJS=''
LT_SYS_LIBRARY_PATH=''
MAKEINFO='${SHELL} '\''/home/esteban/Escritorio/hack_the_box/machines/administrator/tools/ntpdate/src/ntp-4.2.8p18/sntp/libevent/build-aux/missing'\'' makeinfo'
MANIFEST_TOOL=':'
MANTAGFMT='man'
MKDIR_P='/usr/bin/mkdir -p'
NEED_LIBOPTS_FALSE='#'
NEED_LIBOPTS_TRUE=''
NM='/usr/bin/nm -B'
NMEDIT=''
NTPDATE_DB='ntpdate'
NTPDATE_DL=''
NTPDATE_DS=''
NTPDATE_MS='1'
NTPDATE_NI=''
NTPDC_DB='ntpdc'
NTPDC_DL=''
NTPDC_DS=''
NTPDC_MS='1'
NTPDC_NI=''
NTPDSIM_DB='ntpdsim'
NTPDSIM_DL=''
NTPDSIM_DS=''
NTPDSIM_MS='1'
NTPDSIM_NI=''
NTPD_DB='ntpd'
NTPD_DL=''
NTPD_DS=''
NTPD_MS='1'
NTPD_NI=''
NTPQ_DB='ntpq'
NTPQ_DL=''
NTPQ_DS=''
NTPQ_MS='1'
NTPQ_NI=''
NTPSNMPD_DB='ntpsnmpd'
NTPSNMPD_DL=''
NTPSNMPD_DS=''
NTPSNMPD_MS='1'
NTPSNMPD_NI=''
NTPSWEEP_DB=''
NTPSWEEP_DL=''
NTPSWEEP_DS=''
NTPSWEEP_MS='1'
NTPSWEEP_NI='ntpsweep'
NTPTIME_DB='ntptime'
NTPTIME_DL=''
NTPTIME_DS=''
NTPTIME_MS='1'
NTPTIME_NI=''
NTPTRACE_DB='ntptrace'
NTPTRACE_DL=''
NTPTRACE_DS=''
NTPTRACE_MS='1'
NTPTRACE_NI=''
NTP_CROSSCOMPILE_FALSE=''
NTP_CROSSCOMPILE_TRUE='#'
NTP_FORCE_LIBEVENT_DIST='libevent'
NTP_HARD_CFLAGS='-fPIE -fPIC -fstack-protector-all -O1'
NTP_HARD_CPPFLAGS='-D_FORTIFY_SOURCE=2'
NTP_HARD_LDFLAGS='-pie -Wl,-z,relro -Wl,-z,now'
NTP_KEYGEN_DB='ntp-keygen'
NTP_KEYGEN_DL=''
NTP_KEYGEN_DS=''
NTP_KEYGEN_MS='1'
NTP_KEYGEN_NI=''
NTP_WAIT_DB='ntp-wait'
NTP_WAIT_DL=''
NTP_WAIT_DS=''
NTP_WAIT_MS='1'
NTP_WAIT_NI=''
OBJDUMP='objdump'
OBJEXT='o'
OTOOL64=''
OTOOL=''
PACKAGE='sntp'
PACKAGE_BUGREPORT='https://bugs.ntp.org/'
PACKAGE_NAME='sntp'
PACKAGE_STRING='sntp 4.2.8p18'
PACKAGE_TARNAME='sntp'
PACKAGE_URL='https://www.ntp.org/'
PACKAGE_VERSION='4.2.8p18'
PATH_OPENSSL='/usr/bin/openssl'
PATH_RUBY='/usr/bin/ruby'
PATH_SEPARATOR=':'
PKG_CONFIG='/usr/bin/pkg-config'
POSIX_SHELL='/usr/bin/bash'
PTHREADS_FALSE='#'
PTHREADS_TRUE=''
PTHREAD_LIBS=' '
RANLIB='ranlib'
SED='/usr/bin/sed'
SET_MAKE=''
SHELL='/bin/sh'
SNTP='sntp'
SNTP_DB='sntp'
SNTP_DL=''
SNTP_DS=''
SNTP_MS='1'
SNTP_NI=''
STDNORETURN_H=''
STRIP='strip'
TICKADJ_DB='tickadj'
TICKADJ_DL=''
TICKADJ_DS=''
TICKADJ_MS='1'
TICKADJ_NI=''
TIMETRIM_DB='timetrim'
TIMETRIM_DL=''
TIMETRIM_DS=''
TIMETRIM_MS='1'
TIMETRIM_NI=''
UNITYBUILD_AVAILABLE_FALSE='#'
UNITYBUILD_AVAILABLE_TRUE=''
UPDATE_LEAP_DB='update-leap'
UPDATE_LEAP_DL=''
UPDATE_LEAP_DS=''
UPDATE_LEAP_MS='1'
UPDATE_LEAP_NI=''
VERSION='4.2.8p18'
VER_SUFFIX='o'
WANT_CALC_TICKADJ_MS_FALSE='#'
WANT_CALC_TICKADJ_MS_TRUE=''
ac_ct_AR='ar'
ac_ct_CC='cc'
ac_ct_DUMPBIN=''
am__EXEEXT_FALSE=''
am__EXEEXT_TRUE='#'
am__fastdepCC_FALSE='#'
am__fastdepCC_TRUE=''
am__include='include'
am__isrc=''
am__leading_dot='.'
am__nodep='_no'
am__quote=''
am__rm_f_notfound=''
am__tar='tar --format=ustar -chf - "$$tardir"'
am__untar='tar -xf -'
am__xargs_n='xargs -n'
bindir='${exec_prefix}/bin'
build='x86_64-pc-linux-gnu'
build_alias=''
build_cpu='x86_64'
build_os='linux-gnu'
build_vendor='pc'
datadir='${datarootdir}'
datarootdir='${prefix}/share'
docdir='${datarootdir}/doc/${PACKAGE_TARNAME}'
dvidir='${docdir}'
exec_prefix='${prefix}'
host='x86_64-pc-linux-gnu'
host_alias=''
host_cpu='x86_64'
host_os='linux-gnu'
host_vendor='pc'
htmldir='${docdir}'
includedir='${prefix}/include'
infodir='${datarootdir}/info'
install_sh='${SHELL} /home/esteban/Escritorio/hack_the_box/machines/administrator/tools/ntpdate/src/ntp-4.2.8p18/sntp/libevent/build-aux/install-sh'
libdir='${exec_prefix}/lib'
libexecdir='/usr/lib'
localedir='${datarootdir}/locale'
localstatedir='${prefix}/var'
mandir='${datarootdir}/man'
mkdir_p='$(MKDIR_P)'
oldincludedir='/usr/include'
pdfdir='${docdir}'
prefix='/usr'
program_transform_name='s,x,x,'
psdir='${docdir}'
runstatedir='${localstatedir}/run'
sbindir='${exec_prefix}/sbin'
sharedstatedir='${prefix}/com'
subdirs=''
sysconfdir='${prefix}/etc'
target_alias=''

## ----------- ##
## confdefs.h. ##
## ----------- ##

/* confdefs.h */
#define PACKAGE_NAME "sntp"
#define PACKAGE_TARNAME "sntp"
#define PACKAGE_VERSION "4.2.8p18"
#define PACKAGE_STRING "sntp 4.2.8p18"
#define PACKAGE_BUGREPORT "https://bugs.ntp.org/"
#define PACKAGE_URL "https://www.ntp.org/"
#define PACKAGE "sntp"
#define VERSION "4.2.8p18"
#define STR_SYSTEM "x86_64-pc-linux-gnu"
#define HAVE_STDIO_H 1
#define HAVE_STDLIB_H 1
#define HAVE_STRING_H 1
#define HAVE_INTTYPES_H 1
#define HAVE_STDINT_H 1
#define HAVE_STRINGS_H 1
#define HAVE_SYS_STAT_H 1
#define HAVE_SYS_TYPES_H 1
#define HAVE_UNISTD_H 1
#define HAVE_WCHAR_H 1
#define HAVE_STDARG_H 1
#define STDC_HEADERS 1
#define _ALL_SOURCE 1
#define _DARWIN_C_SOURCE 1
#define _GNU_SOURCE 1
#define _HPUX_ALT_XOPEN_SOCKET_API 1
#define _NETBSD_SOURCE 1
#define _OPENBSD_SOURCE 1
#define _POSIX_PTHREAD_SEMANTICS 1
#define __STDC_WANT_IEC_60559_ATTRIBS_EXT__ 1
#define __STDC_WANT_IEC_60559_BFP_EXT__ 1
#define __STDC_WANT_IEC_60559_DFP_EXT__ 1
#define __STDC_WANT_IEC_60559_EXT__ 1
#define __STDC_WANT_IEC_60559_FUNCS_EXT__ 1
#define __STDC_WANT_IEC_60559_TYPES_EXT__ 1
#define __STDC_WANT_LIB_EXT2__ 1
#define __STDC_WANT_MATH_SPEC_FUNCS__ 1
#define _TANDEM_SOURCE 1
#define __EXTENSIONS__ 1
#define HAVE___ATTRIBUTE__ /**/
#define HAVE_FORK 1
#define HAVE_VFORK 1
#define HAVE_VPRINTF 1
#define HAVE_DECL_STRERROR_R 1
#define HAVE_UNSIGNED_LONG_LONG_INT 1
#define HAVE_VSNPRINTF 1
#define HAVE_SNPRINTF 1
#define DIR_SEP '/'
#define HAVE_READLINE_READLINE_H 1
#define HAVE_HISTEDIT_H 1
#define HAVE_READLINE_HISTORY_H 1
#define EL_INIT_ARGS 4
#define HAVE_READLINE_HISTORY 1
#define HAVE_WORKING_VFORK 1
#define HAVE_WORKING_FORK 1
#define HAVE_ALLOCA_H 1
#define HAVE_ALLOCA 1
#define HAVE_STRERROR_R 1
#define STRERROR_R_CHAR_P 1
#define HAVE_CLOCK_GETRES 1
#define HAVE_CLOCK_GETTIME 1
#define HAVE_CLOCK_SETTIME 1
#define HAVE_TIMEGM 1
#define HAVE_STRLCPY 1
#define HAVE_STRLCAT 1
#define HAVE_ERRNO_H 1
#define HAVE_SYS_SOCKET_H 1
#define HAVE_SYS_TYPES_H 1
#define HAVE_TIME_H 1
#define HAVE_NET_IF_H 1
#define HAVE_LINUX_IF_ADDR_H 1
#define NEED_EARLY_FORK 1
#define HAVE_ARPA_NAMESER_H 1
#define HAVE_SYS_PARAM_H 1
#define HAVE_SYS_TIME_H 1
#define HAVE_NETINET_IN_SYSTM_H 1
#define HAVE_NETINET_IN_H 1
#define HAVE_RESOLV_H 1
#define HAVE_NETINET_IP_H 1
#define HAVE_RECVMSG 1
#define HAVE_INLINE 1
#define SIZEOF_TIME_T 8
#define SIZEOF_SIGNED_CHAR 1
#define HAVE_LONG_LONG 1
#define SIZEOF_SHORT 2
#define SIZEOF_INT 4
#define SIZEOF_LONG 8
#define SIZEOF_LONG_LONG 8
#define NEED_S_CHAR_TYPEDEF 1
#define DEBUG 1
#define HAVE_SEMAPHORE_H 1
#define HAVE_SOCKETPAIR 1
#define HAVE_PTHREAD_H 1
#define HAVE_PTHREADS 10
#define HAVE_SCHED_H 1
#define HAVE_SCHED_YIELD 1
#define HAVE_PTHREAD_KILL 1
#define HAVE_PTHREAD_RWLOCK_DESTROY 1
#define HAVE_PTHREAD_DETACH 1
#define HAVE_PTHREAD_SETCONCURRENCY 1
#define HAVE_PTHREAD_GETCONCURRENCY 1
#define HAVE_YIELDING_SELECT 1
#define REENTRANT 1
#define _REENTRANT 1
#define THREAD_SAFE 1
#define _THREAD_SAFE 1
#define THREADSAFE 1
#define _THREADSAFE 1
#define _SGI_MP_SOURCE 1
#define LDAP_API_FEATURE_X_OPENLDAP_THREAD_SAFE 1
#define HAVE_SEM_TIMEDWAIT 1
#define SIZEOF_PTHREAD_T 8
#define ISC_PLATFORM_USETHREADS 1
#define HAVE_SIGWAIT 1
#define HAVE_PTHREAD_ATTR_GETSTACKSIZE 1
#define HAVE_PTHREAD_ATTR_SETSTACKSIZE 1
#define HAVE_SYSCONF 1
#define HAVE_LINUXTHREADS 1
#define VSNPRINTF_PERCENT_M 1
#define HAVE_SYS_CAPABILITY_H 1
#define HAVE_SYS_PRCTL_H 1
#define HAVE_LINUX_CAPABILITIES 1
#define HAVE_DROPROOT 1
#define HAVE_SYS_TYPES_H 1
#define HAVE_NETINET_IN_H 1
#define HAVE_ARPA_NAMESER_H 1
#define HAVE_NETDB_H 1
#define HAVE_RESOLV_H 1
#define HAVE___RES_INIT 1
#define HAVE_UINTPTR_T 1
#define HAVE_STRUCT_TIMESPEC 1
#define HAVE_STRUCT_NTPTIMEVAL 1
#define HAVE_MD5_H 1
#define HAVE_MD5INIT 1
#define HAVE_SYSCONF 1
#define HAVE_GETDTABLESIZE 1
#define HAVE_SIGACTION 1
#define HAVE_SIGSET 1
#define HAVE_SETTIMEOFDAY 1
#define HAVE_OPENSSL_CMAC_H 1
#define ENABLE_CMAC 1
#define OPENSSL /**/
#define OPENSSL_SUPPRESS_DEPRECATED 1
#define HAVE_EVP_MD_DO_ALL_SORTED 1
#define HAVE_RAND_BYTES 1
#define HAVE_RAND_POLL 1
#define USE_OPENSSL_CRYPTO_RAND 1
#define HAVE_DLFCN_H 1
#define LT_OBJDIR ".libs/"
#define HAVE_DIRENT_H 1
#define HAVE_SYS_MMAN_H 1
#define HAVE_SYS_PARAM_H 1
#define HAVE_SYS_POLL_H 1
#define HAVE_SYS_SELECT_H 1
#define HAVE_SYS_SOCKET_H 1
#define HAVE_SYS_TIME_H 1
#define HAVE_SYS_UN_H 1
#define HAVE_SYS_WAIT_H 1
#define HAVE_DLFCN_H 1
#define HAVE_ERRNO_H 1
#define HAVE_FCNTL_H 1
#define HAVE_LIBGEN_H 1
#define HAVE_LIBINTL_H 1
#define HAVE_MEMORY_H 1
#define HAVE_NETINET_IN_H 1
#define HAVE_SETJMP_H 1
#define HAVE_STDBOOL_H 1
#define HAVE_SYSEXITS_H 1
#define HAVE_UNISTD_H 1
#define HAVE_UTIME_H 1
#define HAVE_STDARG_H 1
#define HAVE_STRING_H 1
#define HAVE_LIMITS_H 1
#define HAVE_INTTYPES_H 1
#define HAVE_WCHAR_H 1
#define HAVE_WCHAR_T 1
#define HAVE_WINT_T 1
#define HAVE_INT8_T 1
#define HAVE_UINT8_T 1
#define HAVE_INT16_T 1
#define HAVE_UINT16_T 1
#define HAVE_INT32_T 1
#define HAVE_UINT32_T 1
#define HAVE_INTPTR_T 1
#define HAVE_UINTPTR_T 1
#define HAVE_PID_T 1
#define HAVE_SIZE_T 1
#define HAVE_PTRDIFF_T 1
#define SIZEOF_CHAR_P 8
#define SIZEOF_INT 4
#define SIZEOF_LONG 8
#define SIZEOF_SHORT 2
#define HAVE_WORKING_VFORK 1
#define HAVE_WORKING_FORK 1
#define HAVE_MMAP 1
#define HAVE_CANONICALIZE_FILE_NAME 1
#define HAVE_SNPRINTF 1
#define HAVE_STRDUP 1
#define HAVE_STRCHR 1
#define HAVE_STRRCHR 1
#define HAVE_STRSIGNAL 1
#define HAVE_FCHMOD 1
#define HAVE_FSTAT 1
#define HAVE_CHMOD 1
#define POSIX_SHELL "/usr/bin/bash"
#define REGEX_HEADER <regex.h>
#define WITH_LIBREGEX 1
#define HAVE_DEV_ZERO 1
#define HAVE_REALPATH 1
#define HAVE_STRFTIME 1
#define FOPEN_BINARY_FLAG "b"
#define FOPEN_TEXT_FLAG "t"
#define HAVE_NETDB_H 1
#define HAVE_STRING_H 1
#define HAVE_STRINGS_H 1
#define HAVE_SYSLOG_H 1
#define HAVE_SYSEXITS_H 1
#define HAVE__BOOL 1
#define HAVE_STDBOOL_H 1
#define HAVE_STRUCT_SOCKADDR_STORAGE 1
#define GETSOCKNAME_SOCKLEN_TYPE socklen_t
#define WANT_IPV6 1
#define ISC_PLATFORM_HAVEIPV6 1
#define ISC_PLATFORM_HAVEIN6PKTINFO 1
#define ISC_PLATFORM_HAVESCOPEID 1
#define MCAST 1
#define TYPEOF_IP_MULTICAST_LOOP u_int
#define HAVE_GETIFADDRS 1
#define HAVE_IF_NAMETOINDEX 1
#define ISC_PLATFORM_HAVEIFNAMETOINDEX 1
#define HAVE_NO_NICE 1
#define HAVE_TERMIOS 1
#define HAVE_SOCKET 1

configure: exit 0

## ---------------------- ##
## Running config.status. ##
## ---------------------- ##

This file was extended by sntp config.status 4.2.8p18, which was
generated by GNU Autoconf 2.72.  Invocation command line was

  CONFIG_FILES    = 
  CONFIG_HEADERS  = 
  CONFIG_LINKS    = 
  CONFIG_COMMANDS = 
  $ ./config.status 

on Crevasse

config.status:1457: creating libopts/Makefile
config.status:1457: creating Makefile
config.status:1457: creating include/Makefile
config.status:1457: creating scripts/Makefile
config.status:1457: creating tests/Makefile
config.status:1457: creating tests/fileHandlingTest.h
config.status:1457: creating unity/Makefile
config.status:1457: creating config.h
config.status:1638: config.h is unchanged
config.status:1686: executing depfiles commands
config.status:1761: cd libopts       && sed -e '/# am--include-marker/d' Makefile         | make -f - am--depfiles
make[3]: Entering directory '/home/esteban/Escritorio/hack_the_box/machines/administrator/tools/ntpdate/src/ntp-4.2.8p18/sntp/libopts'
make[3]: Nothing to be done for 'am--depfiles'.
make[3]: Leaving directory '/home/esteban/Escritorio/hack_the_box/machines/administrator/tools/ntpdate/src/ntp-4.2.8p18/sntp/libopts'
config.status:1768: $? = 0
config.status:1761: cd .       && sed -e '/# am--include-marker/d' Makefile         | make -f - am--depfiles
make[3]: Entering directory '/home/esteban/Escritorio/hack_the_box/machines/administrator/tools/ntpdate/src/ntp-4.2.8p18/sntp'
make[3]: Nothing to be done for 'am--depfiles'.
make[3]: Leaving directory '/home/esteban/Escritorio/hack_the_box/machines/administrator/tools/ntpdate/src/ntp-4.2.8p18/sntp'
config.status:1768: $? = 0
config.status:1761: cd tests       && sed -e '/# am--include-marker/d' Makefile         | make -f - am--depfiles
make[3]: Entering directory '/home/esteban/Escritorio/hack_the_box/machines/administrator/tools/ntpdate/src/ntp-4.2.8p18/sntp/tests'
make[3]: Nothing to be done for 'am--depfiles'.
make[3]: Leaving directory '/home/esteban/Escritorio/hack_the_box/machines/administrator/tools/ntpdate/src/ntp-4.2.8p18/sntp/tests'
config.status:1768: $? = 0
config.status:1761: cd unity       && sed -e '/# am--include-marker/d' Makefile         | make -f - am--depfiles
make[3]: Entering directory '/home/esteban/Escritorio/hack_the_box/machines/administrator/tools/ntpdate/src/ntp-4.2.8p18/sntp/unity'
make[3]: Nothing to be done for 'am--depfiles'.
make[3]: Leaving directory '/home/esteban/Escritorio/hack_the_box/machines/administrator/tools/ntpdate/src/ntp-4.2.8p18/sntp/unity'
config.status:1768: $? = 0
config.status:1686: executing libtool commands

## ---------------------- ##
## Running config.status. ##
## ---------------------- ##

This file was extended by sntp config.status 4.2.8p18, which was
generated by GNU Autoconf 2.72.  Invocation command line was

  CONFIG_FILES    = 
  CONFIG_HEADERS  = 
  CONFIG_LINKS    = 
  CONFIG_COMMANDS = 
  $ ./config.status config.h

on Crevasse

config.status:1457: creating config.h
config.status:1638: config.h is unchanged

## ---------------------- ##
## Running config.status. ##
## ---------------------- ##

This file was extended by sntp config.status 4.2.8p18, which was
generated by GNU Autoconf 2.72.  Invocation command line was

  CONFIG_FILES    = 
  CONFIG_HEADERS  = 
  CONFIG_LINKS    = 
  CONFIG_COMMANDS = 
  $ ./config.status --file=sntp.1+:./sntp.man.in

on Crevasse

config.status:1457: creating sntp.1+
